facility_id,facility_name,state,city,hospital_type,ownership,star_rating,conditions_measured,conditions_worse_than_expected,total_discharges,excess_readmissions,est_excess_cost,avg_excess_ratio,any_worse_than_expected,worst_condition,worst_ratio,state_cost_rank,national_ratio_percentile
020017,ALASKA REGIONAL HOSPITAL,AK,ANCHORAGE,Acute Care Hospitals,Proprietary,1.0,6,5,1155.0,12.4,188354.0,1.0864,1,Hip/knee replacement,1.1659,1,0.962
020024,CENTRAL PENINSULA GENERAL HOSPITAL,AK,SOLDOTNA,Acute Care Hospitals,Voluntary non-profit - Other,2.0,4,3,470.0,10.3,155854.0,1.0247,1,Heart failure,1.2271,2,0.74
020006,MAT-SU REGIONAL MEDICAL CENTER,AK,PALMER,Acute Care Hospitals,Voluntary non-profit - Other,3.0,5,2,848.0,1.4,21637.0,0.9733,1,Heart attack,1.0635,3,0.305
020026,ALASKA NATIVE MEDICAL CENTER,AK,ANCHORAGE,Acute Care Hospitals,Government - Federal,2.0,5,1,303.0,1.1,17465.0,0.9471,1,Heart failure,1.0516,4,0.178
020008,BARTLETT REGIONAL HOSPITAL,AK,JUNEAU,Acute Care Hospitals,Government - Local,4.0,3,2,119.0,0.4,6312.0,1.0007,1,COPD,1.0332,5,0.541
020001,PROVIDENCE ALASKA MEDICAL CENTER,AK,ANCHORAGE,Acute Care Hospitals,Voluntary non-profit - Church,3.0,6,0,1480.0,0.0,0.0,0.9266,0,Pneumonia,0.9801,6,0.127
020018,YUKON KUSKOKWIM DELTA REG HOSPITAL,AK,BETHEL,Acute Care Hospitals,Tribal,5.0,2,0,0.0,0.0,0.0,0.9465,0,Heart failure,0.9884,6,0.175
020012,FAIRBANKS MEMORIAL HOSPITAL,AK,FAIRBANKS,Acute Care Hospitals,Voluntary non-profit - Private,2.0,5,2,298.0,0.0,0.0,0.9724,1,Hip/knee replacement,1.0329,6,0.297
010033,UNIVERSITY OF ALABAMA HOSPITAL,AL,BIRMINGHAM,Acute Care Hospitals,Government - State,2.0,6,4,1803.0,25.4,386745.0,1.1516,1,Hip/knee replacement,1.3796,1,0.993
010092,DCH REGIONAL MEDICAL CENTER,AL,TUSCALOOSA,Acute Care Hospitals,Government - Hospital District or Authority,2.0,4,4,1601.0,19.2,292044.0,1.0805,1,COPD,1.1728,2,0.955
010046,RIVERVIEW REGIONAL MEDICAL CENTER,AL,GADSDEN,Acute Care Hospitals,Proprietary,3.0,5,5,696.0,13.2,201204.0,1.0669,1,Pneumonia,1.1181,3,0.928
010131,CRESTWOOD MEDICAL CENTER,AL,HUNTSVILLE,Acute Care Hospitals,Proprietary,3.0,5,3,850.0,11.2,170503.0,1.0425,1,Heart attack,1.1265,4,0.846
010113,MOBILE INFIRMARY MEDICAL CENTER,AL,MOBILE,Acute Care Hospitals,Voluntary non-profit - Private,2.0,6,3,1056.0,9.8,148819.0,1.0132,1,COPD,1.096,5,0.649
010100,THOMAS HOSPITAL,AL,FAIRHOPE,Acute Care Hospitals,Voluntary non-profit - Private,2.0,6,4,1118.0,9.5,144814.0,1.003,1,Pneumonia,1.071,6,0.562
010055,FLOWERS HOSPITAL,AL,DOTHAN,Acute Care Hospitals,Proprietary,2.0,6,4,1297.0,8.8,133786.0,1.0902,1,Hip/knee replacement,1.3851,7,0.965
010078,NORTHEAST ALABAMA REGIONAL MEDICAL CENTER,AL,ANNISTON,Acute Care Hospitals,Government - Local,1.0,5,2,1204.0,7.5,113671.0,1.0858,1,Hip/knee replacement,1.3369,8,0.961
010149,BAPTIST MEDICAL CENTER EAST,AL,MONTGOMERY,Acute Care Hospitals,Government - Hospital District or Authority,4.0,4,3,592.0,6.9,104443.0,1.0371,1,Heart failure,1.1038,9,0.816
010056,ST VINCENT'S BIRMINGHAM,AL,BIRMINGHAM,Acute Care Hospitals,Voluntary non-profit - Private,3.0,6,4,950.0,6.6,100398.0,1.056,1,Hip/knee replacement,1.1136,10,0.898
010104,GRANDVIEW MEDICAL CENTER,AL,BIRMINGHAM,Acute Care Hospitals,Proprietary,3.0,6,3,1802.0,6.2,94793.0,1.0154,1,Bypass surgery (CABG),1.1539,11,0.667
010023,BAPTIST MEDICAL CENTER SOUTH,AL,MONTGOMERY,Acute Care Hospitals,Government - Hospital District or Authority,2.0,6,5,701.0,5.7,86435.0,1.0333,1,Bypass surgery (CABG),1.0851,12,0.794
010090,"USA HEALTH HCA PROVIDENCE HOSPITAL, LLC",AL,MOBILE,Acute Care Hospitals,Voluntary non-profit - Church,3.0,6,3,615.0,5.7,86381.0,1.0155,1,Heart attack,1.1374,13,0.669
010011,ST. VINCENT'S EAST,AL,BIRMINGHAM,Acute Care Hospitals,Voluntary non-profit - Private,3.0,5,3,787.0,3.2,49164.0,1.0275,1,Bypass surgery (CABG),1.1213,14,0.761
010001,SOUTHEAST HEALTH MEDICAL CENTER,AL,DOTHAN,Acute Care Hospitals,Government - Hospital District or Authority,4.0,6,1,1692.0,3.1,46501.0,0.9784,1,Heart failure,1.0233,15,0.347
010079,ATHENS LIMESTONE HOSPITAL,AL,ATHENS,Acute Care Hospitals,Government - Hospital District or Authority,2.0,4,3,412.0,2.4,35788.0,1.0321,1,Pneumonia,1.0846,16,0.787
010164,COOSA VALLEY MEDICAL CENTER,AL,SYLACAUGA,Acute Care Hospitals,Government - Hospital District or Authority,3.0,3,2,180.0,2.2,33003.0,1.044,1,Pneumonia,1.1292,17,0.854
010144,SPRINGHILL MEDICAL CENTER,AL,MOBILE,Acute Care Hospitals,Proprietary,3.0,6,3,517.0,2.0,30703.0,1.0115,1,COPD,1.0659,18,0.634
010024,JACKSON HOSPITAL & CLINIC INC,AL,MONTGOMERY,Acute Care Hospitals,Voluntary non-profit - Private,2.0,5,3,809.0,2.0,30113.0,0.9889,1,Heart failure,1.0207,19,0.442
010012,DEKALB REGIONAL MEDICAL CENTER,AL,FORT PAYNE,Acute Care Hospitals,Proprietary,2.0,5,3,240.0,1.9,29279.0,1.0173,1,Heart failure,1.084,20,0.685
010029,THE EAST ALABAMA HEALTHCARE AUTHORITY,AL,OPELIKA,Acute Care Hospitals,Government - Hospital District or Authority,3.0,6,2,956.0,1.8,26948.0,0.9726,1,Heart attack,1.0521,21,0.3
010040,GADSDEN REGIONAL MEDICAL CENTER,AL,GADSDEN,Acute Care Hospitals,Proprietary,2.0,6,3,613.0,1.6,24982.0,1.0389,1,Bypass surgery (CABG),1.1728,22,0.826
010006,NORTH ALABAMA MEDICAL CENTER,AL,FLORENCE,Acute Care Hospitals,Proprietary,2.0,6,3,1599.0,1.6,24970.0,1.0002,1,Hip/knee replacement,1.0527,23,0.537
010035,CULLMAN REGIONAL MEDICAL CENTER,AL,CULLMAN,Acute Care Hospitals,Government - Hospital District or Authority,2.0,5,2,930.0,1.6,24637.0,0.9941,1,COPD,1.0725,24,0.49
010103,PRINCETON BAPTIST MEDICAL CENTER,AL,BIRMINGHAM,Acute Care Hospitals,Voluntary non-profit - Church,3.0,6,2,467.0,1.5,23355.0,0.9833,1,Heart attack,1.0841,25,0.389
010083,BALDWIN HEALTH,AL,FOLEY,Acute Care Hospitals,Proprietary,4.0,5,3,742.0,1.5,22532.0,1.0457,1,Hip/knee replacement,1.2704,26,0.86
010118,VAUGHAN REGIONAL MEDICAL CENTER PARKWAY CAMPUS,AL,SELMA,Acute Care Hospitals,Proprietary,2.0,3,2,95.0,1.3,19485.0,1.0058,1,Pneumonia,1.0838,27,0.589
010016,SHELBY BAPTIST MEDICAL CENTER,AL,ALABASTER,Acute Care Hospitals,Voluntary non-profit - Private,2.0,6,5,428.0,1.3,18981.0,1.0397,1,Hip/knee replacement,1.1004,28,0.831
010108,PRATTVILLE BAPTIST HOSPITAL,AL,PRATTVILLE,Acute Care Hospitals,Government - Hospital District or Authority,3.0,3,1,404.0,1.2,18097.0,1.0055,1,Heart failure,1.0447,29,0.584
010036,ANDALUSIA HEALTH,AL,ANDALUSIA,Acute Care Hospitals,Proprietary,2.0,4,2,271.0,1.2,17952.0,1.0271,1,Hip/knee replacement,1.1547,30,0.756
010130,ST VINCENT'S ST CLAIR,AL,PELL CITY,Acute Care Hospitals,Voluntary non-profit - Private,3.0,3,2,174.0,1.2,17684.0,1.0215,1,Heart failure,1.0602,31,0.717
010019,HELEN KELLER HOSPITAL,AL,SHEFFIELD,Acute Care Hospitals,Government - Hospital District or Authority,2.0,4,3,659.0,1.1,17269.0,1.0403,1,Hip/knee replacement,1.2168,32,0.835
010089,WALKER BAPTIST MEDICAL CENTER,AL,JASPER,Acute Care Hospitals,Proprietary,3.0,3,2,403.0,1.0,15410.0,1.0047,1,COPD,1.0294,33,0.575
010101,CITIZENS BAPTIST MEDICAL CENTER,AL,TALLADEGA,Acute Care Hospitals,Voluntary non-profit - Private,1.0,2,1,50.0,1.0,14960.0,1.0499,1,Pneumonia,1.1161,34,0.876
010007,MIZELL MEMORIAL HOSPITAL,AL,OPP,Acute Care Hospitals,Voluntary non-profit - Private,1.0,3,3,123.0,0.9,13773.0,1.0399,1,Heart failure,1.062,35,0.833
010112,WHITFIELD REGIONAL HOSPITAL,AL,DEMOPOLIS,Acute Care Hospitals,Government - Hospital District or Authority,2.0,2,1,51.0,0.4,5580.0,0.9882,1,Heart failure,1.0366,36,0.438
010158,RUSSELLVILLE HOSPITAL,AL,RUSSELLVILLE,Acute Care Hospitals,Proprietary,4.0,3,2,92.0,0.4,5431.0,1.0995,1,Hip/knee replacement,1.2754,37,0.974
010005,MARSHALL MEDICAL CENTERS,AL,BOAZ,Acute Care Hospitals,Government - Hospital District or Authority,3.0,4,1,588.0,0.3,4517.0,0.9181,1,Heart failure,1.0087,38,0.113
010148,EVERGREEN MEDICAL CENTER,AL,EVERGREEN,Acute Care Hospitals,Proprietary,3.0,3,1,80.0,0.2,3286.0,0.9928,1,Pneumonia,1.0231,39,0.476
010087,USA HEALTH UNIVERSITY HOSPITAL,AL,MOBILE,Acute Care Hospitals,Government - State,2.0,3,1,55.0,0.2,2861.0,0.9916,1,Heart failure,1.0179,40,0.464
010049,MEDICAL CENTER ENTERPRISE,AL,ENTERPRISE,Acute Care Hospitals,Proprietary,4.0,4,1,309.0,0.2,2817.0,0.9475,1,COPD,1.0197,41,0.181
010139,BAPTIST HEALTH BROOKWOOD HOSPITAL,AL,BIRMINGHAM,Acute Care Hospitals,Proprietary,3.0,5,1,310.0,0.1,929.0,0.9577,1,Heart failure,1.0023,42,0.218
010018,CALLAHAN EYE HOSPITAL,AL,,,,,0,0,0.0,0.0,0.0,,0,,,43,0.0
010034,COMMUNITY HOSPITAL INC,AL,TALLASSEE,Acute Care Hospitals,Voluntary non-profit - Private,,0,0,0.0,0.0,0.0,,0,,,43,0.0
010051,GREENE COUNTY HOSPITAL,AL,EUTAW,Acute Care Hospitals,Voluntary non-profit - Other,,0,0,0.0,0.0,0.0,,0,,,43,0.0
010062,WIREGRASS MEDICAL CENTER,AL,GENEVA,Acute Care Hospitals,Government - Hospital District or Authority,,0,0,0.0,0.0,0.0,,0,,,43,0.0
010091,GROVE HILL MEMORIAL HOSPITAL,AL,GROVE HILL,Acute Care Hospitals,Government - Hospital District or Authority,,0,0,0.0,0.0,0.0,,0,,,43,0.0
010095,HALE COUNTY HOSPITAL,AL,GREENSBORO,Acute Care Hospitals,Government - Hospital District or Authority,,0,0,0.0,0.0,0.0,,0,,,43,0.0
010110,BULLOCK COUNTY HOSPITAL,AL,UNION SPRINGS,Acute Care Hospitals,Proprietary,,0,0,0.0,0.0,0.0,,0,,,43,0.0
010138,HILL HOSPITAL OF SUMTER COUNTY,AL,YORK,Acute Care Hospitals,Government - Hospital District or Authority,,0,0,0.0,0.0,0.0,,0,,,43,0.0
010150,THE HEALTH CARE AUTHORITY OF THE CITY OF GREENVILLE- LV STABLER HOSPITAL,AL,GREENVILLE,Acute Care Hospitals,Proprietary,,0,0,0.0,0.0,0.0,,0,,,43,0.0
010157,NORTH ALABAMA SHOALS HOSPITAL,AL,MUSCLE SHOALS,Acute Care Hospitals,Proprietary,,0,0,0.0,0.0,0.0,,0,,,43,0.0
010058,BIBB MEDICAL CENTER,AL,CENTREVILLE,Acute Care Hospitals,Government - Hospital District or Authority,,1,0,0.0,0.0,0.0,0.936,0,Pneumonia,0.936,43,0.145
010086,NORTH MISSISSIPPI HEALTH SERVICES - SOUTH MARION,AL,WINFIELD,Acute Care Hospitals,Proprietary,4.0,3,1,0.0,0.0,0.0,0.948,1,Heart failure,1.0125,43,0.182
010039,HUNTSVILLE HOSPITAL,AL,HUNTSVILLE,Acute Care Hospitals,Government - Hospital District or Authority,3.0,6,1,3786.0,0.0,0.0,0.9487,1,Hip/knee replacement,1.0436,43,0.185
010065,RUSSELL MEDICAL CENTER,AL,ALEXANDER CITY,Acute Care Hospitals,Voluntary non-profit - Private,3.0,5,2,71.0,0.0,0.0,0.9511,1,COPD,1.0214,43,0.195
010173,ST VINCENT'S CHILTON,AL,CLANTON,Acute Care Hospitals,Voluntary non-profit - Church,,1,0,0.0,0.0,0.0,0.9608,0,Pneumonia,0.9608,43,0.231
010114,"MEDICAL WEST, AN AFFILIATE OF UAB HEALTH SYSTEM",AL,BESSEMER,Acute Care Hospitals,Government - Hospital District or Authority,3.0,3,0,261.0,0.0,0.0,0.9633,0,Heart failure,0.992,43,0.244
010085,DECATUR MORGAN HOSPITAL - DECATUR CAMPUS,AL,DECATUR,Acute Care Hospitals,Government - Hospital District or Authority,3.0,5,0,916.0,0.0,0.0,0.9653,0,COPD,0.9852,43,0.256
010128,JACKSON MEDICAL CENTER,AL,JACKSON,Acute Care Hospitals,Proprietary,,1,0,0.0,0.0,0.0,0.9666,0,COPD,0.9666,43,0.264
010022,FLOYD CHEROKEE MEDICAL CENTER,AL,CENTRE,Acute Care Hospitals,Proprietary,,1,0,0.0,0.0,0.0,0.9738,0,Pneumonia,0.9738,43,0.309
010044,MARION REGIONAL MEDICAL CENTER,AL,HAMILTON,Acute Care Hospitals,Voluntary non-profit - Private,3.0,2,1,0.0,0.0,0.0,0.9739,1,Pneumonia,1.0028,43,0.31
010061,HIGHLANDS MEDICAL CENTER,AL,SCOTTSBORO,Acute Care Hospitals,Government - Hospital District or Authority,3.0,3,1,124.0,0.0,0.0,0.9748,1,COPD,1.0124,43,0.316
010073,CLAY COUNTY HOSPITAL,AL,ASHLAND,Acute Care Hospitals,Government - Hospital District or Authority,,1,0,0.0,0.0,0.0,0.9776,0,Pneumonia,0.9776,43,0.339
010125,LAKELAND COMMUNITY HOSPITAL,AL,HALEYVILLE,Acute Care Hospitals,Proprietary,3.0,3,1,284.0,0.0,0.0,0.986,1,Heart failure,1.0081,43,0.42
010099,D W MCMILLAN MEMORIAL HOSPITAL,AL,BREWTON,Acute Care Hospitals,Government - Hospital District or Authority,1.0,2,1,0.0,0.0,0.0,0.998,1,Heart failure,1.0201,43,0.524
010008,CRENSHAW COMMUNITY HOSPITAL,AL,,,,,1,1,0.0,0.0,0.0,1.0017,1,Pneumonia,1.0017,43,0.552
010021,DALE MEDICAL CENTER,AL,OZARK,Acute Care Hospitals,Government - Hospital District or Authority,,1,1,0.0,0.0,0.0,1.002,1,Pneumonia,1.002,43,0.554
010045,FAYETTE MEDICAL CENTER,AL,FAYETTE,Acute Care Hospitals,Voluntary non-profit - Other,4.0,3,2,0.0,0.0,0.0,1.0033,1,COPD,1.0117,43,0.564
010059,LAWRENCE MEDICAL CENTER,AL,,,,,1,1,0.0,0.0,0.0,1.0061,1,Pneumonia,1.0061,43,0.592
010129,NORTH BALDWIN INFIRMARY,AL,BAY MINETTE,Acute Care Hospitals,Voluntary non-profit - Private,3.0,2,1,0.0,0.0,0.0,1.008,1,Pneumonia,1.0317,43,0.606
010097,ELMORE COMMUNITY HOSPITAL,AL,WETUMPKA,Acute Care Hospitals,Proprietary,,1,1,0.0,0.0,0.0,1.0135,1,Pneumonia,1.0135,43,0.652
010126,TROY REGIONAL MEDICAL CENTER,AL,TROY,Acute Care Hospitals,Government - Federal,4.0,2,1,0.0,0.0,0.0,1.0155,1,Heart failure,1.0398,43,0.669
010052,LAKE MARTIN COMMUNITY HOSPITAL,AL,DADEVILLE,Acute Care Hospitals,Proprietary,,1,1,0.0,0.0,0.0,1.0169,1,Pneumonia,1.0169,43,0.681
010168,JACK HUGHSTON MEMORIAL HOSPITAL,AL,PHENIX CITY,Acute Care Hospitals,Government - State,4.0,1,1,0.0,0.0,0.0,1.0187,1,Hip/knee replacement,1.0187,43,0.696
010120,MONROE COUNTY HOSPITAL,AL,,,,,2,2,0.0,0.0,0.0,1.0272,1,Pneumonia,1.0336,43,0.757
010169,ATMORE COMMUNITY HOSPITAL,AL,ATMORE,Acute Care Hospitals,Government - Hospital District or Authority,3.0,1,1,0.0,0.0,0.0,1.038,1,Heart failure,1.038,43,0.821
040055,BAPTIST HEALTH - FORT SMITH,AR,FORT SMITH,Acute Care Hospitals,Voluntary non-profit - Private,2.0,5,4,1742.0,18.2,277041.0,1.0315,1,Heart failure,1.1182,1,0.784
040118,"BAPTIST MEMORIAL HOSPITAL JONESBORO, INC.",AR,JONESBORO,Acute Care Hospitals,Voluntary non-profit - Private,3.0,5,5,1660.0,17.5,266513.0,1.0476,1,Heart failure,1.1125,2,0.866
040020,ST BERNARDS MEDICAL CENTER,AR,JONESBORO,Acute Care Hospitals,Voluntary non-profit - Private,1.0,5,4,1591.0,16.0,243845.0,1.077,1,Bypass surgery (CABG),1.2153,3,0.95
040014,WHITE COUNTY MEDICAL CENTER,AR,SEARCY,Acute Care Hospitals,Voluntary non-profit - Private,2.0,5,3,1244.0,14.7,223626.0,1.0172,1,Pneumonia,1.1147,4,0.684
040026,CHI ST. VINCENT HOSPITAL HOT SPRINGS,AR,HOT SPRINGS,Acute Care Hospitals,Voluntary non-profit - Private,3.0,6,4,1531.0,12.4,188379.0,1.0262,1,COPD,1.0836,5,0.75
040027,BAXTER HEALTH,AR,MOUNTAIN HOME,Acute Care Hospitals,Voluntary non-profit - Private,2.0,6,6,1613.0,12.0,181886.0,1.0998,1,Bypass surgery (CABG),1.2015,6,0.974
040134,"ARKANSAS HEART HOSPITAL, LLC",AR,LITTLE ROCK,Acute Care Hospitals,Proprietary,3.0,5,2,1618.0,10.6,161835.0,1.0296,1,Pneumonia,1.1337,7,0.773
040114,BAPTIST HEALTH MEDICAL CENTER-LITTLE ROCK,AR,LITTLE ROCK,Acute Care Hospitals,Voluntary non-profit - Private,3.0,6,4,2048.0,10.6,161452.0,1.0051,1,Hip/knee replacement,1.089,8,0.581
040036,BAPTIST HEALTH MEDICAL CENTER NORTH LITTLE ROCK,AR,NORTH LITTLE ROCK,Acute Care Hospitals,Voluntary non-profit - Private,1.0,6,3,1703.0,8.4,127921.0,1.0494,1,Hip/knee replacement,1.2842,9,0.874
040062,MERCY HOSPITAL FORT SMITH,AR,FORT SMITH,Acute Care Hospitals,Voluntary non-profit - Private,3.0,6,4,1612.0,5.2,79031.0,0.9695,1,COPD,1.061,10,0.281
040010,MERCY HOSPITAL NORTHWEST ARKANSAS,AR,ROGERS,Acute Care Hospitals,Voluntary non-profit - Private,5.0,5,2,1210.0,3.6,54517.0,0.989,1,Pneumonia,1.0527,11,0.443
040051,BAPTIST HEALTH MEDICAL CENTER-DREW COUNTY,AR,MONTICELLO,Acute Care Hospitals,Voluntary non-profit - Private,2.0,3,2,460.0,3.5,53129.0,1.0428,1,Heart failure,1.1109,12,0.848
040161,ARKANSAS HEART HOSPITAL-ENCORE,AR,BRYANT,Acute Care Hospitals,Proprietary,2.0,4,3,276.0,3.2,48448.0,1.0431,1,Heart failure,1.0909,13,0.849
040078,NATIONAL PARK MEDICAL CENTER,AR,HOT SPRINGS,Acute Care Hospitals,Proprietary,2.0,6,2,629.0,3.0,45899.0,0.9957,1,Heart attack,1.1365,14,0.505
040007,CHI-ST VINCENT INFIRMARY,AR,LITTLE ROCK,Acute Care Hospitals,Voluntary non-profit - Private,3.0,5,2,1223.0,2.7,40819.0,0.9591,1,Heart failure,1.0205,15,0.225
040154,BAPTIST HEALTH MEDICAL CENTER- CONWAY,AR,CONWAY,Acute Care Hospitals,Voluntary non-profit - Private,2.0,4,4,675.0,2.5,37786.0,1.022,1,COPD,1.0355,16,0.722
040071,JEFFERSON REGIONAL MEDICAL CENTER,AR,PINE BLUFF,Acute Care Hospitals,Voluntary non-profit - Private,1.0,5,1,812.0,2.1,32638.0,0.9715,1,Pneumonia,1.0637,17,0.291
040119,WHITE RIVER MEDICAL CENTER,AR,BATESVILLE,Acute Care Hospitals,Voluntary non-profit - Private,3.0,5,2,1003.0,2.0,29927.0,0.9471,1,Heart attack,1.0395,18,0.178
040084,SALINE MEMORIAL HOSPITAL,AR,BENTON,Acute Care Hospitals,Proprietary,3.0,5,2,317.0,1.7,25487.0,1.0015,1,Pneumonia,1.0638,19,0.55
040029,"CONWAY REGIONAL MEDICAL CENTER, INC",AR,CONWAY,Acute Care Hospitals,Voluntary non-profit - Private,2.0,4,2,962.0,1.2,17825.0,1.0053,1,Heart attack,1.0579,20,0.582
040002,JOHNSON REGIONAL MEDICAL CENTER,AR,CLARKSVILLE,Acute Care Hospitals,Voluntary non-profit - Private,4.0,3,2,103.0,1.0,15551.0,1.0165,1,Pneumonia,1.0783,21,0.679
040069,GREAT RIVER MEDICAL CENTER,AR,BLYTHEVILLE,Acute Care Hospitals,Government - Local,2.0,2,1,64.0,0.8,12568.0,1.0167,1,Pneumonia,1.0847,22,0.68
040017,NORTH ARKANSAS REGIONAL MEDICAL CENTER,AR,HARRISON,Acute Care Hospitals,Voluntary non-profit - Private,2.0,4,2,217.0,0.6,8737.0,0.9938,1,Hip/knee replacement,1.0261,23,0.488
040050,OUACHITA COUNTY MEDICAL CENTER,AR,CAMDEN,Acute Care Hospitals,Voluntary non-profit - Private,2.0,2,2,78.0,0.5,7296.0,1.0248,1,Pneumonia,1.045,24,0.741
040016,University of Arkansas Medical Sciences,AR,LITTLE ROCK,Acute Care Hospitals,Government - State,2.0,4,1,694.0,0.4,5995.0,0.9974,1,Heart attack,1.0489,25,0.518
040011,CHAMBERS MEMORIAL HOSPITAL,AR,DANVILLE,Acute Care Hospitals,Voluntary non-profit - Private,4.0,3,2,228.0,0.1,2055.0,0.994,1,COPD,1.0203,26,0.49
040137,ST VINCENT MEDICAL CENTER/NORTH,AR,SHERWOOD,Acute Care Hospitals,Voluntary non-profit - Church,4.0,2,1,78.0,0.1,1969.0,0.9693,1,Pneumonia,1.0116,27,0.279
040001,SILOAM SPRINGS REGIONAL HOSPITAL,AR,SILOAM SPRINGS,Acute Care Hospitals,Proprietary,3.0,2,2,78.0,0.1,1886.0,1.0082,1,Pneumonia,1.0123,28,0.607
040018,BAPTIST HEALTH - VAN BUREN,AR,VAN BUREN,Acute Care Hospitals,Voluntary non-profit - Private,,0,0,0.0,0.0,0.0,,0,,,29,0.0
040132,LEVI HOSPITAL,AR,HOT SPRINGS,Acute Care Hospitals,Voluntary non-profit - Private,,0,0,0.0,0.0,0.0,,0,,,29,0.0
040164,UNITY HEALTH - JACKSONVILLE,AR,JACKSONVILLE,Acute Care Hospitals,Voluntary non-profit - Private,,0,0,0.0,0.0,0.0,,0,,,29,0.0
040147,ARKANSAS SURGICAL HOSPITAL,AR,NO LITTLE ROCK,Acute Care Hospitals,Physician,,1,0,1380.0,0.0,0.0,0.7189,0,Hip/knee replacement,0.7189,29,0.077
040004,WASHINGTON REGIONAL MEDICAL CENTER,AR,FAYETTEVILLE,Acute Care Hospitals,Voluntary non-profit - Private,4.0,6,1,1586.0,0.0,0.0,0.908,1,Hip/knee replacement,1.0093,29,0.104
040022,NORTHWEST MEDICAL CENTER-SPRINGDALE,AR,SPRINGDALE,Acute Care Hospitals,Proprietary,3.0,4,0,900.0,0.0,0.0,0.946,0,COPD,0.9898,29,0.173
040041,ST MARYS REGIONAL MEDICAL CENTER,AR,RUSSELLVILLE,Acute Care Hospitals,Proprietary,4.0,5,1,399.0,0.0,0.0,0.949,1,Heart attack,1.0486,29,0.186
040153,SOUTHWEST REGIONAL MEDICAL CENTER LLC,AR,HOPE,Acute Care Hospitals,Proprietary,,1,0,0.0,0.0,0.0,0.9548,0,Pneumonia,0.9548,29,0.206
040088,SOUTH ARKANSAS REGIONAL HOSPITAL LLC,AR,EL DORADO,Acute Care Hospitals,Proprietary,3.0,4,1,320.0,0.0,0.0,0.9642,1,Heart attack,1.0056,29,0.251
040067,MAGNOLIA REGIONAL MEDICAL HOSPITAL,AR,,,,,2,1,0.0,0.0,0.0,0.9791,1,Pneumonia,1.0149,29,0.353
040039,ARKANSAS METHODIST MEDICAL CENTER,AR,PARAGOULD,Acute Care Hospitals,Voluntary non-profit - Private,2.0,4,0,233.0,0.0,0.0,0.9795,0,Heart failure,0.9903,29,0.356
040156,"BAPTIST MEMORIAL HOSPITAL-CRITTENDEN, INC",AR,WEST MEMPHIS,Acute Care Hospitals,Voluntary non-profit - Private,,2,1,0.0,0.0,0.0,0.9872,1,Heart failure,1.0037,29,0.43
040072,BAPTIST HEALTH MEDICAL CENTER-STUTTGART,AR,STUTTGART,Acute Care Hospitals,Voluntary non-profit - Private,3.0,2,1,0.0,0.0,0.0,1.0025,1,Heart failure,1.0391,29,0.558
040076,BAPTIST HEALTH MEDICAL CENTER-HOT SPRINGS COUNTY,AR,MALVERN,Acute Care Hospitals,Voluntary non-profit - Private,,1,1,0.0,0.0,0.0,1.0027,1,Pneumonia,1.0027,29,0.559
040019,FORREST CITY MEDICAL CENTER,AR,FORREST CITY,Acute Care Hospitals,Proprietary,,1,1,0.0,0.0,0.0,1.0071,1,Pneumonia,1.0071,29,0.6
030006,TUCSON MEDICAL CENTER,AZ,TUCSON,Acute Care Hospitals,Voluntary non-profit - Private,2.0,6,3,1915.0,26.5,402653.0,1.0797,1,Heart attack,1.2525,1,0.954
030061,BANNER BOSWELL MEDICAL CENTER,AZ,SUN CITY,Acute Care Hospitals,Voluntary non-profit - Other,3.0,6,4,2315.0,18.0,273903.0,1.017,1,Heart attack,1.0917,2,0.682
030093,BANNER DEL E. WEBB MEDICAL CENTER,AZ,SUN CITY WEST,Acute Care Hospitals,Voluntary non-profit - Private,3.0,5,2,2294.0,15.7,238762.0,0.9878,1,Pneumonia,1.0877,3,0.435
030087,HONORHEALTH SCOTTSDALE SHEA MEDICAL CENTER,AZ,SCOTTSDALE,Acute Care Hospitals,Proprietary,3.0,6,6,1987.0,14.7,223822.0,1.0641,1,Bypass surgery (CABG),1.1982,4,0.923
030065,BANNER DESERT MEDICAL CENTER,AZ,MESA,Acute Care Hospitals,Voluntary non-profit - Private,2.0,5,4,1289.0,13.7,208046.0,1.0329,1,Pneumonia,1.1307,5,0.792
030013,YUMA REGIONAL MEDICAL CENTER,AZ,YUMA,Acute Care Hospitals,Voluntary non-profit - Private,2.0,6,2,1546.0,12.2,185079.0,0.9808,1,Heart failure,1.1265,6,0.368
030012,YAVAPAI REGIONAL MEDICAL CENTER,AZ,PRESCOTT,Acute Care Hospitals,Voluntary non-profit - Private,2.0,6,3,1918.0,10.5,159162.0,0.982,1,Bypass surgery (CABG),1.0627,7,0.379
030119,MERCY GILBERT MEDICAL CENTER,AZ,GILBERT,Acute Care Hospitals,Voluntary non-profit - Church,5.0,5,2,1259.0,7.7,116264.0,1.0192,1,Heart failure,1.0685,8,0.699
030038,HONORHEALTH SCOTTSDALE OSBORN MEDICAL CENTER,AZ,SCOTTSDALE,Acute Care Hospitals,Proprietary,3.0,5,3,1067.0,6.5,98850.0,0.9905,1,Heart failure,1.06,9,0.454
030016,BANNER CASA GRANDE MEDICAL CENTER,AZ,CASA GRANDE,Acute Care Hospitals,Voluntary non-profit - Other,2.0,4,3,526.0,6.2,93834.0,1.038,1,Pneumonia,1.0745,10,0.821
030002,BANNER - UNIVERSITY MEDICAL CENTER PHOENIX,AZ,PHOENIX,Acute Care Hospitals,Voluntary non-profit - Other,3.0,5,2,529.0,5.3,81386.0,0.9655,1,Heart failure,1.0702,11,0.257
030036,CHANDLER REGIONAL MEDICAL CENTER,AZ,CHANDLER,Acute Care Hospitals,Voluntary non-profit - Private,4.0,5,2,2133.0,4.9,74264.0,0.9792,1,Heart attack,1.0949,12,0.354
030147,BANNER OCOTILLO MEDICAL CENTER,AZ,CHANDLER,Acute Care Hospitals,Voluntary non-profit - Private,3.0,2,2,310.0,4.7,71576.0,1.0914,1,Pneumonia,1.138,13,0.968
030123,HONORHEALTH SCOTTSDALE THOMPSON PEAK MED CTR,AZ,SCOTTSDALE,Acute Care Hospitals,Voluntary non-profit - Private,5.0,5,3,1156.0,4.3,66158.0,1.0394,1,Hip/knee replacement,1.1533,14,0.829
030092,HONORHEALTH DEER VALLEY MEDICAL CENTER,AZ,PHOENIX,Acute Care Hospitals,Voluntary non-profit - Private,3.0,6,5,981.0,4.3,64596.0,1.0729,1,Hip/knee replacement,1.2114,15,0.943
030146,HONORHEALTH SONORAN CROSSING MEDICAL CENTER,AZ,PHOENIX,Acute Care Hospitals,Voluntary non-profit - Private,4.0,4,3,252.0,3.3,50406.0,1.0575,1,Heart failure,1.1137,16,0.905
030043,CANYON VISTA MEDICAL CENTER,AZ,SIERRA VISTA,Acute Care Hospitals,Voluntary non-profit - Other,2.0,5,4,661.0,3.2,48971.0,1.0191,1,Heart attack,1.0669,17,0.698
030014,HONOR HEALTH JOHN C. LINCOLN MEDICAL CENTER,AZ,PHOENIX,Acute Care Hospitals,Voluntary non-profit - Private,3.0,5,2,661.0,2.9,44151.0,0.9896,1,Heart failure,1.0705,18,0.448
030103,MAYO CLINIC HOSPITAL,AZ,PHOENIX,Acute Care Hospitals,Voluntary non-profit - Private,5.0,6,3,2717.0,2.8,42021.0,1.0025,1,Hip/knee replacement,1.152,19,0.558
030112,ARIZONA ORTHOPEDIC AND SURGICAL SPECIALTY HOSPITAL,AZ,PHOENIX,Acute Care Hospitals,Proprietary,,1,1,261.0,2.8,41894.0,1.2591,1,Hip/knee replacement,1.2591,20,0.999
030094,ABRAZO ARROWHEAD HOSPITAL,AZ,GLENDALE,Acute Care Hospitals,Proprietary,2.0,6,4,1294.0,2.5,38235.0,1.0007,1,Heart attack,1.028,21,0.541
030115,BANNER ESTRELLA MEDICAL CENTER,AZ,PHOENIX,Acute Care Hospitals,Voluntary non-profit - Private,3.0,5,4,679.0,2.2,33090.0,1.004,1,Heart failure,1.0283,22,0.569
030110,ABRAZO WEST CAMPUS,AZ,GOODYEAR,Acute Care Hospitals,Proprietary,2.0,4,2,659.0,2.0,29825.0,0.9947,1,Pneumonia,1.0396,23,0.497
030105,BANNER HEART HOSPITAL,AZ,MESA,Acute Care Hospitals,Voluntary non-profit - Private,2.0,4,1,1042.0,1.9,28455.0,0.9912,1,Bypass surgery (CABG),1.1004,24,0.46
030023,FLAGSTAFF MEDICAL CENTER,AZ,FLAGSTAFF,Acute Care Hospitals,Voluntary non-profit - Private,4.0,6,2,724.0,1.8,26937.0,0.9831,1,Bypass surgery (CABG),1.0499,25,0.388
030069,HAVASU REGIONAL MEDICAL CENTER,AZ,LAKE HAVASU CITY,Acute Care Hospitals,Proprietary,3.0,6,3,868.0,1.6,24080.0,0.9865,1,Bypass surgery (CABG),1.037,26,0.424
030089,BANNER THUNDERBIRD MEDICAL CENTER,AZ,GLENDALE,Acute Care Hospitals,Government - Hospital District or Authority,4.0,5,3,1239.0,1.4,20507.0,0.9831,1,COPD,1.0189,27,0.388
030055,KINGMAN REGIONAL MEDICAL CENTER,AZ,KINGMAN,Acute Care Hospitals,Government - Hospital District or Authority,3.0,4,2,626.0,1.1,16993.0,0.9757,1,Pneumonia,1.0141,28,0.324
030130,BANNER IRONWOOD MEDICAL CENTER,AZ,QUEEN CREEK,Acute Care Hospitals,Voluntary non-profit - Private,3.0,3,2,375.0,0.9,14113.0,1.0162,1,COPD,1.0849,29,0.676
030148,NORTHWEST MEDICAL CENTER SAHUARITA,AZ,SAHUARITA,Acute Care Hospitals,Voluntary non-profit - Private,3.0,4,3,416.0,0.9,13012.0,1.0223,1,Heart attack,1.087,30,0.724
030085,NORTHWEST MEDICAL CENTER,AZ,TUCSON,Acute Care Hospitals,Proprietary,2.0,6,2,1294.0,0.8,12257.0,0.9752,1,Bypass surgery (CABG),1.0329,31,0.32
030101,WESTERN ARIZONA REGIONAL MEDICAL CENTER,AZ,BULLHEAD CITY,Acute Care Hospitals,Proprietary,2.0,5,1,623.0,0.8,11532.0,0.9796,1,COPD,1.0444,32,0.357
030024,ST JOSEPHS HOSPITAL AND MEDICAL CENTER,AZ,PHOENIX,Acute Care Hospitals,Voluntary non-profit - Church,4.0,5,3,722.0,0.7,11215.0,1.0084,1,Bypass surgery (CABG),1.0649,33,0.609
030011,ST JOSEPH'S HOSPITAL,AZ,TUCSON,Acute Care Hospitals,Voluntary non-profit - Other,3.0,5,2,486.0,0.7,11201.0,0.9933,1,Heart attack,1.0497,34,0.483
030010,ST. MARY'S HOSPITAL,AZ,TUCSON,Acute Care Hospitals,Voluntary non-profit - Private,2.0,5,2,548.0,0.6,8499.0,1.0077,1,COPD,1.0287,35,0.604
030007,VERDE VALLEY MEDICAL CENTER,AZ,COTTONWOOD,Acute Care Hospitals,Voluntary non-profit - Private,4.0,4,1,492.0,0.5,7536.0,0.9275,1,Heart attack,1.0567,36,0.129
030084,CHINLE COMPREHENSIVE HEALTH CARE FACILITY,AZ,CHINLE,Acute Care Hospitals,Government - Federal,,2,2,82.0,0.5,6901.0,1.044,1,Pneumonia,1.0551,37,0.854
030022,VALLEYWISE HEALTH MEDICAL CENTER,AZ,PHOENIX,Acute Care Hospitals,Government - Local,1.0,2,2,38.0,0.5,6843.0,1.0407,1,Heart failure,1.0638,38,0.838
030030,ABRAZO CENTRAL CAMPUS,AZ,PHOENIX,Acute Care Hospitals,Physician,2.0,2,1,74.0,0.3,3904.0,0.9951,1,Pneumonia,1.0229,39,0.503
030083,ABRAZO SCOTTSDALE CAMPUS,AZ,PHOENIX,Acute Care Hospitals,Proprietary,3.0,4,1,226.0,0.0,25.0,0.9527,1,Heart failure,1.0001,40,0.198
030037,HONORHEALTH TEMPE MEDICAL CENTER,AZ,PHOENIX,Acute Care Hospitals,Proprietary,,0,0,0.0,0.0,0.0,,0,,,41,0.0
030074,SELLS HOSPITAL,AZ,SELLS,Acute Care Hospitals,Tribal,,0,0,0.0,0.0,0.0,,0,,,41,0.0
030078,PHOENIX INDIAN MEDICAL CENTER,AZ,PHOENIX,Acute Care Hospitals,Government - Federal,,0,0,0.0,0.0,0.0,,0,,,41,0.0
030138,CITY OF HOPE CANCER CENTER PHOENIX,AZ,GOODYEAR,Acute Care Hospitals,Proprietary,4.0,0,0,0.0,0.0,0.0,,0,,,41,0.0
030152,EXCEPTIONAL COMMUNITY HOSPITAL - MARICOPA,AZ,MARICOPA,Acute Care Hospitals,Proprietary,,0,0,0.0,0.0,0.0,,0,,,41,0.0
030153,EAST VALLEY ER & HOSPITAL,AZ,GILBERT,Acute Care Hospitals,Proprietary,,0,0,0.0,0.0,0.0,,0,,,41,0.0
030155,EXCEPTIONAL COMMUNITY HOSPITAL BULLHEAD CITY,AZ,BULLHEAD CITY,Acute Care Hospitals,Proprietary,,0,0,0.0,0.0,0.0,,0,,,41,0.0
030107,ARIZONA SPINE AND JOINT HOSPITAL,AZ,MESA,Acute Care Hospitals,Physician,,1,0,705.0,0.0,0.0,0.7975,0,Hip/knee replacement,0.7975,41,0.08
030114,ORO VALLEY HOSPITAL,AZ,ORO VALLEY,Acute Care Hospitals,Proprietary,3.0,5,1,664.0,0.0,0.0,0.9421,1,Heart attack,1.0231,41,0.161
030073,TUBA CITY REGIONAL HEALTH CARE CORPORATION,AZ,TUBA CITY,Acute Care Hospitals,Voluntary non-profit - Other,,1,0,0.0,0.0,0.0,0.945,0,Pneumonia,0.945,41,0.171
030064,BANNER - UNIVERSITY MEDICAL CENTER TUCSON CAMPUS,AZ,TUCSON,Acute Care Hospitals,Voluntary non-profit - Private,3.0,5,0,656.0,0.0,0.0,0.9542,0,Heart attack,0.9832,41,0.203
030088,BANNER BAYWOOD MEDICAL CENTER,AZ,MESA,Acute Care Hospitals,Voluntary non-profit - Private,2.0,4,1,1334.0,0.0,0.0,0.9636,1,Hip/knee replacement,1.039,41,0.246
030113,WHITERIVER PHS INDIAN HOSPITAL,AZ,WHITERIVER,Acute Care Hospitals,Government - Federal,,1,0,0.0,0.0,0.0,0.969,0,Pneumonia,0.969,41,0.278
030136,DIGNITY HEALTH - ARIZONA GENERAL HOSPITAL,AZ,LAVEEN,Acute Care Hospitals,Proprietary,,1,0,0.0,0.0,0.0,0.9795,0,Pneumonia,0.9795,41,0.356
030139,DIGNITY HEALTH ARIZONA GENERAL HOSPITAL,AZ,MESA,Acute Care Hospitals,Voluntary non-profit - Private,5.0,3,1,139.0,0.0,0.0,0.9813,1,COPD,1.0056,41,0.373
030117,VALLEY VIEW MEDICAL CENTER,AZ,FORT MOHAVE,Acute Care Hospitals,Proprietary,2.0,3,1,0.0,0.0,0.0,0.9815,1,COPD,1.0003,41,0.374
030121,HONORHEALTH FOUR PEAKS MEDICAL CENTER,AZ,MESA,Acute Care Hospitals,Proprietary,2.0,5,1,322.0,0.0,0.0,0.9875,1,Hip/knee replacement,1.1183,41,0.433
030062,SUMMIT HEALTHCARE REGIONAL MEDICAL CENTER,AZ,SHOW LOW,Acute Care Hospitals,Voluntary non-profit - Private,4.0,5,2,419.0,0.0,0.0,0.9893,1,Hip/knee replacement,1.0294,41,0.445
030154,EXCEPTIONAL COMMUNITY HOSPITAL YUMA,AZ,YUMA,Acute Care Hospitals,Proprietary,,1,0,0.0,0.0,0.0,0.99,0,Pneumonia,0.99,41,0.451
030134,BANNER GOLDFIELD MEDICAL CENTER,AZ,APACHE JUNCTION,Acute Care Hospitals,Voluntary non-profit - Other,5.0,2,1,100.0,0.0,0.0,0.9948,1,Heart failure,1.0135,41,0.499
030122,BANNER GATEWAY MEDICAL CENTER,AZ,GILBERT,Acute Care Hospitals,Voluntary non-profit - Other,3.0,3,1,486.0,0.0,0.0,0.9965,1,COPD,1.0243,41,0.512
030111,BANNER-UNIVERSITY MEDICAL CENTER SOUTH CAMPUS,AZ,TUCSON,Acute Care Hospitals,Voluntary non-profit - Private,4.0,4,1,204.0,0.0,0.0,0.999,1,Heart attack,1.0419,41,0.531
030108,THE CORE INSTITUTE SPECIALTY HOSP,AZ,PHOENIX,Acute Care Hospitals,Physician,,1,1,0.0,0.0,0.0,1.0051,1,Hip/knee replacement,1.0051,41,0.581
030071,FORT DEFIANCE INDIAN HOSPITAL,AZ,FT. DEFIANCE,Acute Care Hospitals,Tribal,,2,2,0.0,0.0,0.0,1.0409,1,Heart failure,1.0421,41,0.839
050030,OROVILLE HOSPITAL,CA,OROVILLE,Acute Care Hospitals,Voluntary non-profit - Private,1.0,5,5,1268.0,86.6,1315892.0,1.2484,1,Pneumonia,1.4255,1,0.998
050093,SAINT AGNES MEDICAL CENTER,CA,FRESNO,Acute Care Hospitals,Voluntary non-profit - Church,2.0,6,4,2585.0,61.4,933874.0,1.0689,1,Heart failure,1.1768,2,0.934
050039,ENLOE HEALTH,CA,CHICO,Acute Care Hospitals,Voluntary non-profit - Private,3.0,6,4,4020.0,57.0,865520.0,1.0048,1,Pneumonia,1.1497,3,0.577
050239,GLENDALE ADVENTIST MEDICAL CENTER,CA,GLENDALE,Acute Care Hospitals,Voluntary non-profit - Private,4.0,6,4,2771.0,54.5,827860.0,1.0541,1,Pneumonia,1.1485,4,0.891
050235,PROVIDENCE SAINT JOSEPH MEDICAL CTR,CA,BURBANK,Acute Care Hospitals,Voluntary non-profit - Church,3.0,6,5,1879.0,37.8,574884.0,1.0756,1,Heart failure,1.1528,5,0.948
050125,REGIONAL MEDICAL CENTER OF SAN JOSE,CA,,,,,5,5,1059.0,32.5,494669.0,1.1279,1,Heart failure,1.2127,6,0.987
050481,UCLA WEST VALLEY MEDICAL CENTER,CA,WEST HILLS,Acute Care Hospitals,Proprietary,2.0,6,5,1064.0,27.6,420027.0,1.098,1,Pneumonia,1.1599,7,0.973
050739,CENTINELA HOSPITAL MEDICAL CENTER,CA,INGLEWOOD,Acute Care Hospitals,Proprietary,2.0,4,4,878.0,26.8,406908.0,1.1441,1,Heart attack,1.2168,8,0.992
050133,ADVENTIST HEALTH AND RIDEOUT,CA,MARYSVILLE,Acute Care Hospitals,Government - Federal,2.0,5,4,1812.0,23.6,358964.0,1.0273,1,Heart failure,1.0936,9,0.758
050438,HUNTINGTON HOSPITAL,CA,PASADENA,Acute Care Hospitals,Voluntary non-profit - Other,,6,4,1530.0,22.6,343959.0,1.0243,1,Heart failure,1.1182,10,0.737
050060,COMMUNITY REGIONAL MEDICAL CENTER,CA,FRESNO,Acute Care Hospitals,Voluntary non-profit - Private,1.0,5,4,1550.0,20.4,310749.0,1.071,1,COPD,1.1107,11,0.938
050135,SOUTHERN CALIFORNIA HOSPITAL AT HOLLYWOOD,CA,HOLLYWOOD,Acute Care Hospitals,Proprietary,3.0,4,2,1345.0,17.5,265487.0,1.0087,1,Heart failure,1.0796,12,0.611
050764,SHASTA REGIONAL MEDICAL CENTER,CA,REDDING,Acute Care Hospitals,Proprietary,2.0,6,5,1542.0,16.9,256977.0,1.0875,1,Hip/knee replacement,1.3938,13,0.963
050426,WEST ANAHEIM MEDICAL CENTER,CA,ANAHEIM,Acute Care Hospitals,Proprietary,2.0,4,3,707.0,16.9,256472.0,1.067,1,Pneumonia,1.1765,14,0.929
050471,PIH HEALTH GOOD SAMARITAN HOSPITAL,CA,LOS ANGELES,Acute Care Hospitals,Proprietary,2.0,6,5,706.0,16.5,251383.0,1.0723,1,Pneumonia,1.1695,15,0.942
050112,SANTA MONICA - UCLA MED CTR & ORTHOPAEDIC HOSPITAL,CA,SANTA MONICA,Acute Care Hospitals,Voluntary non-profit - Private,5.0,5,4,1502.0,16.2,245586.0,1.036,1,Pneumonia,1.1645,16,0.808
050380,GOOD SAMARITAN HOSPITAL,CA,SAN JOSE,Acute Care Hospitals,Proprietary,2.0,6,5,1705.0,16.1,244691.0,1.09,1,Heart attack,1.2312,17,0.965
050351,TORRANCE MEMORIAL MEDICAL CENTER,CA,TORRANCE,Acute Care Hospitals,Voluntary non-profit - Other,5.0,6,5,2544.0,15.8,239359.0,1.0023,1,Pneumonia,1.0844,18,0.557
050195,WASHINGTON HOSPITAL,CA,FREMONT,Acute Care Hospitals,Government - Hospital District or Authority,2.0,6,5,1444.0,15.5,235308.0,1.0569,1,Heart attack,1.1804,19,0.901
050755,SHERMAN OAKS HOSPITAL,CA,SHERMAN OAKS,Acute Care Hospitals,Voluntary non-profit - Private,2.0,5,4,619.0,15.4,234188.0,1.0463,1,Heart failure,1.136,20,0.862
050334,SALINAS VALLEY HEALTH MEDICAL CENTER,CA,SALINAS,Acute Care Hospitals,Voluntary non-profit - Other,4.0,5,3,1570.0,15.1,229074.0,1.0049,1,Heart failure,1.0665,21,0.579
050549,LOS ROBLES HOSPITAL & MEDICAL CENTER,CA,THOUSAND OAKS,Acute Care Hospitals,Proprietary,4.0,6,5,2682.0,14.8,224947.0,1.027,1,Bypass surgery (CABG),1.1135,22,0.755
050236,ADVENTIST HEALTH SIMI VALLEY,CA,SIMI VALLEY,Acute Care Hospitals,Voluntary non-profit - Private,2.0,5,4,1012.0,14.8,224721.0,1.073,1,Hip/knee replacement,1.1557,23,0.944
050557,MEMORIAL MEDICAL CENTER,CA,MODESTO,Acute Care Hospitals,Voluntary non-profit - Private,3.0,6,5,1795.0,13.7,207598.0,1.0277,1,Heart failure,1.0672,24,0.762
050382,EMANATE HEALTH INTER-COMMUNITY HOSPITAL,CA,COVINA,Acute Care Hospitals,Proprietary,1.0,6,5,1115.0,13.5,205541.0,1.0934,1,Hip/knee replacement,1.1902,25,0.97
050022,RIVERSIDE COMMUNITY HOSPITAL,CA,RIVERSIDE,Acute Care Hospitals,Proprietary,2.0,6,6,981.0,13.5,205192.0,1.0588,1,Hip/knee replacement,1.0913,26,0.91
050573,EISENHOWER MEDICAL CENTER,CA,RANCHO MIRAGE,Acute Care Hospitals,Proprietary,4.0,6,2,3442.0,13.4,204337.0,0.9398,1,Heart failure,1.0592,27,0.155
050336,ADVENTIST HEALTH LODI MEMORIAL,CA,LODI,Acute Care Hospitals,Voluntary non-profit - Other,3.0,4,2,1050.0,13.2,199907.0,1.0303,1,Heart failure,1.1077,28,0.777
050058,GLENDALE MEM HOSPITAL & HLTH CENTER,CA,GLENDALE,Acute Care Hospitals,Voluntary non-profit - Private,4.0,5,2,1056.0,13.1,199482.0,1.0008,1,Pneumonia,1.0994,29,0.542
050464,DOCTORS MEDICAL CENTER,CA,MODESTO,Acute Care Hospitals,Proprietary,1.0,5,5,1368.0,12.8,193633.0,1.0908,1,Bypass surgery (CABG),1.2466,30,0.967
050308,EL CAMINO HEALTH,CA,MOUNTAIN VIEW,Acute Care Hospitals,Government - Hospital District or Authority,4.0,6,4,2111.0,12.7,192606.0,1.028,1,Pneumonia,1.086,31,0.764
050444,MERCY MEDICAL CENTER,CA,MERCED,Acute Care Hospitals,Voluntary non-profit - Private,3.0,4,3,1339.0,12.3,187569.0,1.044,1,Heart failure,1.0931,32,0.854
050441,STANFORD HEALTH CARE,CA,STANFORD,Acute Care Hospitals,Voluntary non-profit - Private,5.0,6,2,2854.0,12.3,187427.0,0.9195,1,Heart failure,1.0439,33,0.116
050709,DESERT VALLEY HOSPITAL,CA,VICTORVILLE,Acute Care Hospitals,Proprietary,3.0,5,4,635.0,12.2,184752.0,1.1283,1,Hip/knee replacement,1.3751,34,0.987
050761,PROVIDENCE CEDARS SINAI TARZANA MEDICAL CENTER,CA,TARZANA,Acute Care Hospitals,Voluntary non-profit - Private,3.0,6,4,1299.0,11.9,180313.0,1.0341,1,Bypass surgery (CABG),1.0873,35,0.8
050278,PROVIDENCE HOLY CROSS MEDICAL CENTER,CA,MISSION HILLS,Acute Care Hospitals,Voluntary non-profit - Church,4.0,5,3,834.0,11.9,180226.0,1.0515,1,Hip/knee replacement,1.1369,36,0.883
050496,JOHN MUIR MEDICAL CENTER - CONCORD CAMPUS,CA,CONCORD,Acute Care Hospitals,Voluntary non-profit - Private,4.0,6,4,2018.0,11.2,169818.0,1.0218,1,COPD,1.1544,37,0.719
050169,PIH HEALTH HOSPITAL-WHITTIER,CA,WHITTIER,Acute Care Hospitals,Voluntary non-profit - Private,4.0,6,2,908.0,11.0,167618.0,0.9919,1,Pneumonia,1.1412,38,0.466
050116,NORTHRIDGE HOSPITAL MEDICAL CENTER,CA,NORTHRIDGE,Acute Care Hospitals,Voluntary non-profit - Private,4.0,6,4,1144.0,11.0,166517.0,1.0117,1,Heart failure,1.0933,39,0.635
050179,EMANUEL MEDICAL CENTER,CA,TURLOCK,Acute Care Hospitals,Proprietary,2.0,5,5,1259.0,10.9,165895.0,1.057,1,Pneumonia,1.1077,40,0.902
050126,VALLEY PRESBYTERIAN HOSPITAL,CA,VAN NUYS,Acute Care Hospitals,Voluntary non-profit - Other,1.0,5,3,723.0,10.2,155184.0,1.0576,1,Heart attack,1.1803,41,0.905
050063,HOLLYWOOD PRESBYTERIAN MEDICAL CENTER,CA,LOS ANGELES,Acute Care Hospitals,Proprietary,3.0,5,2,676.0,10.1,153939.0,0.9871,1,Heart failure,1.1092,42,0.428
050026,GROSSMONT HOSPITAL,CA,LA MESA,Acute Care Hospitals,Government - Hospital District or Authority,4.0,6,5,1657.0,9.5,143815.0,1.0423,1,Bypass surgery (CABG),1.1076,43,0.845
050230,GARDEN GROVE HOSPITAL & MEDICAL CENTER,CA,GARDEN GROVE,Acute Care Hospitals,Proprietary,2.0,3,2,393.0,9.4,142764.0,1.051,1,Pneumonia,1.1623,44,0.88
050516,MERCY SAN JUAN MEDICAL CENTER,CA,CARMICHAEL,Acute Care Hospitals,Voluntary non-profit - Private,3.0,6,4,1328.0,9.4,142471.0,1.0435,1,Hip/knee replacement,1.1127,45,0.852
050168,PROVIDENCE ST. JUDE MEDICAL CENTER,CA,FULLERTON,Acute Care Hospitals,Voluntary non-profit - Church,4.0,6,3,1429.0,9.1,137710.0,0.9891,1,Pneumonia,1.0721,46,0.444
050077,SCRIPPS MERCY HOSPITAL,CA,SAN DIEGO,Acute Care Hospitals,Voluntary non-profit - Private,4.0,6,5,942.0,8.7,132806.0,1.0146,1,Pneumonia,1.1167,47,0.661
050132,SAN GABRIEL VALLEY MEDICAL CENTER,CA,SAN GABRIEL,Acute Care Hospitals,Proprietary,4.0,4,2,647.0,8.7,131655.0,0.9904,1,Pneumonia,1.0766,48,0.453
050228,ZUCKERBERG SAN FRANCISCO GENERAL HOSP & TRAUMA CTR,CA,SAN FRANCISCO,Acute Care Hospitals,Government - Local,2.0,5,5,609.0,8.7,131333.0,1.1078,1,Hip/knee replacement,1.1926,49,0.979
050599,UNIVERSITY OF CALIFORNIA DAVIS MEDICAL CENTER,CA,SACRAMENTO,Acute Care Hospitals,Government - Hospital District or Authority,4.0,6,2,1500.0,8.4,127020.0,1.0145,1,Pneumonia,1.1035,50,0.659
050770,LOMA LINDA UNIVERSITY MEDICAL CENTER-MURRIETA,CA,MURRIETA,Acute Care Hospitals,Voluntary non-profit - Private,2.0,5,3,803.0,8.2,125315.0,1.0156,1,Heart failure,1.1321,51,0.67
050047,CALIFORNIA PACIFIC MEDICAL CENTER- VAN NESS CAMPUS,CA,SAN FRANCISCO,Acute Care Hospitals,Voluntary non-profit - Private,3.0,5,4,901.0,8.0,122151.0,1.0479,1,Pneumonia,1.1638,52,0.867
050017,MERCY GENERAL HOSPITAL,CA,SACRAMENTO,Acute Care Hospitals,Voluntary non-profit - Private,3.0,6,3,1240.0,8.0,121400.0,1.0514,1,Hip/knee replacement,1.2837,53,0.882
050588,SAN DIMAS COMMUNITY HOSPITAL,CA,SAN DIMAS,Acute Care Hospitals,Proprietary,2.0,4,3,227.0,7.8,117817.0,1.0793,1,Pneumonia,1.2289,54,0.953
050367,NORTHBAY MEDICAL CENTER,CA,FAIRFIELD,Acute Care Hospitals,Voluntary non-profit - Private,2.0,6,3,1392.0,7.7,116807.0,1.0163,1,Heart failure,1.0677,55,0.678
050115,PALOMAR HEALTH DOWNTOWN CAMPUS,CA,ESCONDIDO,Acute Care Hospitals,Government - Hospital District or Authority,3.0,6,3,1158.0,7.5,114459.0,1.006,1,Hip/knee replacement,1.1386,56,0.591
050468,MEMORIAL HOSPITAL OF GARDENA,CA,GARDENA,Acute Care Hospitals,Proprietary,1.0,3,3,367.0,7.4,112918.0,1.0817,1,Heart failure,1.1919,57,0.957
050107,MARIAN REGIONAL MEDICAL CENTER,CA,SANTA MARIA,Acute Care Hospitals,Voluntary non-profit - Church,3.0,6,3,1846.0,7.4,112611.0,0.997,1,Bypass surgery (CABG),1.0975,58,0.515
050036,BAKERSFIELD MEMORIAL HOSPITAL,CA,BAKERSFIELD,Acute Care Hospitals,Voluntary non-profit - Private,3.0,6,3,770.0,6.7,101475.0,1.013,1,Pneumonia,1.0804,59,0.647
050570,UCI HEALTH - FOUNTAIN VALLEY,CA,FOUNTAIN VALLEY,Acute Care Hospitals,Proprietary,2.0,6,4,890.0,6.6,99793.0,1.0204,1,Heart failure,1.0783,60,0.708
050002,ST ROSE HOSPITAL,CA,HAYWARD,Acute Care Hospitals,Voluntary non-profit - Church,1.0,5,5,408.0,6.2,94954.0,1.1155,1,Hip/knee replacement,1.2013,61,0.983
050492,CLOVIS COMMUNITY MEDICAL CENTER,CA,CLOVIS,Acute Care Hospitals,Voluntary non-profit - Private,2.0,6,3,1457.0,6.2,94549.0,0.9945,1,Heart failure,1.0497,62,0.495
050124,USC VERDUGO HILLS HOSPITAL,CA,GLENDALE,Acute Care Hospitals,Voluntary non-profit - Private,4.0,4,2,588.0,5.7,86424.0,1.0011,1,Heart failure,1.079,63,0.545
050455,ADVENTIST HEALTH BAKERSFIELD,CA,BAKERSFIELD,Acute Care Hospitals,Voluntary non-profit - Private,2.0,4,4,954.0,5.6,85246.0,1.0327,1,Heart failure,1.0519,64,0.791
050300,PROVIDENCE ST MARY MEDICAL CENTER,CA,APPLE VALLEY,Acute Care Hospitals,Voluntary non-profit - Private,2.0,5,3,702.0,5.2,79188.0,1.0935,1,Hip/knee replacement,1.427,65,0.971
050084,ST JOSEPH'S MEDICAL CENTER OF STOCKTON,CA,STOCKTON,Acute Care Hospitals,Voluntary non-profit - Private,3.0,5,3,1286.0,5.1,76942.0,1.0304,1,Bypass surgery (CABG),1.2281,66,0.778
050414,MERCY HOSPITAL OF FOLSOM,CA,FOLSOM,Acute Care Hospitals,Voluntary non-profit - Private,4.0,4,2,775.0,5.0,75930.0,1.0115,1,Heart failure,1.0657,67,0.634
050290,SAINT JOHN'S HEALTH CENTER,CA,SANTA MONICA,Acute Care Hospitals,Voluntary non-profit - Private,4.0,6,3,3034.0,5.0,75916.0,0.9238,1,COPD,1.0676,68,0.122
050758,MONTCLAIR HOSPITAL MEDICAL CENTER,CA,MONTCLAIR,Acute Care Hospitals,Voluntary non-profit - Private,3.0,2,2,124.0,4.8,73370.0,1.1065,1,Pneumonia,1.2016,69,0.977
050104,SAINT FRANCIS MEDICAL CENTER,CA,LYNWOOD,Acute Care Hospitals,Voluntary non-profit - Church,3.0,4,4,420.0,4.7,71252.0,1.0323,1,Heart failure,1.1176,70,0.788
050567,PROVIDENCE MISSION HOSPITAL,CA,MISSION VIEJO,Acute Care Hospitals,Voluntary non-profit - Private,5.0,6,4,1552.0,4.5,69106.0,0.9864,1,Pneumonia,1.0346,71,0.423
050454,UCSF MEDICAL CENTER,CA,SAN FRANCISCO,Acute Care Hospitals,Voluntary non-profit - Other,4.0,6,2,1808.0,4.5,68915.0,0.976,1,Heart attack,1.0676,72,0.328
050624,HENRY MAYO NEWHALL  HOSPITAL,CA,VALENCIA,Acute Care Hospitals,Voluntary non-profit - Private,2.0,4,3,961.0,4.5,68350.0,1.0324,1,COPD,1.0461,73,0.79
050292,RIVERSIDE UNIVERSITY HEALTH SYSTEM-MEDICAL CENTER,CA,MORENO VALLEY,Acute Care Hospitals,Government - Local,3.0,3,2,353.0,4.4,67088.0,1.038,1,Heart failure,1.1286,74,0.821
050396,SANTA BARBARA COTTAGE HOSPITAL,CA,SANTA BARBARA,Acute Care Hospitals,Voluntary non-profit - Private,4.0,6,2,1945.0,4.4,66464.0,0.9752,1,Pneumonia,1.0353,75,0.32
050243,DESERT REGIONAL MEDICAL CENTER,CA,PALM SPRINGS,Acute Care Hospitals,Proprietary,2.0,5,4,663.0,4.4,66001.0,1.0346,1,Pneumonia,1.0707,76,0.802
050129,ST BERNARDINE MEDICAL CENTER,CA,SAN BERNARDINO,Acute Care Hospitals,Voluntary non-profit - Private,2.0,6,6,500.0,4.3,65457.0,1.0579,1,Bypass surgery (CABG),1.0994,77,0.907
050075,KAISER FOUNDATION HOSPITAL - OAKLAND/RICHMOND,CA,OAKLAND,Acute Care Hospitals,Voluntary non-profit - Private,2.0,4,4,308.0,4.2,64125.0,1.0562,1,Heart failure,1.1045,78,0.899
050180,JOHN MUIR MEDICAL CENTER - WALNUT CREEK CAMPUS,CA,WALNUT CREEK,Acute Care Hospitals,Voluntary non-profit - Other,2.0,5,2,2265.0,4.0,60455.0,0.9243,1,Pneumonia,1.0332,79,0.123
050121,ADVENTIST HEALTH HANFORD,CA,HANFORD,Acute Care Hospitals,Voluntary non-profit - Church,3.0,5,1,764.0,3.9,58704.0,0.9728,1,Heart failure,1.0661,80,0.301
050103,ADVENTIST HEALTH WHITE MEMORIAL,CA,LOS ANGELES,Acute Care Hospitals,Voluntary non-profit - Church,3.0,4,3,412.0,3.8,58527.0,1.036,1,Pneumonia,1.1238,81,0.808
050320,HIGHLAND HOSPITAL,CA,OAKLAND,Acute Care Hospitals,Government - Hospital District or Authority,1.0,4,2,612.0,3.9,58493.0,1.021,1,Heart attack,1.0992,82,0.713
050737,GARFIELD MEDICAL CENTER,CA,MONTEREY PARK,Acute Care Hospitals,Proprietary,1.0,5,4,587.0,3.8,57213.0,1.0442,1,Bypass surgery (CABG),1.1421,83,0.855
050534,JOHN F KENNEDY MEMORIAL HOSPITAL,CA,INDIO,Acute Care Hospitals,Proprietary,2.0,4,4,258.0,3.7,56842.0,1.0514,1,Pneumonia,1.1135,84,0.882
050118,DOCTORS HOSPITAL OF MANTECA,CA,MANTECA,Acute Care Hospitals,Voluntary non-profit - Other,2.0,3,3,286.0,3.6,54944.0,1.0483,1,Pneumonia,1.1277,85,0.869
050701,SOUTHWEST HEALTHCARE RANCHO SPRINGS HOSPITAL,CA,MURRIETA,Acute Care Hospitals,Proprietary,3.0,3,1,462.0,3.6,54644.0,1.0081,1,Heart failure,1.1397,86,0.607
050329,CORONA REGIONAL MEDICAL CENTER,CA,CORONA,Acute Care Hospitals,Proprietary,3.0,4,1,351.0,3.5,53726.0,1.0239,1,Pneumonia,1.1306,87,0.734
050735,WHITTIER HOSPITAL MEDICAL CENTER,CA,WHITTIER,Acute Care Hospitals,Proprietary,4.0,3,2,269.0,3.5,52931.0,1.0333,1,Pneumonia,1.1203,88,0.794
050633,ADVENTIST HEALTH TWIN CITIES,CA,TEMPLETON,Acute Care Hospitals,Proprietary,2.0,4,3,511.0,3.3,50129.0,1.0191,1,Heart failure,1.0497,89,0.698
050242,DOMINICAN HOSPITAL,CA,SANTA CRUZ,Acute Care Hospitals,Voluntary non-profit - Private,4.0,6,3,1373.0,3.3,50012.0,1.0125,1,Heart attack,1.112,90,0.643
050393,PIH HEALTH DOWNEY HOSPITAL,CA,DOWNEY,Acute Care Hospitals,Voluntary non-profit - Private,4.0,4,2,381.0,3.0,46331.0,1.0273,1,Pneumonia,1.0967,91,0.758
050261,SIERRA VIEW MEDICAL CENTER,CA,PORTERVILLE,Acute Care Hospitals,Voluntary non-profit - Private,3.0,5,4,526.0,3.0,46225.0,1.0027,1,COPD,1.0827,92,0.559
050590,METHODIST HOSPITAL OF SACRAMENTO,CA,SACRAMENTO,Acute Care Hospitals,Voluntary non-profit - Private,3.0,3,3,560.0,3.0,45867.0,1.032,1,Pneumonia,1.0762,93,0.786
050226,AHMC ANAHEIM REGIONAL MEDICAL CENTER,CA,ANAHEIM,Acute Care Hospitals,Voluntary non-profit - Private,4.0,5,4,484.0,2.9,43812.0,1.0137,1,Pneumonia,1.0433,94,0.654
050091,COMMUNITY HOSPITAL OF HUNTINGTON PARK,CA,HUNTINGTON PARK,Acute Care Hospitals,Proprietary,1.0,3,3,160.0,2.8,42813.0,1.0743,1,Pneumonia,1.1245,95,0.945
050581,UCI HEALTH-LAKEWOOD,CA,LAKEWOOD,Acute Care Hospitals,Proprietary,2.0,5,5,526.0,2.7,40972.0,1.0431,1,Heart attack,1.0853,96,0.849
050503,SCRIPPS MEMORIAL HOSPITAL - ENCINITAS,CA,ENCINITAS,Acute Care Hospitals,Voluntary non-profit - Private,4.0,5,2,1476.0,2.6,39947.0,1.0058,1,Hip/knee replacement,1.2588,97,0.589
050024,PARADISE VALLEY HOSPITAL,CA,NATIONAL CITY,Acute Care Hospitals,Proprietary,3.0,4,4,193.0,2.6,39187.0,1.0495,1,Heart failure,1.0971,98,0.874
050038,SANTA CLARA VALLEY MEDICAL CENTER,CA,SAN JOSE,Acute Care Hospitals,Government - Local,2.0,6,4,1593.0,2.6,38722.0,1.0048,1,Hip/knee replacement,1.0209,99,0.577
050740,CEDAR-SINAI MARINA DEL REY HOSPITAL,CA,MARINA DEL REY,Acute Care Hospitals,Proprietary,4.0,4,3,479.0,2.5,37635.0,1.0038,1,Pneumonia,1.0469,100,0.567
050704,MISSION COMMUNITY HOSPITAL,CA,PANORAMA CITY,Acute Care Hospitals,Voluntary non-profit - Private,3.0,4,2,374.0,2.4,36371.0,0.9841,1,Pneumonia,1.0359,101,0.398
050222,SHARP CHULA VISTA MEDICAL CENTER,CA,CHULA VISTA,Acute Care Hospitals,Proprietary,4.0,5,2,1139.0,2.3,35653.0,1.027,1,Bypass surgery (CABG),1.144,102,0.755
050099,SAN ANTONIO REGIONAL HOSPITAL,CA,UPLAND,Acute Care Hospitals,Voluntary non-profit - Other,3.0,5,3,1049.0,2.3,35540.0,0.9662,1,Pneumonia,1.0217,103,0.263
050390,HEMET GLOBAL MEDICAL CENTER,CA,HEMET,Acute Care Hospitals,Proprietary,1.0,3,1,283.0,2.3,34574.0,1.0121,1,Pneumonia,1.0686,104,0.639
050526,HUNTINGTON BEACH HOSPITAL,CA,HUNTINGTON BEACH,Acute Care Hospitals,Proprietary,1.0,2,2,242.0,2.2,33897.0,1.0649,1,Heart failure,1.114,105,0.924
050663,LOS ANGELES COMMUNITY HOSPITAL,CA,LOS ANGELES,Acute Care Hospitals,Proprietary,3.0,3,1,646.0,2.2,33677.0,0.962,1,Pneumonia,1.0293,106,0.236
050007,PENINSULA MEDICAL CENTER,CA,BURLINGAME,Acute Care Hospitals,Voluntary non-profit - Private,5.0,6,2,1097.0,2.2,33576.0,0.9623,1,Pneumonia,1.0616,107,0.238
050309,SUTTER ROSEVILLE MEDICAL CENTER,CA,ROSEVILLE,Acute Care Hospitals,Voluntary non-profit - Private,5.0,5,2,2412.0,2.2,33040.0,0.9807,1,Hip/knee replacement,1.0813,108,0.367
050204,PALMDALE REGIONAL MEDICAL CENTER,CA,PALMDALE,Acute Care Hospitals,Proprietary,3.0,5,3,404.0,2.1,32735.0,1.0027,1,Heart failure,1.0507,109,0.559
050108,"SUTTER MEDICAL CENTER, SACRAMENTO",CA,SACRAMENTO,Acute Care Hospitals,Voluntary non-profit - Private,4.0,6,2,1990.0,2.1,32436.0,0.9572,1,COPD,1.0352,110,0.214
050110,LOMPOC VALLEY MEDICAL CENTER,CA,LOMPOC,Acute Care Hospitals,Government - Hospital District or Authority,1.0,4,3,203.0,2.1,32014.0,1.0535,1,Hip/knee replacement,1.1096,111,0.89
050348,UCI HEALTH-ORANGE,CA,ORANGE,Acute Care Hospitals,Government - Local,4.0,6,2,728.0,2.1,31687.0,0.9893,1,Heart attack,1.0443,112,0.445
050763,L A DOWNTOWN MEDICAL CENTER,CA,LOS ANGELES,Acute Care Hospitals,Proprietary,3.0,3,3,254.0,2.1,31303.0,1.0263,1,Pneumonia,1.0612,113,0.75
050174,PROVIDENCE SANTA ROSA MEMORIAL HOSPITAL,CA,SANTA ROSA,Acute Care Hospitals,Voluntary non-profit - Private,3.0,6,2,1358.0,2.0,31101.0,0.9937,1,Pneumonia,1.0349,114,0.487
050056,ANTELOPE VALLEY HOSPITAL,CA,LANCASTER,Acute Care Hospitals,Government - Hospital District or Authority,1.0,4,4,499.0,2.0,30979.0,1.0219,1,Pneumonia,1.032,115,0.72
050281,ALHAMBRA HOSPITAL MEDICAL CENTER,CA,ALHAMBRA,Acute Care Hospitals,Proprietary,4.0,2,2,291.0,1.9,29434.0,1.0312,1,Pneumonia,1.0423,116,0.781
050580,LA PALMA INTERCOMMUNITY HOSPITAL,CA,LA PALMA,Acute Care Hospitals,Proprietary,3.0,4,3,216.0,1.8,27948.0,1.0267,1,Heart failure,1.0607,117,0.753
050280,MERCY MEDICAL CENTER REDDING,CA,REDDING,Acute Care Hospitals,Voluntary non-profit - Private,2.0,6,2,1726.0,1.8,27693.0,1.0218,1,Bypass surgery (CABG),1.2447,118,0.719
050373,LOS ANGELES GENERAL MEDICAL CENTER,CA,LOS ANGELES,Acute Care Hospitals,Government - Local,2.0,4,4,421.0,1.8,27042.0,1.0306,1,Heart attack,1.047,119,0.779
050194,WATSONVILLE COMMUNITY HOSPITAL,CA,WATSONVILLE,Acute Care Hospitals,Proprietary,2.0,3,2,345.0,1.8,26775.0,1.0379,1,Heart failure,1.0862,120,0.82
050158,ENCINO HOSPITAL MEDICAL CENTER,CA,ENCINO,Acute Care Hospitals,Proprietary,3.0,3,3,288.0,1.7,26034.0,1.034,1,COPD,1.0519,121,0.798
050517,VICTOR VALLEY GLOBAL MEDICAL CENTER,CA,VICTORVILLE,Acute Care Hospitals,Voluntary non-profit - Private,1.0,4,3,103.0,1.7,25810.0,1.0174,1,Pneumonia,1.0945,122,0.686
050523,SUTTER DELTA MEDICAL CENTER,CA,ANTIOCH,Acute Care Hospitals,Voluntary non-profit - Private,3.0,4,3,767.0,1.7,25782.0,1.0135,1,Heart attack,1.0388,123,0.652
050775,TEMECULA VALLEY HOSPITAL,CA,TEMECULA,Acute Care Hospitals,Proprietary,4.0,6,3,816.0,1.7,25427.0,1.01,1,Hip/knee replacement,1.1135,124,0.622
050152,UCSF HEALTH SAINT FRANCIS HOSPITAL,CA,SAN FRANCISCO,Acute Care Hospitals,Voluntary non-profit - Private,3.0,4,4,182.0,1.7,25420.0,1.037,1,COPD,1.0573,125,0.814
050055,CALIFORNIA PACIFIC MEDICAL CENTER - MISSION BERNAL,CA,SAN FRANCISCO,Acute Care Hospitals,Voluntary non-profit - Church,4.0,4,3,389.0,1.6,24921.0,0.9749,1,Pneumonia,1.0418,126,0.317
050128,TRI-CITY MEDICAL CENTER,CA,OCEANSIDE,Acute Care Hospitals,Government - Hospital District or Authority,1.0,5,4,643.0,1.6,24714.0,1.0327,1,Hip/knee replacement,1.1206,127,0.791
050485,MEMORIALCARE LONG BEACH MEDICAL CENTER,CA,LONG BEACH,Acute Care Hospitals,Voluntary non-profit - Other,2.0,6,4,678.0,1.6,24612.0,1.0492,1,Hip/knee replacement,1.3162,128,0.873
050057,KAWEAH HEALTH MEDICAL CENTER,CA,VISALIA,Acute Care Hospitals,Government - Hospital District or Authority,3.0,6,2,2020.0,1.6,23932.0,0.9696,1,Bypass surgery (CABG),1.0875,129,0.281
050289,AHMC SETON MEDICAL CENTER,CA,DALY CITY,Acute Care Hospitals,Proprietary,1.0,4,2,349.0,1.6,23450.0,1.009,1,Heart failure,1.0504,130,0.616
050102,PARKVIEW COMMUNITY HOSPITAL MEDICAL CENTER,CA,RIVERSIDE,Acute Care Hospitals,Proprietary,3.0,3,2,257.0,1.5,22399.0,1.0211,1,Heart failure,1.0785,131,0.713
050145,COMMUNITY HOSPITAL OF THE MONTEREY PENINSULA,CA,MONTEREY,Acute Care Hospitals,Voluntary non-profit - Private,4.0,6,1,2185.0,1.5,22313.0,0.9926,1,Hip/knee replacement,1.12,132,0.473
050025,UC SAN DIEGO HEALTH HILLCREST - HILLCREST MED CTR,CA,SAN DIEGO,Acute Care Hospitals,Voluntary non-profit - Other,5.0,6,2,1691.0,1.4,21147.0,1.0089,1,Hip/knee replacement,1.1658,133,0.614
050324,SCRIPPS MEMORIAL HOSPITAL LA JOLLA,CA,LA JOLLA,Acute Care Hospitals,Physician,5.0,6,3,2469.0,1.4,20936.0,0.9946,1,Hip/knee replacement,1.0735,134,0.496
050211,ALAMEDA HOSPITAL,CA,ALAMEDA,Acute Care Hospitals,Government - Hospital District or Authority,4.0,3,3,295.0,1.3,20381.0,1.017,1,Pneumonia,1.0379,135,0.682
050159,VENTURA COUNTY MEDICAL CENTER,CA,VENTURA,Acute Care Hospitals,Government - Local,2.0,4,3,253.0,1.3,20143.0,0.9843,1,Heart failure,1.0599,136,0.4
050551,UCI HEALTH - LOS ALAMITOS,CA,LOS ALAMITOS,Acute Care Hospitals,Proprietary,1.0,5,3,763.0,1.3,20072.0,1.1017,1,Hip/knee replacement,1.4839,137,0.976
050407,CHINESE HOSPITAL,CA,SAN FRANCISCO,Acute Care Hospitals,Voluntary non-profit - Private,2.0,3,2,95.0,1.2,18593.0,1.0303,1,Heart failure,1.0792,138,0.777
050149,CALIFORNIA HOSPITAL MEDICAL CENTER LA,CA,LOS ANGELES,Acute Care Hospitals,Voluntary non-profit - Other,2.0,4,4,150.0,1.2,17583.0,1.0469,1,Hip/knee replacement,1.0885,139,0.863
050353,PROVIDENCE LITTLE COMPANY OF MARY MED CTR TORRANCE,CA,TORRANCE,Acute Care Hospitals,Voluntary non-profit - Church,5.0,6,2,958.0,1.1,17059.0,0.9657,1,Heart attack,1.0361,140,0.259
050678,MEMORIALCARE ORANGE COAST MEDICAL CENTER,CA,FOUNTAIN VALLEY,Acute Care Hospitals,Proprietary,4.0,6,2,779.0,1.1,16846.0,0.9857,1,Bypass surgery (CABG),1.0951,141,0.417
050457,UCSF HEALTH ST. MARY'S HOSPITAL,CA,SAN FRANCISCO,Acute Care Hospitals,Voluntary non-profit - Private,4.0,5,3,423.0,1.1,16281.0,0.9815,1,Heart attack,1.0698,142,0.374
050506,ADVENTIST HEALTH SIERRA VISTA,CA,SAN LUIS OBISPO,Acute Care Hospitals,Proprietary,3.0,4,2,229.0,1.1,16135.0,1.0353,1,Hip/knee replacement,1.136,143,0.804
050376,LAC/HARBOR-UCLA MED CENTER,CA,TORRANCE,Acute Care Hospitals,Government - Local,1.0,5,2,220.0,1.1,16083.0,0.9797,1,Pneumonia,1.0277,144,0.358
050013,ADVENTIST HEALTH ST HELENA,CA,SAINT HELENA,Acute Care Hospitals,Voluntary non-profit - Private,4.0,5,1,405.0,1.0,14997.0,0.9401,1,Heart attack,1.0362,145,0.156
050295,MERCY HOSPITAL,CA,BAKERSFIELD,Acute Care Hospitals,Voluntary non-profit - Other,3.0,3,2,561.0,0.9,14413.0,0.9929,1,Heart failure,1.0223,146,0.478
050779,"MARTIN LUTHER KING, JR. COMMUNITY HOSPITAL",CA,LOS ANGELES,Acute Care Hospitals,Voluntary non-profit - Private,4.0,3,2,217.0,0.9,13919.0,1.0161,1,Pneumonia,1.0561,147,0.675
050167,SAN JOAQUIN GENERAL HOSPITAL,CA,FRENCH CAMP,Acute Care Hospitals,Government - Local,2.0,3,2,104.0,0.9,13519.0,1.0166,1,COPD,1.0516,148,0.68
050238,USC ARCADIA HOSPITAL,CA,ARCADIA,Acute Care Hospitals,Voluntary non-profit - Private,3.0,5,2,1284.0,0.8,12656.0,0.9981,1,Heart attack,1.0471,149,0.525
050350,ADVENTIST HEALTH WHITE MEMORIAL MONTEBELLO,CA,MONTEBELLO,Acute Care Hospitals,Voluntary non-profit - Private,3.0,5,4,208.0,0.8,12496.0,0.9979,1,Heart attack,1.0527,150,0.523
050589,UCI HEALTH - PLACENTIA LINDA,CA,,,,,2,1,257.0,0.8,12287.0,1.0255,1,Heart failure,1.0517,151,0.745
050150,SIERRA NEVADA MEMORIAL HOSPITAL,CA,GRASS VALLEY,Acute Care Hospitals,Voluntary non-profit - Other,3.0,4,3,644.0,0.8,12042.0,1.0595,1,Hip/knee replacement,1.2664,152,0.913
050784,ADVENTIST HEALTH TULARE,CA,TULARE,Acute Care Hospitals,Voluntary non-profit - Private,3.0,2,2,170.0,0.8,11343.0,1.0308,1,Heart failure,1.0478,153,0.779
050625,CEDARS-SINAI MEDICAL CENTER,CA,LOS ANGELES,Acute Care Hospitals,Voluntary non-profit - Other,5.0,6,1,5304.0,0.7,11247.0,0.9244,1,Heart attack,1.0087,154,0.123
050760,KAISER FOUNDATION HOSPITAL - ANTIOCH,CA,ANTIOCH,Acute Care Hospitals,Voluntary non-profit - Private,1.0,1,1,33.0,0.7,11246.0,1.1363,1,Pneumonia,1.1363,155,0.99
050101,SUTTER SOLANO MEDICAL CENTER,CA,VALLEJO,Acute Care Hospitals,Voluntary non-profit - Private,3.0,4,1,343.0,0.7,10734.0,0.9459,1,Pneumonia,1.0318,156,0.173
050127,WOODLAND MEMORIAL HOSPITAL,CA,WOODLAND,Acute Care Hospitals,Voluntary non-profit - Other,5.0,3,1,106.0,0.7,10607.0,0.9638,1,Pneumonia,1.0423,157,0.247
050736,MONTEREY PARK HOSPITAL,CA,MONTEREY PARK,Acute Care Hospitals,Proprietary,2.0,2,2,87.0,0.7,10509.0,1.0372,1,Pneumonia,1.0538,158,0.816
050608,ADVENTIST HEALTH DELANO,CA,DELANO,Acute Care Hospitals,Proprietary,2.0,2,1,83.0,0.7,10489.0,1.0118,1,Pneumonia,1.0492,159,0.636
050327,LOMA LINDA UNIVERSITY MEDICAL CENTER,CA,LOMA LINDA,Acute Care Hospitals,Voluntary non-profit - Private,4.0,5,1,888.0,0.7,10148.0,0.9576,1,Heart failure,1.0088,160,0.217
050771,COAST PLAZA HOSPITAL,CA,NORWALK,Acute Care Hospitals,Proprietary,1.0,2,2,234.0,0.7,9966.0,1.0183,1,Heart failure,1.0326,161,0.693
050696,KECK HOSPITAL OF USC,CA,LOS ANGELES,Acute Care Hospitals,Voluntary non-profit - Other,5.0,5,2,188.0,0.6,9522.0,0.9746,1,Bypass surgery (CABG),1.0811,162,0.314
050276,CONTRA COSTA REGIONAL MEDICAL CENTER,CA,MARTINEZ,Acute Care Hospitals,Government - Local,4.0,3,1,107.0,0.6,9002.0,0.9701,1,Heart failure,1.0291,163,0.284
050745,CHAPMAN GLOBAL MEDICAL CENTER,CA,ORANGE,Acute Care Hospitals,Proprietary,2.0,2,1,58.0,0.6,8887.0,0.9782,1,Pneumonia,1.0631,164,0.345
050668,LAGUNA HONDA HOSPITAL & REHABILITATION CENTER,CA,SAN FRANCISCO,Acute Care Hospitals,Government - Local,,1,1,52.0,0.6,8641.0,1.0729,1,Pneumonia,1.0729,165,0.943
050746,ORANGE COUNTY GLOBAL MEDICAL CENTER,CA,SANTA ANA,Acute Care Hospitals,Proprietary,2.0,3,2,215.0,0.5,8035.0,1.0197,1,Heart attack,1.0596,166,0.704
050342,PIONEERS MEMORIAL HEALTHCARE DISTRICT,CA,BRAWLEY,Acute Care Hospitals,Government - Hospital District or Authority,3.0,3,2,265.0,0.5,7628.0,0.9909,1,Heart failure,1.027,167,0.457
050636,PALOMAR MEDICAL CENTER POWAY,CA,POWAY,Acute Care Hospitals,Government - Hospital District or Authority,4.0,3,1,458.0,0.5,7430.0,0.9655,1,Pneumonia,1.0102,168,0.257
050586,CHINO VALLEY MEDICAL CENTER,CA,CHINO,Acute Care Hospitals,Proprietary,4.0,2,2,216.0,0.4,6762.0,1.0133,1,Heart failure,1.0207,169,0.65
050738,GREATER EL MONTE COMMUNITY HOSPITAL,CA,SOUTH EL MONTE,Acute Care Hospitals,Voluntary non-profit - Private,2.0,3,2,151.0,0.4,6349.0,1.0013,1,Heart failure,1.0163,170,0.548
050684,MENIFEE GLOBAL MEDICAL CENTER,CA,SUN CITY,Acute Care Hospitals,Proprietary,,1,1,47.0,0.4,5931.0,1.0556,1,Pneumonia,1.0556,171,0.896
050747,COASTAL COMMUNITIES HOSPITAL,CA,SANTA ANA,Acute Care Hospitals,Proprietary,1.0,1,1,56.0,0.4,5490.0,1.0354,1,Pneumonia,1.0354,172,0.805
050528,MEMORIAL HOSPITAL LOS BANOS,CA,LOS BANOS,Acute Care Hospitals,Voluntary non-profit - Private,3.0,2,2,135.0,0.4,5291.0,1.0158,1,Pneumonia,1.025,173,0.672
050597,EMANATE HEALTH FOOTHILL PRESBYTERIAN HOSPITAL,CA,GLENDORA,Acute Care Hospitals,Voluntary non-profit - Private,3.0,3,1,368.0,0.3,4884.0,0.9666,1,Heart failure,1.0149,174,0.264
050191,ST MARY MEDICAL CENTER,CA,LONG BEACH,Acute Care Hospitals,Voluntary non-profit - Church,5.0,4,2,355.0,0.3,4786.0,0.981,1,Pneumonia,1.0116,175,0.37
050089,COMMUNITY HOSPITAL OF SAN BERNARDINO,CA,SAN BERNARDINO,Acute Care Hospitals,Voluntary non-profit - Private,3.0,2,2,41.0,0.3,4652.0,1.0243,1,Heart failure,1.0333,176,0.737
050674,KAISER FOUNDATION HOSP SO SACRAMENTO,CA,SACRAMENTO,Acute Care Hospitals,Voluntary non-profit - Private,2.0,3,2,53.0,0.3,4568.0,1.0085,1,Heart failure,1.0283,177,0.609
050008,CALIFORNIA PACIFIC MEDICAL CTR-DAVIES CAMPUS HOSP,CA,SAN FRANCISCO,Acute Care Hospitals,Voluntary non-profit - Other,3.0,3,1,74.0,0.3,3886.0,0.9725,1,Heart failure,1.0191,178,0.298
050122,DAMERON HOSPITAL,CA,STOCKTON,Acute Care Hospitals,Voluntary non-profit - Other,2.0,5,1,302.0,0.2,3309.0,0.9845,1,Pneumonia,1.0114,179,0.404
050283,STANFORD HEALTH CARE TRI-VALLEY,CA,PLEASANTON,Acute Care Hospitals,Voluntary non-profit - Private,5.0,6,2,912.0,0.2,3067.0,0.9732,1,Hip/knee replacement,1.1036,180,0.304
050248,NATIVIDAD MEDICAL CENTER,CA,SALINAS,Acute Care Hospitals,Government - Local,3.0,3,2,210.0,0.2,2999.0,1.0088,1,COPD,1.019,181,0.613
050783,COLUSA MEDICAL CENTER,CA,COLUSA,Acute Care Hospitals,Proprietary,1.0,3,1,63.0,0.2,2730.0,0.9829,1,COPD,1.017,182,0.386
050291,SUTTER SANTA ROSA REGIONAL HOSPITAL,CA,SANTA ROSA,Acute Care Hospitals,Voluntary non-profit - Other,5.0,5,1,1122.0,0.2,2460.0,0.9776,1,Hip/knee replacement,1.011,183,0.339
050279,HI-DESERT MEDICAL CENTER,CA,JOSHUA TREE,Acute Care Hospitals,Government - Hospital District or Authority,2.0,2,2,92.0,0.1,2264.0,1.0089,1,Pneumonia,1.0114,184,0.614
050043,ALTA BATES SUMMIT MEDICAL CENTER,CA,OAKLAND,Acute Care Hospitals,Voluntary non-profit - Private,5.0,6,1,1295.0,0.1,1562.0,0.9306,1,COPD,1.005,185,0.133
050262,RONALD REAGAN UCLA MEDICAL CENTER,CA,LOS ANGELES,Acute Care Hospitals,Government - State,4.0,5,1,1071.0,0.1,1519.0,0.959,1,Bypass surgery (CABG),1.0079,186,0.224
050042,ST ELIZABETH COMMUNITY HOSPITAL,CA,RED BLUFF,Acute Care Hospitals,Voluntary non-profit - Church,4.0,3,1,357.0,0.1,1334.0,0.9819,1,Heart failure,1.003,187,0.379
050100,SHARP MEMORIAL HOSPITAL,CA,SAN DIEGO,Acute Care Hospitals,Voluntary non-profit - Private,4.0,6,3,1277.0,0.1,1246.0,1.0302,1,Hip/knee replacement,1.189,188,0.776
050298,BARSTOW COMMUNITY HOSPITAL,CA,BARSTOW,Acute Care Hospitals,Proprietary,1.0,2,1,62.0,0.1,1109.0,0.9877,1,Pneumonia,1.007,189,0.434
050301,ADVENTIST HEALTH UKIAH VALLEY,CA,UKIAH,Acute Care Hospitals,Voluntary non-profit - Private,4.0,3,1,398.0,0.1,824.0,0.9872,1,Heart failure,1.0017,190,0.43
050232,FRENCH HOSPITAL MEDICAL CENTER,CA,SAN LUIS OBISPO,Acute Care Hospitals,Voluntary non-profit - Private,5.0,6,1,935.0,0.1,769.0,0.9406,1,Heart attack,1.0015,191,0.158
050689,SAN RAMON REGIONAL MEDICAL CENTER,CA,SAN RAMON,Acute Care Hospitals,Proprietary,4.0,5,2,509.0,0.0,439.0,0.9758,1,Heart attack,1.0243,192,0.326
050272,REDLANDS COMMUNITY HOSPITAL,CA,REDLANDS,Acute Care Hospitals,Voluntary non-profit - Private,2.0,4,1,304.0,0.0,399.0,0.973,1,Pneumonia,1.0007,193,0.302
050394,COMMUNITY MEMORIAL HOSPITAL - VENTURA,CA,VENTURA,Acute Care Hospitals,Voluntary non-profit - Private,4.0,6,1,891.0,0.0,130.0,0.9753,1,Heart attack,1.0004,194,0.321
050070,KAISER FOUNDATION HOSPITAL - SOUTH SAN FRANCISCO,CA,SOUTH SAN FRANCISCO,Acute Care Hospitals,Voluntary non-profit - Private,4.0,0,0,0.0,0.0,0.0,,0,,,195,0.0
050072,KAISER FOUNDATION HOSPITAL - WALNUT CREEK,CA,WALNUT CREEK,Acute Care Hospitals,Voluntary non-profit - Private,3.0,0,0,0.0,0.0,0.0,,0,,,195,0.0
050076,KAISER FOUNDATION HOSPITAL - SAN FRANCISCO,CA,SAN FRANCISCO,Acute Care Hospitals,Voluntary non-profit - Private,4.0,0,0,0.0,0.0,0.0,,0,,,195,0.0
050137,KAISER FOUNDATION HOSPITAL - PANORAMA CITY,CA,PANORAMA CITY,Acute Care Hospitals,Voluntary non-profit - Private,4.0,0,0,0.0,0.0,0.0,,0,,,195,0.0
050139,KAISER FOUNDATION HOSPITAL - DOWNEY,CA,DOWNEY,Acute Care Hospitals,Voluntary non-profit - Other,4.0,0,0,0.0,0.0,0.0,,0,,,195,0.0
050378,PACIFICA HOSPITAL OF THE VALLEY,CA,SUN VALLEY,Acute Care Hospitals,Proprietary,,0,0,0.0,0.0,0.0,,0,,,195,0.0
050411,KAISER FOUNDATION HOSPITAL - SOUTH BAY,CA,HARBOR CITY,Acute Care Hospitals,Voluntary non-profit - Other,3.0,0,0,0.0,0.0,0.0,,0,,,195,0.0
050510,KAISER FOUNDATION HOSPITAL,CA,SAN RAFAEL,Acute Care Hospitals,Voluntary non-profit - Private,4.0,0,0,0.0,0.0,0.0,,0,,,195,0.0
050512,KAISER FOUNDATION HOSPITAL - FREMONT,CA,FREMONT,Acute Care Hospitals,Voluntary non-profit - Private,4.0,0,0,0.0,0.0,0.0,,0,,,195,0.0
050541,KAISER FOUNDATION HOSPITAL - REDWOOD CITY,CA,REDWOOD CITY,Acute Care Hospitals,Voluntary non-profit - Private,4.0,0,0,0.0,0.0,0.0,,0,,,195,0.0
050543,COLLEGE HOSPITAL COSTA MESA,CA,COSTA MESA,Acute Care Hospitals,Proprietary,,0,0,0.0,0.0,0.0,,0,,,195,0.0
050546,PORTERVILLE DEVELOPMENTAL CENTER,CA,PORTERVILLE,Acute Care Hospitals,Government - State,,0,0,0.0,0.0,0.0,,0,,,195,0.0
050677,KAISER FOUNDATION HOSPITAL - WOODLAND HILLS,CA,WOODLAND HILLS,Acute Care Hospitals,Voluntary non-profit - Private,4.0,0,0,0.0,0.0,0.0,,0,,,195,0.0
050686,"KAISER FOUNDATION HOSPITAL, RIVERSIDE",CA,RIVERSIDE,Acute Care Hospitals,Voluntary non-profit - Private,4.0,0,0,0.0,0.0,0.0,,0,,,195,0.0
050690,KAISER FOUNDATION HOSPITAL-SANTA ROSA,CA,SANTA ROSA,Acute Care Hospitals,Voluntary non-profit - Private,3.0,0,0,0.0,0.0,0.0,,0,,,195,0.0
050710,KAISER FOUNDATION HOSPITAL - FRESNO,CA,FRESNO,Acute Care Hospitals,Voluntary non-profit - Private,4.0,0,0,0.0,0.0,0.0,,0,,,195,0.0
050717,LAC/RANCHO LOS AMIGOS NATIONAL REHABILITATION  CTR,CA,DOWNEY,Acute Care Hospitals,Government - Local,3.0,0,0,0.0,0.0,0.0,,0,,,195,0.0
050748,KAISER FOUNDATION HOSPITAL MANTECA,CA,MANTECA,Acute Care Hospitals,Voluntary non-profit - Private,4.0,0,0,0.0,0.0,0.0,,0,,,195,0.0
050765,KAISER FOUNDATION HOSPITAL-MORENO VALLEY,CA,MORENO VALLEY,Acute Care Hospitals,Voluntary non-profit - Private,4.0,0,0,0.0,0.0,0.0,,0,,,195,0.0
050767,KAISER FOUNDATION HOSPITAL - VACAVILLE,CA,VACAVILLE,Acute Care Hospitals,Voluntary non-profit - Private,4.0,0,0,0.0,0.0,0.0,,0,,,195,0.0
050772,KAISER FOUNDATION HOSPITAL - ROSEVILLE,CA,ROSEVILLE,Acute Care Hospitals,Voluntary non-profit - Private,4.0,0,0,0.0,0.0,0.0,,0,,,195,0.0
050778,LOMA LINDA UNIVERSITY CHILDREN'S HOSPITAL,CA,LOMA LINDA,Acute Care Hospitals,Voluntary non-profit - Church,3.0,0,0,0.0,0.0,0.0,,0,,,195,0.0
050854,"ANAHEIM COMMUNITY HOSPITAL, LLC",CA,ANAHEIM,Acute Care Hospitals,Proprietary,,0,0,0.0,0.0,0.0,,0,,,195,0.0
050855,KAISER FOUNDATION HOSPITAL - SAN MARCOS,CA,SAN MARCOS,Acute Care Hospitals,Voluntary non-profit - Private,4.0,0,0,0.0,0.0,0.0,,0,,,195,0.0
050785,DOCS SURGICAL HOSPITAL,CA,LOS ANGELES,Acute Care Hospitals,Physician,,1,0,0.0,0.0,0.0,0.7671,0,Hip/knee replacement,0.7671,195,0.079
050726,STANISLAUS SURGICAL HOSPITAL,CA,MODESTO,Acute Care Hospitals,Voluntary non-profit - Private,,1,0,0.0,0.0,0.0,0.7683,0,Hip/knee replacement,0.7683,195,0.079
050769,HOAG ORTHOPEDIC INSTITUTE,CA,IRVINE,Acute Care Hospitals,Proprietary,,1,0,803.0,0.0,0.0,0.8244,0,Hip/knee replacement,0.8244,195,0.082
050708,FRESNO SURGICAL HOSPITAL,CA,FRESNO,Acute Care Hospitals,Proprietary,,1,0,0.0,0.0,0.0,0.8249,0,Hip/knee replacement,0.8249,195,0.082
050424,SCRIPPS GREEN HOSPITAL,CA,LA JOLLA,Acute Care Hospitals,Voluntary non-profit - Other,5.0,4,0,1224.0,0.0,0.0,0.8989,0,Pneumonia,0.9803,195,0.097
050305,ALTA BATES SUMMIT MEDICAL CENTER - ALTA BATES CAMP,CA,BERKELEY,Acute Care Hospitals,Voluntary non-profit - Private,4.0,4,0,352.0,0.0,0.0,0.9143,0,COPD,0.9964,195,0.109
050197,SEQUOIA HOSPITAL,CA,REDWOOD CITY,Acute Care Hospitals,Voluntary non-profit - Private,5.0,6,1,471.0,0.0,0.0,0.9176,1,Bypass surgery (CABG),1.057,195,0.112
050006,PROVIDENCE ST JOSEPH HOSPITAL,CA,EUREKA,Acute Care Hospitals,Voluntary non-profit - Private,4.0,6,1,1131.0,0.0,0.0,0.9223,1,Bypass surgery (CABG),1.02,195,0.12
050254,MARSHALL MEDICAL CENTER,CA,PLACERVILLE,Acute Care Hospitals,Voluntary non-profit - Private,4.0,4,0,763.0,0.0,0.0,0.9255,0,Pneumonia,0.9682,195,0.125
050224,HOAG MEMORIAL HOSPITAL PRESBYTERIAN,CA,NEWPORT BEACH,Acute Care Hospitals,Voluntary non-profit - Private,5.0,5,0,2624.0,0.0,0.0,0.9293,0,COPD,0.9887,195,0.132
050313,SUTTER TRACY COMMUNITY HOSPITAL,CA,TRACY,Acute Care Hospitals,Proprietary,4.0,4,1,259.0,0.0,0.0,0.9407,1,Hip/knee replacement,1.0355,195,0.159
050234,SHARP CORONADO HOSPITAL AND HLTHCR CTR,CA,CORONADO,Acute Care Hospitals,Proprietary,4.0,4,0,144.0,0.0,0.0,0.9425,0,COPD,0.992,195,0.162
050257,"GOOD SAMARITAN HOSPITAL, LP",CA,BAKERSFIELD,Acute Care Hospitals,Proprietary,,1,0,0.0,0.0,0.0,0.9522,0,Pneumonia,0.9522,195,0.197
050009,PROVIDENCE QUEEN OF THE VALLEY MEDICAL CENTER,CA,NAPA,Acute Care Hospitals,Voluntary non-profit - Private,4.0,6,1,838.0,0.0,0.0,0.9556,1,Bypass surgery (CABG),1.0082,195,0.209
050360,MARINHEALTH MEDICAL CENTER,CA,GREENBRAE,Acute Care Hospitals,Government - Hospital District or Authority,5.0,6,1,1272.0,0.0,0.0,0.9569,1,Bypass surgery (CABG),1.0093,195,0.213
050537,SUTTER DAVIS HOSPITAL,CA,DAVIS,Acute Care Hospitals,Voluntary non-profit - Private,4.0,3,0,160.0,0.0,0.0,0.9597,0,Pneumonia,0.9716,195,0.227
050131,NOVATO COMMUNITY HOSPITAL,CA,NOVATO,Acute Care Hospitals,Voluntary non-profit - Private,5.0,4,1,238.0,0.0,0.0,0.9606,1,COPD,1.0298,195,0.23
050782,CASA COLINA HOSPITAL,CA,POMONA,Acute Care Hospitals,Voluntary non-profit - Private,,2,0,0.0,0.0,0.0,0.964,0,Pneumonia,0.9846,195,0.25
050054,SAN GORGONIO MEMORIAL HOSPITAL,CA,BANNING,Acute Care Hospitals,Government - Hospital District or Authority,3.0,2,0,0.0,0.0,0.0,0.9652,0,Heart failure,0.9724,195,0.256
050352,BARTON MEMORIAL HOSPITAL,CA,SOUTH LAKE TAHOE,Acute Care Hospitals,Voluntary non-profit - Private,3.0,2,1,0.0,0.0,0.0,0.9671,1,Heart failure,1.0198,195,0.268
050082,ST JOHNS REGIONAL MEDICAL CENTER,CA,OXNARD,Acute Care Hospitals,Voluntary non-profit - Private,4.0,6,1,1689.0,0.0,0.0,0.9674,1,Bypass surgery (CABG),1.0261,195,0.27
050515,KAISER FOUNDATION HOSPITAL - SAN DIEGO,CA,SAN DIEGO,Acute Care Hospitals,Voluntary non-profit - Private,4.0,1,0,0.0,0.0,0.0,0.97,0,Heart failure,0.97,195,0.283
050498,SUTTER AUBURN FAITH HOSPITAL,CA,AUBURN,Acute Care Hospitals,Voluntary non-profit - Private,5.0,4,0,350.0,0.0,0.0,0.9702,0,Pneumonia,0.9952,195,0.285
050335,ADVENTIST HEALTH SONORA,CA,SONORA,Acute Care Hospitals,Voluntary non-profit - Church,3.0,4,0,785.0,0.0,0.0,0.9708,0,Heart attack,0.99,195,0.287
050417,SUTTER COAST HOSPITAL,CA,CRESCENT CITY,Acute Care Hospitals,Government - Hospital District or Authority,2.0,4,0,280.0,0.0,0.0,0.973,0,COPD,0.9959,195,0.302
050357,GOLETA VALLEY COTTAGE HOSPITAL,CA,SANTA BARBARA,Acute Care Hospitals,Voluntary non-profit - Other,5.0,3,0,359.0,0.0,0.0,0.9745,0,Heart failure,0.9895,195,0.313
050780,FOOTHILL REGIONAL MEDICAL CENTER,CA,TUSTIN,Acute Care Hospitals,Proprietary,3.0,2,0,179.0,0.0,0.0,0.976,0,Heart failure,0.9771,195,0.328
050603,MEMORIALCARE SADDLEBACK MEDICAL CENTER,CA,LAGUNA HILLS,Acute Care Hospitals,Voluntary non-profit - Private,4.0,5,1,920.0,0.0,0.0,0.9778,1,Bypass surgery (CABG),1.0216,195,0.34
050078,PROVIDENCE LITTLE CO OF MARY MED CTR SAN PEDRO,CA,SAN PEDRO,Acute Care Hospitals,Voluntary non-profit - Private,4.0,3,1,218.0,0.0,0.0,0.9783,1,COPD,1.0026,195,0.346
050014,SUTTER AMADOR HOSPITAL,CA,JACKSON,Acute Care Hospitals,Voluntary non-profit - Private,4.0,4,1,326.0,0.0,0.0,0.979,1,Hip/knee replacement,1.0923,195,0.352
050425,KAISER FOUNDATION HOSPITAL - SACRAMENTO,CA,SACRAMENTO,Acute Care Hospitals,Voluntary non-profit - Private,4.0,2,0,0.0,0.0,0.0,0.9793,0,Pneumonia,0.9879,195,0.355
050245,ARROWHEAD REGIONAL MEDICAL CENTER,CA,COLTON,Acute Care Hospitals,Government - Local,2.0,2,0,212.0,0.0,0.0,0.9818,0,Pneumonia,0.9818,195,0.377
050136,PETALUMA VALLEY HOSPITAL,CA,PETALUMA,Acute Care Hospitals,Voluntary non-profit - Other,4.0,4,0,248.0,0.0,0.0,0.9827,0,Pneumonia,0.9986,195,0.384
050069,PROVIDENCE ST. JOSEPH HOSPITAL,CA,ORANGE,Acute Care Hospitals,Voluntary non-profit - Church,4.0,6,1,1088.0,0.0,0.0,0.9842,1,Hip/knee replacement,1.0358,195,0.399
050192,ADVENTIST HEALTH REEDLEY,CA,REEDLEY,Acute Care Hospitals,Voluntary non-profit - Private,,1,0,0.0,0.0,0.0,0.9855,0,Pneumonia,0.9855,195,0.414
050231,POMONA VALLEY HOSPITAL MEDICAL CENTER,CA,POMONA,Acute Care Hospitals,Voluntary non-profit - Private,3.0,6,1,694.0,0.0,0.0,0.9871,1,Hip/knee replacement,1.1519,195,0.428
050604,KAISER FOUNDATION HOSPITAL-SAN JOSE,CA,SAN JOSE,Acute Care Hospitals,Voluntary non-profit - Private,3.0,1,0,0.0,0.0,0.0,0.9913,0,Heart failure,0.9913,195,0.461
050488,EDEN MEDICAL CENTER,CA,CASTRO VALLEY,Acute Care Hospitals,Voluntary non-profit - Other,4.0,4,1,632.0,0.0,0.0,0.9919,1,Hip/knee replacement,1.0466,195,0.466
050028,MAD RIVER COMMUNITY HOSPITAL,CA,ARCATA,Acute Care Hospitals,Proprietary,1.0,4,2,0.0,0.0,0.0,0.9927,1,Hip/knee replacement,1.0051,195,0.474
050714,SUTTER MATERNITY & SURGERY CENTER OF SANTA CRUZ,CA,SANTA CRUZ,Acute Care Hospitals,Voluntary non-profit - Private,,1,0,0.0,0.0,0.0,0.9943,0,Hip/knee replacement,0.9943,195,0.493
050138,KAISER FOUNDATION HOSPITAL - LOS ANGELES,CA,LOS ANGELES,Acute Care Hospitals,Voluntary non-profit - Other,5.0,2,1,0.0,0.0,0.0,0.995,1,Heart attack,1.0337,195,0.502
050641,EAST LOS ANGELES DOCTORS HOSPITAL,CA,LOS ANGELES,Acute Care Hospitals,Proprietary,1.0,2,0,0.0,0.0,0.0,0.9965,0,Pneumonia,0.999,195,0.512
050090,SONOMA VALLEY HOSPITAL,CA,SONOMA,Acute Care Hospitals,Government - Hospital District or Authority,2.0,3,2,0.0,0.0,0.0,0.9967,1,COPD,1.0049,195,0.514
050073,KAISER FOUNDATION HOSPITAL AND REHAB CENTER,CA,VALLEJO,Acute Care Hospitals,Voluntary non-profit - Private,2.0,1,0,0.0,0.0,0.0,0.9979,0,Pneumonia,0.9979,195,0.523
050315,KERN MEDICAL CENTER,CA,BAKERSFIELD,Acute Care Hospitals,Government - Hospital District or Authority,1.0,2,1,0.0,0.0,0.0,1.0017,1,Heart failure,1.0145,195,0.552
050561,KAISER FOUNDATION HOSPITAL - WEST LA,CA,LOS ANGELES,Acute Care Hospitals,Voluntary non-profit - Private,3.0,2,2,0.0,0.0,0.0,1.0057,1,Heart failure,1.0097,195,0.587
050045,EL CENTRO REGIONAL MEDICAL CENTER,CA,EL CENTRO,Acute Care Hospitals,Government - Local,1.0,3,1,483.0,0.0,0.0,1.0062,1,COPD,1.0237,195,0.592
050040,LAC/OLIVE VIEW-UCLA MEDICAL CENTER,CA,SYLMAR,Acute Care Hospitals,Voluntary non-profit - Other,2.0,3,1,193.0,0.0,0.0,1.0063,1,COPD,1.0497,195,0.594
050744,ANAHEIM GLOBAL MEDICAL CENTER,CA,ANAHEIM,Acute Care Hospitals,Proprietary,2.0,1,1,0.0,0.0,0.0,1.007,1,Pneumonia,1.007,195,0.599
050609,KAISER FOUNDATION HOSPITAL - ORANGE COUNTY - ANAHEIM,CA,ANAHEIM,Acute Care Hospitals,Voluntary non-profit - Private,4.0,1,1,0.0,0.0,0.0,1.0089,1,Pneumonia,1.0089,195,0.614
050140,KAISER FOUNDATION HOSPITAL FONTANA/ONTARIO,CA,FONTANA,Acute Care Hospitals,Voluntary non-profit - Private,3.0,2,2,0.0,0.0,0.0,1.011,1,Heart failure,1.0122,195,0.628
050776,COLLEGE MEDICAL CENTER,CA,LONG BEACH,Acute Care Hospitals,Proprietary,3.0,3,2,94.0,0.0,0.0,1.0146,1,Heart failure,1.0318,195,0.661
050723,KAISER FOUNDATION HOSPITAL - BALDWIN PARK,CA,BALDWIN PARK,Acute Care Hospitals,Voluntary non-profit - Other,3.0,1,1,0.0,0.0,0.0,1.0171,1,Heart failure,1.0171,195,0.683
050113,SAN MATEO MEDICAL CENTER,CA,SAN MATEO,Acute Care Hospitals,Government - Local,,1,1,0.0,0.0,0.0,1.0273,1,Heart failure,1.0273,195,0.758
050071,KAISER FOUNDATION HOSPITAL-SANTA CLARA,CA,SANTA CLARA,Acute Care Hospitals,Voluntary non-profit - Private,2.0,2,1,0.0,0.0,0.0,1.0283,1,Heart failure,1.0683,195,0.767
050067,OAK VALLEY HOSPITAL DISTRICT,CA,OAKDALE,Acute Care Hospitals,Government - Hospital District or Authority,1.0,2,2,0.0,0.0,0.0,1.0292,1,Heart failure,1.0551,195,0.771
050777,KAISER FOUNDATION HOSPITAL - SAN LEANDRO,CA,SAN LEANDRO,Acute Care Hospitals,Voluntary non-profit - Private,2.0,1,1,0.0,0.0,0.0,1.0335,1,Heart failure,1.0335,195,0.795
050697,PATIENTS' HOSPITAL OF REDDING,CA,REDDING,Acute Care Hospitals,Proprietary,,1,1,0.0,0.0,0.0,1.0345,1,Hip/knee replacement,1.0345,195,0.801
050766,SUTTER SURGICAL HOSPITAL - NORTH VALLEY,CA,YUBA CITY,Acute Care Hospitals,Physician,,1,1,0.0,0.0,0.0,1.2,1,Hip/knee replacement,1.2,195,0.997
060112,SKY RIDGE MEDICAL CENTER,CO,LONE TREE,Acute Care Hospitals,Voluntary non-profit - Other,3.0,5,2,591.0,5.1,77843.0,1.0651,1,Hip/knee replacement,1.3284,1,0.925
060031,CENTURA HEALTH-PENROSE ST FRANCIS HEALTH SERVICES,CO,COLORADO SPRINGS,Acute Care Hospitals,Voluntary non-profit - Private,3.0,6,3,1833.0,4.6,69376.0,0.9863,1,Hip/knee replacement,1.3313,2,0.423
060113,AdventHealth Littleton,CO,LITTLETON,Acute Care Hospitals,Voluntary non-profit - Church,4.0,5,4,753.0,3.3,49687.0,1.0365,1,Hip/knee replacement,1.0997,3,0.811
060032,HCA HEALTHONE ROSE,CO,DENVER,Acute Care Hospitals,Proprietary,4.0,5,5,334.0,2.9,44217.0,1.0579,1,Hip/knee replacement,1.1714,4,0.907
060100,THE MEDICAL CENTER OF AURORA & SOUTH HOSPITAL,CO,AURORA,Acute Care Hospitals,Proprietary,4.0,6,2,765.0,2.8,41958.0,0.9815,1,Pneumonia,1.0593,5,0.374
060065,HCA HEALTHONE MOUNTAIN RIDGE,CO,THORNTON,Acute Care Hospitals,Voluntary non-profit - Private,3.0,4,3,158.0,1.5,23527.0,1.0276,1,Heart failure,1.0753,6,0.762
060015,CENTURA HEALTH-ST ANTHONY HOSPITAL,CO,LAKEWOOD,Acute Care Hospitals,Voluntary non-profit - Church,4.0,5,2,804.0,1.3,20601.0,0.9583,1,Pneumonia,1.032,7,0.22
060034,HCA-HEALTHONE DBA SWEDISH MEDICAL CENTER,CO,ENGLEWOOD,Acute Care Hospitals,Proprietary,4.0,6,1,491.0,1.0,15684.0,0.9576,1,Pneumonia,1.0227,8,0.217
060003,LONGMONT UNITED HOSPITAL,CO,LONGMONT,Acute Care Hospitals,Voluntary non-profit - Private,3.0,3,2,180.0,0.6,8493.0,1.006,1,Pneumonia,1.0443,9,0.591
060020,"PARKVIEW MEDICAL CENTER, INC",CO,PUEBLO,Acute Care Hospitals,Voluntary non-profit - Private,3.0,6,2,959.0,0.4,6216.0,0.9794,1,Bypass surgery (CABG),1.0822,10,0.355
060014,HCA HealthOne Presbyterian St. Lukes,CO,DENVER,Acute Care Hospitals,Government - State,2.0,3,3,119.0,0.4,5902.0,1.0395,1,Hip/knee replacement,1.0806,11,0.83
060027,BOULDER COMMUNITY HEALTH,CO,BOULDER,Acute Care Hospitals,Voluntary non-profit - Private,4.0,6,3,610.0,0.3,5296.0,0.9801,1,Bypass surgery (CABG),1.0501,12,0.362
060125,ADVENTHEALTH CASTLE ROCK,CO,CASTLE ROCK,Acute Care Hospitals,Voluntary non-profit - Private,5.0,4,2,247.0,0.3,5183.0,0.9876,1,Pneumonia,1.0183,13,0.433
060119,MEDICAL CENTER OF THE ROCKIES,CO,LOVELAND,Acute Care Hospitals,Voluntary non-profit - Private,5.0,6,1,949.0,0.3,4414.0,0.9225,1,Pneumonia,1.0067,14,0.12
060011,DENVER HEALTH & HOSPITAL AUTHORITY,CO,DENVER,Acute Care Hospitals,Government - State,3.0,3,1,57.0,0.2,3349.0,0.9844,1,Heart failure,1.0194,15,0.402
060116,GOOD SAMARITAN MEDICAL CENTER LLC,CO,LAFAYETTE,Acute Care Hospitals,Voluntary non-profit - Private,4.0,4,2,190.0,0.2,3154.0,0.9968,1,Pneumonia,1.0139,16,0.514
060104,CENTURA HEALTH-ST ANTHONY NORTH HEALTH CAMPUS,CO,WESTMINSTER,Acute Care Hospitals,Voluntary non-profit - Private,5.0,4,1,486.0,0.2,2674.0,0.9714,1,COPD,1.015,17,0.29
060001,BANNER NORTH COLORADO MEDICAL CENTER,CO,GREELEY,Acute Care Hospitals,Voluntary non-profit - Private,4.0,6,1,367.0,0.2,2476.0,0.9405,1,Pneumonia,1.0062,18,0.157
060107,NATIONAL JEWISH HEALTH,CO,DENVER,Acute Care Hospitals,Voluntary non-profit - Private,,0,0,0.0,0.0,0.0,,0,,,19,0.0
060118,ST ANTHONY SUMMIT MEDICAL CENTER,CO,FRISCO,Acute Care Hospitals,Voluntary non-profit - Church,,0,0,0.0,0.0,0.0,,0,,,19,0.0
060124,ORTHOCOLORADO HOSP AT ST ANTHONY MED CAMPUS,CO,LAKEWOOD,Acute Care Hospitals,Proprietary,,0,0,0.0,0.0,0.0,,0,,,19,0.0
060126,BANNER FORT COLLINS MEDICAL CENTER,CO,FORT COLLINS,Acute Care Hospitals,Voluntary non-profit - Other,,0,0,0.0,0.0,0.0,,0,,,19,0.0
060129,UCHEALTH BROOMFIELD HOSPITAL,CO,BROOMFIELD,Acute Care Hospitals,Proprietary,,0,0,0.0,0.0,0.0,,0,,,19,0.0
060133,ST FRANCIS HOSPITAL - INTERQUEST,CO,COLORADO SPRINGS,Acute Care Hospitals,Voluntary non-profit - Private,,0,0,0.0,0.0,0.0,,0,,,19,0.0
060117,"ANIMAS SURGICAL HOSPITAL, LLC",CO,DURANGO,Acute Care Hospitals,Physician,,1,0,0.0,0.0,0.0,0.8051,0,Hip/knee replacement,0.8051,19,0.081
060010,POUDRE VALLEY HOSPITAL,CO,FORT COLLINS,Acute Care Hospitals,Voluntary non-profit - Private,5.0,5,0,860.0,0.0,0.0,0.8859,0,Pneumonia,0.941,19,0.09
060023,INTERMOUNTAIN HEALTH ST. MARY'S REGIONAL HOSPITAL,CO,GRAND JUNCTION,Acute Care Hospitals,Voluntary non-profit - Church,4.0,6,0,782.0,0.0,0.0,0.9098,0,COPD,0.9814,19,0.105
060130,UCHEALTH GRANDVIEW HOSPITAL,CO,COLORADO SPRINGS,Acute Care Hospitals,Voluntary non-profit - Private,,2,0,0.0,0.0,0.0,0.9237,0,Pneumonia,0.9659,19,0.122
060009,INTERMOUNTAIN HEALTH LUTHERAN HOSPITAL,CO,WHEAT RIDGE,Acute Care Hospitals,Voluntary non-profit - Private,4.0,4,0,455.0,0.0,0.0,0.9262,0,Heart attack,0.9658,19,0.126
060114,AdventHealth Parker,CO,PARKER,Acute Care Hospitals,Voluntary non-profit - Private,5.0,5,0,401.0,0.0,0.0,0.9283,0,Heart failure,0.9779,19,0.129
060022,UCH-MEMORIAL HEALTH SYSTEM,CO,COLORADO SPRINGS,Acute Care Hospitals,Government - Local,4.0,6,0,1812.0,0.0,0.0,0.9312,0,COPD,0.9888,19,0.136
060013,MERCY REGIONAL MEDICAL CENTER,CO,DURANGO,Acute Care Hospitals,Voluntary non-profit - Church,5.0,4,0,388.0,0.0,0.0,0.9324,0,COPD,0.9738,19,0.138
060012,ST MARY-CORWIN HOSPITAL,CO,PUEBLO,Acute Care Hospitals,Voluntary non-profit - Church,4.0,2,0,0.0,0.0,0.0,0.9357,0,Heart failure,0.9527,19,0.144
060008,SAN LUIS VALLEY REGIONAL  MEDICAL CENTER,CO,ALAMOSA,Acute Care Hospitals,Voluntary non-profit - Private,3.0,2,0,0.0,0.0,0.0,0.9366,0,Pneumonia,0.9854,19,0.147
060054,COMMUNITY HOSPITAL,CO,GRAND JUNCTION,Acute Care Hospitals,Voluntary non-profit - Private,4.0,3,0,0.0,0.0,0.0,0.9382,0,Pneumonia,0.9685,19,0.151
060075,VALLEY VIEW HOSPITAL ASSOCIATION,CO,GLENWOOD SPRINGS,Acute Care Hospitals,Voluntary non-profit - Private,4.0,5,0,89.0,0.0,0.0,0.9394,0,Heart failure,0.9735,19,0.154
060024,UNIVERSITY OF COLORADO HOSPITAL AUTHORITY,CO,AURORA,Acute Care Hospitals,Government - Hospital District or Authority,5.0,6,1,1176.0,0.0,0.0,0.9433,1,Bypass surgery (CABG),1.035,19,0.166
060128,LONGS PEAK HOSPITAL,CO,LONGMONT,Acute Care Hospitals,Voluntary non-profit - Private,5.0,4,0,271.0,0.0,0.0,0.9456,0,COPD,0.974,19,0.172
060131,UCHEALTH GREELEY HOSPITAL,CO,GREELEY,Acute Care Hospitals,Voluntary non-profit - Private,4.0,4,0,302.0,0.0,0.0,0.9472,0,Pneumonia,0.9882,19,0.179
060096,VAIL HEALTH HOSPITAL,CO,VAIL,Acute Care Hospitals,Voluntary non-profit - Other,5.0,4,1,0.0,0.0,0.0,0.9505,1,Pneumonia,1.0062,19,0.191
060030,BANNER NORTH CO MEDICAL CENTER - LOVELAND CAMPUS,CO,LOVELAND,Acute Care Hospitals,Voluntary non-profit - Private,3.0,3,0,85.0,0.0,0.0,0.958,0,Heart failure,0.9676,19,0.22
060132,UCHEALTH HIGHLANDS RANCH HOSPITAL,CO,HIGHLANDS RANCH,Acute Care Hospitals,Voluntary non-profit - Private,5.0,4,0,434.0,0.0,0.0,0.9667,0,Pneumonia,0.9836,19,0.265
060006,MONTROSE REGIONAL HEALTH,CO,MONTROSE,Acute Care Hospitals,Voluntary non-profit - Private,4.0,4,1,0.0,0.0,0.0,0.9683,1,COPD,1.0114,19,0.274
060103,ADVENTHEALTH AVISTA,CO,LOUISVILLE,Acute Care Hospitals,Voluntary non-profit - Church,4.0,2,0,0.0,0.0,0.0,0.9725,0,Heart failure,0.9841,19,0.298
060044,ST ELIZABETH HOSPITAL,CO,FORT MORGAN,Acute Care Hospitals,Voluntary non-profit - Other,4.0,3,0,0.0,0.0,0.0,0.9759,0,Hip/knee replacement,0.9868,19,0.328
060004,INTERMOUNTAIN HEALTH PLATTE VALLEY HOSPITAL,CO,BRIGHTON,Acute Care Hospitals,Voluntary non-profit - Private,3.0,2,0,0.0,0.0,0.0,0.9777,0,Pneumonia,0.9838,19,0.34
060049,UCHEALTH YAMPA VALLEY MEDICAL CENTER,CO,STEAMBOAT SPRINGS,Acute Care Hospitals,Voluntary non-profit - Private,,1,0,0.0,0.0,0.0,0.9822,0,Pneumonia,0.9822,19,0.38
060028,SAINT JOSEPH HOSPITAL,CO,DENVER,Acute Care Hospitals,Voluntary non-profit - Private,5.0,4,1,218.0,0.0,0.0,0.9846,1,COPD,1.0085,19,0.405
060071,DELTA COUNTY MEMORIAL HOSPITAL,CO,DELTA,Acute Care Hospitals,Government - Local,3.0,2,1,0.0,0.0,0.0,0.9875,1,Heart failure,1.0056,19,0.433
060076,STERLING REGIONAL MEDCENTER,CO,STERLING,Acute Care Hospitals,Voluntary non-profit - Private,3.0,2,2,0.0,0.0,0.0,1.0123,1,Heart failure,1.0231,19,0.641
060064,AdventHealth Porter,CO,DENVER,Acute Care Hospitals,Voluntary non-profit - Private,4.0,6,2,265.0,0.0,0.0,1.0131,1,Hip/knee replacement,1.1377,19,0.647
070025,HARTFORD HOSPITAL,CT,HARTFORD,Acute Care Hospitals,Voluntary non-profit - Private,4.0,6,4,3382.0,46.2,702207.0,1.0356,1,Heart failure,1.1395,1,0.806
070010,BRIDGEPORT HOSPITAL,CT,BRIDGEPORT,Acute Care Hospitals,Voluntary non-profit - Private,4.0,6,2,1937.0,23.3,354502.0,1.0003,1,Pneumonia,1.1544,2,0.537
070020,MIDDLESEX HOSPITAL,CT,MIDDLETOWN,Acute Care Hospitals,Voluntary non-profit - Private,3.0,5,2,1257.0,14.8,224295.0,1.0349,1,Pneumonia,1.1678,3,0.803
070034,NORWALK HOSPITAL,CT,NORWALK,Acute Care Hospitals,Voluntary non-profit - Private,3.0,4,2,1055.0,10.7,162531.0,1.0272,1,Heart failure,1.1177,4,0.757
070033,DANBURY HOSPITAL,CT,DANBURY,Acute Care Hospitals,Voluntary non-profit - Private,4.0,6,1,2812.0,9.8,148703.0,0.9528,1,Pneumonia,1.0652,5,0.199
070011,CHARLOTTE HUNGERFORD HOSPITAL,CT,TORRINGTON,Acute Care Hospitals,Voluntary non-profit - Private,3.0,3,3,754.0,8.9,135229.0,1.0577,1,Pneumonia,1.1327,6,0.906
070018,GREENWICH HOSPITAL ASSOCIATION -,CT,GREENWICH,Acute Care Hospitals,Voluntary non-profit - Private,5.0,5,4,1211.0,8.3,126110.0,1.0011,1,Heart attack,1.1665,7,0.545
070003,DAY KIMBALL HOSPITAL,CT,PUTNAM,Acute Care Hospitals,Voluntary non-profit - Private,2.0,3,3,387.0,5.0,76332.0,1.0732,1,Heart failure,1.1082,8,0.944
070005,WATERBURY HOSPITAL,CT,WATERBURY,Acute Care Hospitals,Proprietary,2.0,5,2,965.0,4.3,66166.0,0.9791,1,Pneumonia,1.0569,9,0.353
070002,ST FRANCIS HOSPITAL & MEDICAL CENTER,CT,HARTFORD,Acute Care Hospitals,Voluntary non-profit - Church,2.0,6,3,1717.0,4.2,63014.0,0.9641,1,Bypass surgery (CABG),1.0636,10,0.25
070017,MIDSTATE MEDICAL CENTER,CT,MERIDEN,Acute Care Hospitals,Voluntary non-profit - Private,4.0,4,2,1021.0,3.7,55453.0,1.0858,1,Hip/knee replacement,1.2865,11,0.961
070029,BRISTOL HOSPITAL,CT,BRISTOL,Acute Care Hospitals,Voluntary non-profit - Private,2.0,3,3,438.0,3.5,53538.0,1.0594,1,COPD,1.1207,12,0.912
070024,WILLIAM W BACKUS HOSPITAL,CT,NORWICH,Acute Care Hospitals,Voluntary non-profit - Other,4.0,4,1,1157.0,3.1,47390.0,0.973,1,COPD,1.0696,13,0.302
070028,ST VINCENT'S MEDICAL CENTER,CT,BRIDGEPORT,Acute Care Hospitals,Voluntary non-profit - Private,4.0,6,3,904.0,3.1,47352.0,0.9856,1,Bypass surgery (CABG),1.0638,14,0.416
070035,THE HOSPITAL OF CENTRAL CONNECTICUT,CT,NEW BRITAIN,Acute Care Hospitals,Voluntary non-profit - Other,2.0,4,3,1030.0,1.3,19590.0,1.0105,1,Heart attack,1.0246,15,0.627
070006,STAMFORD HOSPITAL,CT,STAMFORD,Acute Care Hospitals,Voluntary non-profit - Private,5.0,6,2,1341.0,1.1,15962.0,0.9664,1,COPD,1.0713,16,0.264
070036,JOHN DEMPSEY HOSPITAL OF THE UNIVERSITY OF CONNECT,CT,FARMINGTON,Acute Care Hospitals,Government - Local,3.0,4,2,802.0,1.0,14812.0,1.0002,1,COPD,1.0308,17,0.537
070027,MANCHESTER MEMORIAL HOSPITAL,CT,MANCHESTER,Acute Care Hospitals,Proprietary,4.0,4,1,479.0,0.8,12929.0,0.9749,1,Heart failure,1.0255,18,0.317
070021,WINDHAM COMMUNITY MEMORIAL HOSPITAL,CT,WILLIMANTIC,Acute Care Hospitals,Voluntary non-profit - Private,3.0,3,2,314.0,0.4,5713.0,1.0057,1,COPD,1.0237,19,0.587
070022,YALE-NEW HAVEN HOSPITAL,CT,NEW HAVEN,Acute Care Hospitals,Voluntary non-profit - Private,5.0,6,2,3750.0,0.3,4238.0,0.9977,1,Hip/knee replacement,1.1017,20,0.522
070004,SHARON HOSPITAL,CT,SHARON,Acute Care Hospitals,Proprietary,5.0,4,2,281.0,0.2,3689.0,0.9746,1,Heart failure,1.011,21,0.314
070016,SAINT MARY'S HOSPITAL,CT,WATERBURY,Acute Care Hospitals,Voluntary non-profit - Church,3.0,4,1,717.0,0.2,2502.0,0.9594,1,Heart failure,1.0029,22,0.226
070008,JOHNSON MEMORIAL HOSPITAL,CT,STAFFORD SPRINGS,Acute Care Hospitals,Voluntary non-profit - Private,3.0,3,2,75.0,0.1,2273.0,1.0046,1,COPD,1.0169,23,0.574
070012,ROCKVILLE GENERAL HOSPITAL,CT,,,,,0,0,0.0,0.0,0.0,,0,,,24,0.0
070038,THE CONNECTICUT HOSPICE INC.,CT,BRANFORD,Acute Care Hospitals,Voluntary non-profit - Private,,0,0,0.0,0.0,0.0,,0,,,24,0.0
070031,GRIFFIN HOSPITAL,CT,DERBY,Acute Care Hospitals,Voluntary non-profit - Other,4.0,4,0,344.0,0.0,0.0,0.9183,0,Pneumonia,0.9751,24,0.113
070007,LAWRENCE & MEMORIAL HOSPITAL,CT,NEW LONDON,Acute Care Hospitals,Voluntary non-profit - Private,3.0,4,0,1219.0,0.0,0.0,0.962,0,Heart attack,0.9865,24,0.236
090003,HOWARD UNIVERSITY HOSPITAL CORP,DC,WASHINGTON,Acute Care Hospitals,Voluntary non-profit - Other,1.0,4,3,332.0,7.3,111636.0,1.0581,1,Heart failure,1.1552,1,0.91
090011,MEDSTAR WASHINGTON HOSPITAL CENTER,DC,WASHINGTON,Acute Care Hospitals,Voluntary non-profit - Other,3.0,6,3,2883.0,3.0,46174.0,0.9867,1,Hip/knee replacement,1.0632,2,0.425
090004,MEDSTAR GEORGETOWN UNIVERSITY HOSPITAL,DC,WASHINGTON,Acute Care Hospitals,Proprietary,3.0,4,1,389.0,0.0,0.0,0.9763,1,Hip/knee replacement,1.0262,3,0.33
090001,GEORGE WASHINGTON UNIV HOSPITAL,DC,WASHINGTON,Acute Care Hospitals,Proprietary,2.0,6,1,765.0,0.0,0.0,0.9797,1,Bypass surgery (CABG),1.0129,3,0.358
090005,SIBLEY MEMORIAL HOSPITAL,DC,WASHINGTON,Acute Care Hospitals,Voluntary non-profit - Other,5.0,5,1,795.0,0.0,0.0,0.9801,1,Hip/knee replacement,1.0536,3,0.362
090008,UNITED MEDICAL CENTER,DC,WASHINGTON,Acute Care Hospitals,Proprietary,3.0,3,0,128.0,0.0,0.0,0.9808,0,Pneumonia,0.9845,3,0.368
080004,"BAYHEALTH MEDICAL CENTER, KENT CAMPUS",DE,DOVER,Acute Care Hospitals,Voluntary non-profit - Private,2.0,6,5,2048.0,11.3,171195.0,1.047,1,Heart attack,1.1318,1,0.864
080007,BEEBE MEDICAL CENTER,DE,LEWES,Acute Care Hospitals,Voluntary non-profit - Private,3.0,6,2,2265.0,0.5,7920.0,1.0211,1,Hip/knee replacement,1.2071,2,0.713
080001,CHRISTIANA HOSPITAL,DE,NEWARK,Acute Care Hospitals,Voluntary non-profit - Private,4.0,6,1,6225.0,0.0,313.0,0.9122,1,Heart attack,1.0003,3,0.107
080006,"TIDALHEALTH NANTICOKE, INC.",DE,SEAFORD,Acute Care Hospitals,Voluntary non-profit - Private,3.0,4,0,864.0,0.0,0.0,0.9427,0,COPD,0.9755,4,0.163
080009,"BAYHEALTH HOSPITAL, SUSSEX CAMPUS",DE,MILFORD,Acute Care Hospitals,Voluntary non-profit - Private,3.0,5,0,926.0,0.0,0.0,0.9647,0,COPD,0.9859,4,0.253
080003,ST FRANCIS HOSPITAL,DE,WILMINGTON,Acute Care Hospitals,Voluntary non-profit - Private,3.0,4,1,148.0,0.0,0.0,0.9661,1,Heart attack,1.0126,4,0.262
100007,ADVENTHEALTH ORLANDO,FL,ORLANDO,Acute Care Hospitals,Voluntary non-profit - Private,3.0,6,6,9480.0,238.3,3622117.0,1.1426,1,Bypass surgery (CABG),1.2228,1,0.991
100212,MARION COMMUNTIY HOSPITAL,FL,OCALA,Acute Care Hospitals,Proprietary,1.0,6,5,3848.0,63.5,965814.0,1.0749,1,Heart attack,1.1634,2,0.946
100044,CLEVELAND CLINIC MARTIN NORTH HOSPITAL,FL,STUART,Acute Care Hospitals,Voluntary non-profit - Private,3.0,6,5,4171.0,56.0,851083.0,1.0773,1,Hip/knee replacement,1.1359,3,0.951
100157,LAKELAND REGIONAL MEDICAL CENTER,FL,LAKELAND,Acute Care Hospitals,Voluntary non-profit - Private,1.0,6,4,2775.0,52.8,801859.0,1.0404,1,Pneumonia,1.1637,4,0.836
100260,ST LUCIE MEDICAL CENTER,FL,PORT SAINT LUCIE,Acute Care Hospitals,Proprietary,1.0,5,5,1990.0,51.1,776417.0,1.2014,1,Hip/knee replacement,1.3249,5,0.997
100075,ST JOSEPHS HOSPITAL,FL,TAMPA,Acute Care Hospitals,Voluntary non-profit - Church,4.0,5,2,3434.0,37.4,568981.0,0.9839,1,Heart failure,1.1111,6,0.396
100006,ORLANDO HEALTH,FL,ORLANDO,Acute Care Hospitals,Voluntary non-profit - Private,4.0,6,2,4368.0,34.5,523956.0,1.0074,1,COPD,1.1154,7,0.603
100223,HCA FLORIDA FORT WALTON-DESTIN HOSPITAL,FL,FORT WALTON BEACH,Acute Care Hospitals,Proprietary,3.0,6,5,1612.0,30.3,461116.0,1.0854,1,Heart failure,1.1386,8,0.96
100253,JUPITER MEDICAL CENTER,FL,JUPITER,Acute Care Hospitals,Voluntary non-profit - Private,4.0,6,5,2425.0,29.4,447531.0,1.0604,1,Pneumonia,1.1315,9,0.915
100236,HCA FLORIDA FAWCETT HOSPITAL,FL,PORT CHARLOTTE,Acute Care Hospitals,Proprietary,1.0,6,4,1493.0,22.5,341897.0,1.0474,1,Pneumonia,1.1519,10,0.865
100127,MORTON PLANT HOSPITAL,FL,CLEARWATER,Acute Care Hospitals,Voluntary non-profit - Private,4.0,6,3,2355.0,22.1,336154.0,0.9615,1,Heart failure,1.1047,11,0.234
100113,UF HEALTH SHANDS HOSPITAL,FL,GAINESVILLE,Acute Care Hospitals,Voluntary non-profit - Private,5.0,6,2,2290.0,21.9,332436.0,0.9894,1,Pneumonia,1.1252,12,0.446
100246,HCA FLORIDA LAWNWOOD HOSPITAL,FL,FORT PIERCE,Acute Care Hospitals,Proprietary,1.0,5,5,1307.0,21.8,330883.0,1.0947,1,Bypass surgery (CABG),1.1554,13,0.971
100077,Adventhealth Port Charlotte,FL,PORT CHARLOTTE,Acute Care Hospitals,Proprietary,1.0,5,5,1240.0,20.8,316548.0,1.0938,1,Bypass surgery (CABG),1.1374,14,0.971
100156,HCA FLORIDA LAKE CITY HOSPITAL,FL,LAKE CITY,Acute Care Hospitals,Proprietary,3.0,4,4,1102.0,19.9,302068.0,1.0671,1,Pneumonia,1.152,15,0.929
100256,HCA FLORIDA BAYONET POINT HOSPITAL,FL,HUDSON,Acute Care Hospitals,Proprietary,2.0,6,3,1088.0,18.8,284869.0,1.0798,1,Bypass surgery (CABG),1.2553,16,0.955
100052,WINTER HAVEN HOSPITAL,FL,WINTER HAVEN,Acute Care Hospitals,Voluntary non-profit - Private,3.0,5,4,1459.0,18.2,277004.0,1.0548,1,Heart attack,1.1016,17,0.894
100080,HCA FLORIDA JFK HOSPITAL,FL,ATLANTIS,Acute Care Hospitals,Proprietary,2.0,6,5,2273.0,17.6,267582.0,1.0765,1,Bypass surgery (CABG),1.1898,18,0.949
100238,HCA FLORIDA NORTHSIDE HOSPITAL,FL,SAINT PETERSBURG,Acute Care Hospitals,Proprietary,1.0,6,6,713.0,17.1,259641.0,1.136,1,Hip/knee replacement,1.2092,19,0.989
100286,PHYSICIANS REGIONAL MEDICAL CENTER - PINE RIDGE,FL,NAPLES,Acute Care Hospitals,Proprietary,2.0,6,4,2476.0,16.3,248445.0,1.0333,1,Heart attack,1.0918,20,0.794
100088,BAPTIST HEALTH MEDICAL CENTER - JACKSONVILLE,FL,JACKSONVILLE,Acute Care Hospitals,Voluntary non-profit - Private,4.0,6,3,4570.0,15.5,235604.0,1.0438,1,Hip/knee replacement,1.1825,21,0.853
100248,HCA FLORIDA LARGO HOSPITAL,FL,LARGO,Acute Care Hospitals,Proprietary,2.0,5,2,977.0,14.3,218082.0,1.0178,1,Heart failure,1.1446,22,0.69
100008,BAPTIST HOSPITAL OF MIAMI,FL,MIAMI,Acute Care Hospitals,Voluntary non-profit - Private,5.0,5,3,1650.0,14.3,217995.0,1.0022,1,Pneumonia,1.0856,23,0.556
100231,HCA FLORIDA WEST HOSPITAL,FL,PENSACOLA,Acute Care Hospitals,Proprietary,3.0,6,5,1556.0,14.2,215034.0,1.0431,1,Heart attack,1.1081,24,0.849
100281,MEMORIAL HOSPITAL WEST,FL,PEMBROKE PINES,Acute Care Hospitals,Government - Hospital District or Authority,3.0,5,5,1018.0,14.1,214464.0,1.0918,1,Pneumonia,1.1497,25,0.969
100128,TAMPA GENERAL HOSPITAL,FL,TAMPA,Acute Care Hospitals,Voluntary non-profit - Private,3.0,6,4,1854.0,13.9,210559.0,1.0523,1,Hip/knee replacement,1.2501,26,0.885
100086,BROWARD HEALTH NORTH,FL,DEERFIELD BEACH,Acute Care Hospitals,Government - Hospital District or Authority,3.0,5,4,543.0,12.8,194993.0,1.115,1,Hip/knee replacement,1.256,27,0.983
100264,HCA FLORIDA OAK HILL HOSPITAL,FL,BROOKSVILLE,Acute Care Hospitals,Proprietary,1.0,6,4,1876.0,12.7,192833.0,1.112,1,Hip/knee replacement,1.5196,28,0.981
100176,PALM BEACH GARDENS MEDICAL CENTER,FL,PALM BEACH GARDENS,Acute Care Hospitals,Proprietary,2.0,6,4,1368.0,12.5,190191.0,1.0516,1,Hip/knee replacement,1.1833,29,0.884
100062,ADVENTHEALTH OCALA,FL,OCALA,Acute Care Hospitals,Government - Hospital District or Authority,4.0,6,2,1948.0,12.5,189699.0,1.0052,1,Bypass surgery (CABG),1.1111,30,0.582
100243,HCA FLORIDA BRANDON HOSPITAL,FL,BRANDON,Acute Care Hospitals,Proprietary,3.0,6,4,1084.0,12.1,183774.0,1.0309,1,Pneumonia,1.118,31,0.78
100287,GOOD SAMARITAN MEDICAL CENTER,FL,WEST PALM BEACH,Acute Care Hospitals,Proprietary,2.0,5,5,860.0,11.8,180080.0,1.1538,1,Hip/knee replacement,1.4908,32,0.993
100018,NAPLES COMMUNITY HOSPITAL,FL,NAPLES,Acute Care Hospitals,Voluntary non-profit - Private,3.0,6,2,5275.0,11.1,168957.0,1.0238,1,Hip/knee replacement,1.129,33,0.733
100073,HOLY CROSS HOSPITAL,FL,FT LAUDERDALE,Acute Care Hospitals,Voluntary non-profit - Church,4.0,6,2,1601.0,10.7,162332.0,0.9673,1,Pneumonia,1.0987,34,0.269
100017,HALIFAX HEALTH MEDICAL CENTER,FL,DAYTONA BEACH,Acute Care Hospitals,Government - Hospital District or Authority,2.0,6,5,1112.0,10.6,160593.0,1.0241,1,Bypass surgery (CABG),1.1333,35,0.736
100213,HCA FLORIDA BLAKE HOSPITAL,FL,BRADENTON,Acute Care Hospitals,Proprietary,2.0,6,3,984.0,10.2,155628.0,1.0293,1,Bypass surgery (CABG),1.2233,36,0.771
100259,HCA FLORIDA SOUTH SHORE HOSPITAL,FL,SUN CITY CENTER,Acute Care Hospitals,Proprietary,2.0,5,5,837.0,10.1,154336.0,1.087,1,Hip/knee replacement,1.1722,37,0.962
100025,SACRED HEART HOSPITAL,FL,PENSACOLA,Acute Care Hospitals,Voluntary non-profit - Private,4.0,6,4,1420.0,10.1,153371.0,1.0209,1,Heart attack,1.0685,38,0.711
100057,ADVENTHEALTH WATERMAN,FL,TAVARES,Acute Care Hospitals,Voluntary non-profit - Church,4.0,6,3,2290.0,10.1,152789.0,1.0225,1,Bypass surgery (CABG),1.2227,39,0.725
100038,MEMORIAL REGIONAL HOSPITAL,FL,HOLLYWOOD,Acute Care Hospitals,Government - Hospital District or Authority,3.0,6,6,1127.0,9.1,137999.0,1.0671,1,Bypass surgery (CABG),1.1066,40,0.929
100051,ORLANDO HEALTH SOUTH LAKE HOSPITAL,FL,CLERMONT,Acute Care Hospitals,Government - Hospital District or Authority,3.0,5,2,1600.0,9.1,137877.0,1.0818,1,Hip/knee replacement,1.3525,41,0.958
100254,HCA FLORIDA CAPITAL HOSPITAL,FL,TALLAHASSEE,Acute Care Hospitals,Proprietary,2.0,6,4,679.0,8.8,134572.0,1.0366,1,Heart failure,1.1051,42,0.812
100224,UNIVERSITY HOSPITAL AND MEDICAL CENTER,FL,TAMARAC,Acute Care Hospitals,Proprietary,2.0,4,3,357.0,8.8,134188.0,1.0729,1,Heart failure,1.2013,43,0.943
100131,HCA FLORIDA AVENTURA HOSPITAL,FL,AVENTURA,Acute Care Hospitals,Voluntary non-profit - Private,3.0,5,2,1089.0,8.8,133098.0,1.021,1,Heart attack,1.1801,44,0.713
100321,ASCENSION ST VINCENT'S CLAY COUNTY,FL,MIDDLEBURG,Acute Care Hospitals,Voluntary non-profit - Private,3.0,5,3,922.0,8.6,131094.0,1.0349,1,Heart failure,1.1153,45,0.803
100275,WELLINGTON REGIONAL MEDICAL CENTER,FL,WELLINGTON,Acute Care Hospitals,Proprietary,2.0,5,3,812.0,8.6,130929.0,1.0348,1,Heart attack,1.0777,46,0.803
100055,ADVENTHEALTH NORTH PINELLAS,FL,TARPON SPRINGS,Acute Care Hospitals,Voluntary non-profit - Other,4.0,4,3,600.0,8.2,125348.0,1.0487,1,Heart failure,1.132,47,0.872
100191,HCA FLORIDA TRINITY HOSPITAL,FL,TRINITY,Acute Care Hospitals,Proprietary,2.0,5,5,757.0,8.2,125298.0,1.1332,1,Hip/knee replacement,1.3631,48,0.988
100276,BROWARD HEALTH CORAL SPRINGS,FL,CORAL SPRINGS,Acute Care Hospitals,Government - Hospital District or Authority,4.0,4,4,636.0,8.2,124776.0,1.0646,1,Pneumonia,1.0865,49,0.924
100110,HCA FLORIDA OSCEOLA HOSPITAL,FL,KISSIMMEE,Acute Care Hospitals,Proprietary,2.0,5,4,513.0,8.1,123645.0,1.0527,1,Heart attack,1.1305,50,0.886
100090,FLAGLER HOSPITAL,FL,SAINT AUGUSTINE,Acute Care Hospitals,Voluntary non-profit - Private,3.0,6,3,1589.0,8.0,122425.0,0.9874,1,COPD,1.0807,51,0.432
100166,HCA FLORIDA SARASOTA DOCTORS HOSPITAL,FL,SARASOTA,Acute Care Hospitals,Proprietary,4.0,5,2,1407.0,7.7,117077.0,1.023,1,Heart failure,1.104,52,0.727
100022,JACKSON HEALTH SYSTEM,FL,MIAMI,Acute Care Hospitals,Government - Hospital District or Authority,1.0,4,1,1185.0,7.2,109741.0,1.0154,1,Heart failure,1.075,53,0.667
100054,HCA FLORIDA TWIN CITIES HOSPITAL,FL,NICEVILLE,Acute Care Hospitals,Proprietary,5.0,3,3,361.0,7.0,107013.0,1.0793,1,Pneumonia,1.1937,54,0.953
100071,TAMPA GENERAL HOSPITAL BROOKSVILLE,FL,BROOKSVILLE,Acute Care Hospitals,Voluntary non-profit - Church,1.0,4,2,719.0,7.0,106131.0,1.0516,1,Heart failure,1.1424,55,0.884
100137,ADVENTHEALTH HEART OF FLORIDA,FL,DAVENPORT,Acute Care Hospitals,Proprietary,3.0,5,3,379.0,7.0,105925.0,1.0625,1,Pneumonia,1.1649,56,0.919
100002,BETHESDA HOSPITAL EAST,FL,BOYNTON BEACH,Acute Care Hospitals,Voluntary non-profit - Private,2.0,6,4,2016.0,6.9,104853.0,1.0403,1,Hip/knee replacement,1.1819,57,0.835
100040,ASCENSION ST VINCENT'S RIVERSIDE,FL,JACKSONVILLE,Acute Care Hospitals,Voluntary non-profit - Private,3.0,6,4,1481.0,6.7,102273.0,1.0357,1,COPD,1.1414,58,0.807
100267,HCA FLORIDA ENGLEWOOD HOSPITAL,FL,ENGLEWOOD,Acute Care Hospitals,Proprietary,3.0,5,3,637.0,6.6,99840.0,1.0207,1,Heart failure,1.0894,59,0.71
100189,HCA FLORIDA NORTHWEST HOSPITAL,FL,MARGATE,Acute Care Hospitals,Proprietary,2.0,4,4,711.0,6.5,98695.0,1.0495,1,Heart failure,1.0756,60,0.874
100151,MAYO CLINIC,FL,JACKSONVILLE,Acute Care Hospitals,Voluntary non-profit - Private,5.0,6,3,2310.0,6.4,97494.0,0.9901,1,Heart attack,1.1075,61,0.452
100269,HCA FLORIDA PALMS WEST HOSPITAL,FL,LOXAHATCHEE,Acute Care Hospitals,Proprietary,2.0,4,4,464.0,6.3,95954.0,1.055,1,Pneumonia,1.1548,62,0.895
100154,SOUTH MIAMI HOSPITAL,FL,MIAMI,Acute Care Hospitals,Voluntary non-profit - Private,4.0,5,2,959.0,6.1,92761.0,0.9939,1,Heart failure,1.0497,63,0.489
100290,"VILLAGES REGIONAL HOSPITAL, THE",FL,THE VILLAGES,Acute Care Hospitals,Voluntary non-profit - Private,4.0,5,3,2371.0,5.8,88436.0,1.0044,1,Pneumonia,1.0356,64,0.572
100047,SHOREPOINT HEALTH PUNTA GORDA,FL,,,,,3,1,497.0,5.4,81941.0,1.0274,1,Pneumonia,1.1199,65,0.76
100204,HCA FLORIDA NORTH FLORIDA HOSPITAL,FL,GAINESVILLE,Acute Care Hospitals,Proprietary,3.0,6,3,3095.0,5.2,79656.0,0.9926,1,COPD,1.0516,66,0.473
100252,HCA FLORIDA RAULERSON HOSPITAL,FL,OKEECHOBEE,Acute Care Hospitals,Proprietary,3.0,4,3,447.0,5.2,78663.0,1.0388,1,Heart failure,1.0916,67,0.825
100168,BOCA RATON REGIONAL HOSPITAL,FL,BOCA RATON,Acute Care Hospitals,Voluntary non-profit - Private,2.0,6,4,3053.0,5.0,76131.0,1.0514,1,Bypass surgery (CABG),1.2121,68,0.882
100220,GULF COAST MEDICAL CENTER LEE HEALTH,FL,FORT MYERS,Acute Care Hospitals,Government - Hospital District or Authority,4.0,5,2,2780.0,4.9,73848.0,0.9778,1,COPD,1.0431,69,0.34
100249,TAMPA GENERAL HOSPITAL CRYSTAL RIVER,FL,CRYSTAL RIVER,Acute Care Hospitals,Voluntary non-profit - Private,2.0,5,3,898.0,4.8,72320.0,0.9895,1,Heart attack,1.0561,70,0.447
100063,MORTON PLANT NORTH BAY HOSPITAL,FL,NEW PORT RICHEY,Acute Care Hospitals,Voluntary non-profit - Private,3.0,4,3,817.0,4.7,71988.0,1.0309,1,Heart attack,1.0718,71,0.78
100232,HCA FLORIDA PUTNAM HOSPITAL,FL,PALATKA,Acute Care Hospitals,Proprietary,2.0,5,4,795.0,4.5,67835.0,1.0545,1,Hip/knee replacement,1.1946,72,0.893
100226,HCA FLORIDA ORANGE PARK HOSPITAL,FL,ORANGE PARK,Acute Care Hospitals,Voluntary non-profit - Other,3.0,6,3,1216.0,4.4,66335.0,1.0432,1,Hip/knee replacement,1.3833,73,0.85
100030,ORLANDO HEALTH-HEALTH CENTRAL HOSPITAL,FL,OCOEE,Acute Care Hospitals,Government - State,3.0,5,4,848.0,4.4,66213.0,1.0194,1,Heart attack,1.0883,74,0.701
100039,BROWARD HEALTH MEDICAL CENTER,FL,FORT LAUDERDALE,Acute Care Hospitals,Government - Hospital District or Authority,3.0,5,2,684.0,4.3,65714.0,1.0093,1,Heart failure,1.0653,75,0.619
100028,PARRISH MEDICAL CENTER,FL,TITUSVILLE,Acute Care Hospitals,Government - Hospital District or Authority,2.0,5,1,441.0,4.3,65276.0,0.9678,1,Heart failure,1.1099,76,0.271
100049,HCA FLORIDA HIGHLANDS HOSPITAL,FL,SEBRING,Acute Care Hospitals,Proprietary,3.0,4,3,459.0,4.3,64821.0,1.0192,1,Pneumonia,1.0738,77,0.699
100023,HCA FLORIDA CITRUS HOSPITAL,FL,INVERNESS,Acute Care Hospitals,Government - Hospital District or Authority,2.0,6,4,1581.0,4.2,64308.0,0.9971,1,Hip/knee replacement,1.0559,78,0.516
100320,HCA FLORIDA POINCIANA HOSPITAL,FL,KISSIMMEE,Acute Care Hospitals,Proprietary,2.0,4,3,226.0,4.0,61096.0,1.047,1,Pneumonia,1.1323,79,0.864
100307,ASCENSION ST VINCENT'S SOUTHSIDE,FL,JACKSONVILLE,Acute Care Hospitals,Voluntary non-profit - Private,4.0,5,4,498.0,3.8,57631.0,1.0015,1,Pneumonia,1.0491,80,0.55
100029,NORTH SHORE MEDICAL CENTER,FL,MIAMI,Acute Care Hospitals,Proprietary,1.0,5,2,460.0,3.7,56927.0,1.0087,1,Heart failure,1.0994,81,0.611
100173,ADVENTHEALTH TAMPA,FL,TAMPA,Acute Care Hospitals,Voluntary non-profit - Private,3.0,6,4,1412.0,3.6,55186.0,1.0156,1,Bypass surgery (CABG),1.1134,82,0.67
100319,ADVENTHEALTH WESLEY CHAPEL,FL,WESLEY CHAPEL,Acute Care Hospitals,Voluntary non-profit - Private,5.0,5,2,1048.0,3.6,54390.0,1.034,1,Hip/knee replacement,1.2061,83,0.798
100109,ADVENTHEALTH SEBRING,FL,SEBRING,Acute Care Hospitals,Voluntary non-profit - Private,3.0,5,2,1825.0,3.4,51250.0,0.9893,1,COPD,1.0626,84,0.445
100093,BAPTIST HOSPITAL,FL,PENSACOLA,Acute Care Hospitals,Voluntary non-profit - Private,4.0,6,3,1892.0,3.3,50815.0,1.0036,1,Bypass surgery (CABG),1.0746,85,0.565
100206,HCA FLORIDA SOUTH TAMPA HOSPITAL,FL,TAMPA,Acute Care Hospitals,Proprietary,5.0,4,3,303.0,3.3,50172.0,1.0366,1,Heart failure,1.0771,86,0.812
100302,ORLANDO HEALTH ST CLOUD HOSPITAL,FL,SAINT CLOUD,Acute Care Hospitals,Proprietary,2.0,4,4,390.0,3.2,49266.0,1.0426,1,Heart failure,1.069,87,0.847
100053,HIALEAH HOSPITAL,FL,HIALEAH,Acute Care Hospitals,Proprietary,3.0,4,3,229.0,3.2,49127.0,1.0483,1,Heart failure,1.1485,88,0.869
100314,WEST KENDALL BAPTIST HOSPITAL,FL,MIAMI,Acute Care Hospitals,Voluntary non-profit - Private,5.0,3,1,447.0,3.2,48217.0,0.9972,1,Heart failure,1.0867,89,0.517
100284,KERALTY HOSPITAL,FL,MIAMI,Acute Care Hospitals,Proprietary,2.0,2,2,197.0,3.2,48103.0,1.0764,1,Pneumonia,1.0922,90,0.949
100118,AdventHealth Palm Coast,FL,PALM COAST,Acute Care Hospitals,Voluntary non-profit - Church,5.0,5,3,1198.0,3.1,47740.0,1.0071,1,Heart attack,1.1034,91,0.6
100258,DELRAY MEDICAL CENTER,FL,DELRAY BEACH,Acute Care Hospitals,Proprietary,1.0,6,4,2557.0,3.1,47085.0,1.0725,1,Hip/knee replacement,1.3055,92,0.942
100045,ADVENTHEALTH DELAND,FL,DELAND,Acute Care Hospitals,Voluntary non-profit - Church,4.0,4,4,837.0,3.1,46758.0,1.0216,1,COPD,1.0365,93,0.718
100124,SANTA ROSA MEDICAL CENTER,FL,MILTON,Acute Care Hospitals,Proprietary,4.0,4,2,470.0,2.9,44551.0,1.0038,1,Pneumonia,1.0598,94,0.567
100072,ADVENTHEALTH FISH MEMORIAL,FL,ORANGE CITY,Acute Care Hospitals,Voluntary non-profit - Church,5.0,4,2,1113.0,2.8,42385.0,1.0226,1,Heart attack,1.1045,95,0.725
100161,CENTRAL FLORIDA LAKE MONROE HOSPITAL,FL,SANFORD,Acute Care Hospitals,Proprietary,2.0,6,4,499.0,2.8,42235.0,1.0258,1,Pneumonia,1.0765,96,0.746
100099,ADVENTHEALTH LAKE WALES,FL,LAKE WALES,Acute Care Hospitals,Proprietary,2.0,3,2,198.0,2.7,41332.0,1.0528,1,Pneumonia,1.154,97,0.886
100268,WEST BOCA MEDICAL CENTER,FL,BOCA RATON,Acute Care Hospitals,Proprietary,3.0,3,2,485.0,2.6,39855.0,1.0125,1,Pneumonia,1.0437,98,0.643
100167,HCA FLORIDA MERCY HOSPITAL,FL,PLANTATION,Acute Care Hospitals,Voluntary non-profit - Private,2.0,5,3,405.0,2.3,35443.0,1.0643,1,Hip/knee replacement,1.2991,99,0.923
100292,SACRED HEART HOSPITAL ON THE EMERALD COAST,FL,MIRAMAR BEACH,Acute Care Hospitals,Voluntary non-profit - Other,3.0,4,1,413.0,2.3,34203.0,0.9833,1,Pneumonia,1.0611,100,0.389
100228,WESTSIDE REGIONAL MEDICAL CENTER,FL,PLANTATION,Acute Care Hospitals,Proprietary,2.0,5,3,742.0,2.2,34028.0,1.0152,1,Heart attack,1.0722,101,0.665
100209,HCA FLORIDA KENDALL HOSPITAL,FL,MIAMI,Acute Care Hospitals,Proprietary,4.0,4,1,541.0,2.2,33788.0,1.0153,1,Heart attack,1.1449,102,0.666
100329,OVIEDO MEDICAL CENTER,FL,OVIEDO,Acute Care Hospitals,Proprietary,3.0,4,2,268.0,2.0,30422.0,1.0266,1,Heart failure,1.0747,103,0.753
100296,DOCTORS HOSPITAL,FL,CORAL GABLES,Acute Care Hospitals,Voluntary non-profit - Other,5.0,4,3,334.0,2.0,30163.0,0.9974,1,Heart failure,1.0397,104,0.518
100211,ADVENTHEALTH DADE CITY,FL,DADE CITY,Acute Care Hospitals,Proprietary,4.0,4,2,192.0,2.0,30048.0,0.9806,1,COPD,1.0752,105,0.365
100142,JACKSON HOSPITAL,FL,MARIANNA,Acute Care Hospitals,Government - Hospital District or Authority,1.0,4,3,374.0,1.9,29612.0,1.0174,1,COPD,1.055,106,0.686
100265,MEASE COUNTRYSIDE HOSPITAL,FL,SAFETY HARBOR,Acute Care Hospitals,Voluntary non-profit - Private,4.0,4,1,1860.0,1.9,29434.0,0.963,1,Heart failure,1.0121,107,0.243
100032,ORLANDO HEALTH BAYFRONT HOSPITAL,FL,SAINT PETERSBURG,Acute Care Hospitals,Voluntary non-profit - Private,2.0,5,4,404.0,1.9,28123.0,1.0274,1,COPD,1.0753,108,0.76
100034,"MOUNT SINAI MEDICAL CENTER OF FLORIDA, INC",FL,MIAMI BEACH,Acute Care Hospitals,Voluntary non-profit - Private,3.0,6,4,1097.0,1.8,27315.0,1.0235,1,Hip/knee replacement,1.1571,109,0.731
100266,GULF BREEZE HOSPITAL,FL,GULF BREEZE,Acute Care Hospitals,Voluntary non-profit - Other,4.0,4,2,532.0,1.8,27034.0,0.9937,1,Heart failure,1.0393,110,0.487
100180,HCA FLORIDA ST PETERSBURG HOSPITAL,FL,SAINT PETERSBURG,Acute Care Hospitals,Proprietary,2.0,3,2,226.0,1.7,26129.0,1.0238,1,Pneumonia,1.0429,111,0.733
100035,MANATEE MEMORIAL HOSPITAL,FL,BRADENTON,Acute Care Hospitals,Proprietary,3.0,6,2,1217.0,1.7,26099.0,1.0062,1,Bypass surgery (CABG),1.2019,112,0.592
100200,BROWARD HEALTH IMPERIAL POINT,FL,FORT LAUDERDALE,Acute Care Hospitals,Government - Hospital District or Authority,3.0,3,1,256.0,1.6,24514.0,1.0085,1,Pneumonia,1.0669,113,0.609
100067,ST ANTHONYS HOSPITAL,FL,SAINT PETERSBURG,Acute Care Hospitals,Voluntary non-profit - Church,3.0,4,2,1604.0,1.6,24091.0,1.0124,1,Heart attack,1.0612,114,0.642
100043,MEASE DUNEDIN HOSPITAL,FL,DUNEDIN,Acute Care Hospitals,Voluntary non-profit - Private,4.0,4,3,401.0,1.5,22315.0,1.0294,1,COPD,1.0654,115,0.772
100289,CLEVELAND CLINIC HOSPITAL,FL,WESTON,Acute Care Hospitals,Voluntary non-profit - Private,5.0,6,2,990.0,1.5,22196.0,0.9575,1,COPD,1.0235,116,0.216
100001,SHANDS JACKSONVILLE,FL,JACKSONVILLE,Acute Care Hospitals,Voluntary non-profit - Private,4.0,5,3,1013.0,1.4,22064.0,1.0031,1,COPD,1.0326,117,0.562
100087,SARASOTA MEMORIAL HOSPITAL,FL,SARASOTA,Acute Care Hospitals,Government - Hospital District or Authority,5.0,6,1,6638.0,1.4,21173.0,0.9344,1,Heart attack,1.013,118,0.141
100140,BAPTIST MEDICAL CENTER - NASSAU,FL,FERNANDINA BEACH,Acute Care Hospitals,Voluntary non-profit - Private,4.0,3,1,529.0,1.4,20910.0,0.9892,1,Heart failure,1.0372,119,0.444
100046,Adventhealth Zephyrhills,FL,ZEPHYRHILLS,Acute Care Hospitals,Voluntary non-profit - Church,4.0,4,2,933.0,1.4,20754.0,0.9869,1,Heart failure,1.0161,120,0.427
100242,HCA FLORIDA GULF COAST HOSPITAL,FL,PANAMA CITY,Acute Care Hospitals,Proprietary,2.0,5,3,1286.0,1.3,19445.0,1.0485,1,Hip/knee replacement,1.2215,121,0.87
100092,ORLANDO HEALTH ROCKLEDGE HOSPITAL,FL,,,,,5,2,756.0,1.3,19294.0,0.9921,1,Heart attack,1.0622,122,0.467
100122,NORTH OKALOOSA MEDICAL CENTER,FL,CRESTVIEW,Acute Care Hospitals,Voluntary non-profit - Private,3.0,4,3,826.0,1.2,18083.0,1.0014,1,Heart attack,1.0376,123,0.549
100084,UF HEALTH LEESBURG HOSPITAL,FL,LEESBURG,Acute Care Hospitals,Voluntary non-profit - Private,3.0,6,2,2196.0,1.1,16772.0,0.9935,1,Hip/knee replacement,1.1095,124,0.485
100107,HCA FLORIDA LEHIGH HOSPITAL,FL,LEHIGH ACRES,Acute Care Hospitals,Proprietary,2.0,3,2,112.0,1.1,15932.0,1.0493,1,COPD,1.1202,125,0.873
100285,MEMORIAL HOSPITAL MIRAMAR,FL,MIRAMAR,Acute Care Hospitals,Government - Hospital District or Authority,5.0,3,1,231.0,1.0,14543.0,0.9847,1,Heart failure,1.0415,126,0.407
100179,HCA FLORIDA MEMORIAL HOSPITAL,FL,JACKSONVILLE,Acute Care Hospitals,Proprietary,2.0,6,4,823.0,0.9,14236.0,1.0123,1,Bypass surgery (CABG),1.0772,127,0.641
100105,CLEVELAND CLINIC INDIAN RIVER HOSPITAL,FL,VERO BEACH,Acute Care Hospitals,Voluntary non-profit - Private,4.0,6,2,2328.0,0.8,12915.0,0.947,1,Hip/knee replacement,1.0362,128,0.177
100183,CORAL GABLES HOSPITAL,FL,CORAL GABLES,Acute Care Hospitals,Proprietary,3.0,3,1,217.0,0.8,12355.0,0.993,1,Heart failure,1.0535,129,0.479
100291,ORLANDO HEALTH MELBOURNE HOSPITAL,FL,MELBOURNE,Acute Care Hospitals,Voluntary non-profit - Private,3.0,5,4,431.0,0.8,11841.0,1.0113,1,Heart attack,1.0525,130,0.631
100121,BARTOW REGIONAL MEDICAL CENTER,FL,BARTOW,Acute Care Hospitals,Proprietary,3.0,4,3,200.0,0.7,10703.0,1.0139,1,Heart failure,1.0405,131,0.656
100363,ADVENTHEALTH PALM COAST PARKWAY,FL,PALM COAST,Acute Care Hospitals,Voluntary non-profit - Private,4.0,2,1,165.0,0.7,10566.0,1.0037,1,Heart failure,1.0469,132,0.566
100230,MEMORIAL HOSPITAL PEMBROKE,FL,PEMBROKE PINES,Acute Care Hospitals,Government - Hospital District or Authority,4.0,3,2,254.0,0.6,9991.0,1.0113,1,COPD,1.0443,133,0.631
100014,ADVENTHEALTH NEW SMYRNA BEACH,FL,NEW SMYRNA BEACH,Acute Care Hospitals,Voluntary non-profit - Church,4.0,5,2,729.0,0.6,9542.0,0.9671,1,Heart attack,1.0196,134,0.268
100135,TALLAHASSEE MEMORIAL HEALTHCARE,FL,TALLAHASSEE,Acute Care Hospitals,Voluntary non-profit - Private,3.0,6,2,1642.0,0.6,9237.0,0.9878,1,Hip/knee replacement,1.2087,135,0.435
100125,HOMESTEAD HOSPITAL,FL,HOMESTEAD,Acute Care Hospitals,Voluntary non-profit - Private,4.0,3,1,231.0,0.6,8821.0,0.978,1,Heart failure,1.0322,136,0.343
100126,HCA FLORIDA PASADENA HOSPITAL A PART OF HCA FLORID,FL,SAINT PETERSBURG,Acute Care Hospitals,Proprietary,,5,4,374.0,0.6,8777.0,1.0788,1,Hip/knee replacement,1.4314,137,0.953
100069,AdventHealth Carrollwood,FL,TAMPA,Acute Care Hospitals,Voluntary non-profit - Church,3.0,5,3,331.0,0.5,8305.0,1.0368,1,Hip/knee replacement,1.2292,138,0.813
100350,UCF LAKE NONA HOSPITAL,FL,ORLANDO,Acute Care Hospitals,Proprietary,3.0,2,2,117.0,0.5,7148.0,1.0245,1,Pneumonia,1.0338,139,0.739
100359,SARASOTA MEMORIAL HOSPITAL - VENICE,FL,NORTH VENICE,Acute Care Hospitals,Government - Hospital District or Authority,5.0,5,1,1673.0,0.4,6631.0,0.9491,1,Heart failure,1.0033,140,0.186
100117,BAPTIST MEDICAL CENTER  BEACHES,FL,JACKSONVILLE BEACH,Acute Care Hospitals,Voluntary non-profit - Private,4.0,5,2,957.0,0.4,6131.0,0.972,1,COPD,1.0132,141,0.294
100181,LARKIN COMMUNITY HOSPITAL,FL,SOUTH MIAMI,Acute Care Hospitals,Proprietary,1.0,2,2,108.0,0.4,5782.0,1.0164,1,Heart failure,1.0165,142,0.679
100244,CAPE CORAL HOSPITAL,FL,CAPE CORAL,Acute Care Hospitals,Government - Hospital District or Authority,3.0,4,2,1714.0,0.3,4592.0,1.0399,1,Hip/knee replacement,1.2468,143,0.833
100026,ASCENSION SACRED HEART BAY,FL,PANAMA CITY,Acute Care Hospitals,Voluntary non-profit - Private,3.0,5,3,886.0,0.2,3656.0,0.9989,1,Bypass surgery (CABG),1.0201,144,0.53
100361,ASCENSION ST VINCENT'S ST JOHNS COUNTY,FL,ST. JOHNS,Acute Care Hospitals,Voluntary non-profit - Private,4.0,2,2,68.0,0.2,2627.0,1.0329,1,Heart failure,1.0478,145,0.792
100150,LOWER KEYS MEDICAL CENTER,FL,KEY WEST,Acute Care Hospitals,Proprietary,4.0,4,1,329.0,0.2,2517.0,0.9639,1,Pneumonia,1.0065,146,0.248
100187,PALMETTO GENERAL HOSPITAL,FL,HIALEAH,Acute Care Hospitals,Proprietary,2.0,5,1,484.0,0.1,1523.0,0.9763,1,Heart attack,1.0051,147,0.33
100175,DESOTO MEMORIAL HOSPITAL,FL,ARCADIA,Acute Care Hospitals,Voluntary non-profit - Private,2.0,3,2,79.0,0.1,1436.0,0.998,1,Pneumonia,1.0076,148,0.524
100130,LAKESIDE MEDICAL CENTER,FL,BELLE GLADE,Acute Care Hospitals,Government - Hospital District or Authority,,0,0,0.0,0.0,0.0,,0,,,149,0.0
100277,DOUGLAS GARDENS HOSPITAL,FL,MIAMI,Acute Care Hospitals,Voluntary non-profit - Private,,0,0,0.0,0.0,0.0,,0,,,149,0.0
100298,FLORIDA STATE HOSPITAL UNIT 31 MED,FL,CHATTAHOOCHEE,Acute Care Hospitals,Government - State,,0,0,0.0,0.0,0.0,,0,,,149,0.0
100364,ADVENTHEALTH RIVERVIEW,FL,RIVERVIEW,Acute Care Hospitals,Voluntary non-profit - Private,,0,0,0.0,0.0,0.0,,0,,,149,0.0
100365,NORTH WALTON DOCTORS HOSPITAL,FL,DEFUNIAK SPRINGS,Acute Care Hospitals,Physician,,0,0,0.0,0.0,0.0,,0,,,149,0.0
100019,HOLMES REGIONAL MEDICAL CENTER,FL,MELBOURNE,Acute Care Hospitals,Voluntary non-profit - Private,4.0,6,0,2098.0,0.0,0.0,0.8605,0,Bypass surgery (CABG),0.9109,149,0.085
100315,VIERA HOSPITAL,FL,MELBOURNE,Acute Care Hospitals,Voluntary non-profit - Private,5.0,4,0,574.0,0.0,0.0,0.8957,0,Hip/knee replacement,0.9457,149,0.094
100316,PALM BAY HOSPITAL,FL,PALM BAY,Acute Care Hospitals,Proprietary,3.0,5,0,668.0,0.0,0.0,0.9072,0,Pneumonia,0.9513,149,0.103
100132,SOUTH FLORIDA BAPTIST HOSPITAL,FL,PLANT CITY,Acute Care Hospitals,Voluntary non-profit - Private,3.0,4,0,293.0,0.0,0.0,0.9383,0,COPD,0.9631,149,0.151
100177,CAPE CANAVERAL HOSPITAL,FL,COCOA BEACH,Acute Care Hospitals,Voluntary non-profit - Private,3.0,5,1,644.0,0.0,0.0,0.9507,1,Hip/knee replacement,1.0172,149,0.193
100217,ORLANDO HEALTH SEBASTIAN RIVER HOSPITAL,FL,SEBASTIAN,Acute Care Hospitals,Voluntary non-profit - Private,4.0,4,0,531.0,0.0,0.0,0.952,0,Pneumonia,0.9981,149,0.197
100012,LEE MEMORIAL HOSPITAL,FL,FORT MYERS,Acute Care Hospitals,Government - Hospital District or Authority,5.0,6,0,4063.0,0.0,0.0,0.9549,0,Heart attack,0.9957,149,0.206
100068,ADVENTHEALTH DAYTONA BEACH,FL,DAYTONA BEACH,Acute Care Hospitals,Voluntary non-profit - Church,5.0,6,1,2201.0,0.0,0.0,0.9779,1,Hip/knee replacement,1.1539,149,0.342
100330,HALIFAX HEALTH /UF HEALTH MEDICAL CENTER OF DELTON,FL,DELTONA,Acute Care Hospitals,Government - Local,,1,0,0.0,0.0,0.0,0.9784,0,Pneumonia,0.9784,149,0.347
100362,BAYCARE HOSPITAL WESLEY CHAPEL,FL,WESLEY CHAPEL,Acute Care Hospitals,Proprietary,,1,0,0.0,0.0,0.0,0.9844,0,Pneumonia,0.9844,149,0.402
100050,LARKIN COMMUNITY HOSPITAL PALM SPRINGS CAMPUS,FL,HIALEAH,Acute Care Hospitals,Voluntary non-profit - Private,4.0,3,0,233.0,0.0,0.0,0.9848,0,COPD,0.9919,149,0.408
100360,HCA FLORIDA UNIVERSITY HOSPITAL,FL,DAVIE,Acute Care Hospitals,Proprietary,3.0,2,1,0.0,0.0,0.0,0.985,1,Heart failure,1.0044,149,0.409
100288,ST MARY'S MEDICAL CENTER,FL,WEST PALM BEACH,Acute Care Hospitals,Proprietary,1.0,2,1,95.0,0.0,0.0,0.9951,1,Heart failure,1.0062,149,0.503
100134,ED FRASER MEMORIAL HOSPITAL,FL,MACCLENNY,Acute Care Hospitals,Voluntary non-profit - Private,1.0,2,0,0.0,0.0,0.0,0.9963,0,Pneumonia,0.999,149,0.51
100299,LAKEWOOD RANCH MEDICAL CENTER,FL,BRADENTON,Acute Care Hospitals,Proprietary,4.0,5,1,895.0,0.0,0.0,1.0033,1,Hip/knee replacement,1.2167,149,0.564
100313,ASCENSION SACRED HEART GULF,FL,PORT SAINT JOE,Acute Care Hospitals,Voluntary non-profit - Private,3.0,2,1,0.0,0.0,0.0,1.0122,1,Pneumonia,1.0476,149,0.64
110036,SAVANNAH HEALTH SERVICES LLC DBA MEMORIAL HEALTH UNIVERSITY MEDICAL CENTER,GA,SAVANNAH,Acute Care Hospitals,Voluntary non-profit - Other,1.0,6,5,1357.0,15.6,237250.0,1.1055,1,Hip/knee replacement,1.1953,1,0.977
110122,SGMC HEALTH,GA,VALDOSTA,Acute Care Hospitals,Government - Hospital District or Authority,2.0,5,4,1365.0,15.2,230605.0,1.0144,1,Pneumonia,1.0786,2,0.658
110087,NORTHSIDE HOSPITAL GWINNETT,GA,LAWRENCEVILLE,Acute Care Hospitals,Government - Hospital District or Authority,3.0,6,2,1757.0,14.6,221501.0,0.9638,1,Heart failure,1.1094,3,0.247
110082,"SAINT JOSEPH'S HOSPITAL OF ATLANTA, INC",GA,ATLANTA,Acute Care Hospitals,Voluntary non-profit - Private,3.0,5,5,1610.0,13.7,207998.0,1.0444,1,Bypass surgery (CABG),1.0736,4,0.856
110042,WELLSTAR PAULDING MEDICAL CENTER,GA,HIRAM,Acute Care Hospitals,Voluntary non-profit - Other,4.0,4,3,1322.0,12.9,196135.0,1.0375,1,Pneumonia,1.0797,5,0.818
110025,SOUTHEAST GEORGIA HEALTH SYSTEM- BRUNSWICK CAMPUS,GA,BRUNSWICK,Acute Care Hospitals,Government - Hospital District or Authority,2.0,5,3,1328.0,11.6,177012.0,1.0185,1,Pneumonia,1.0997,6,0.694
110215,PIEDMONT FAYETTE HOSPITAL,GA,FAYETTEVILLE,Acute Care Hospitals,Voluntary non-profit - Private,3.0,5,4,1424.0,11.5,174677.0,1.0288,1,Heart failure,1.0594,7,0.769
110011,TANNER MEDICAL CENTER - CARROLLTON,GA,CARROLLTON,Acute Care Hospitals,Government - Hospital District or Authority,2.0,4,3,933.0,10.3,157379.0,1.0388,1,Heart failure,1.1399,8,0.825
110069,EMORY HOUSTON HOSPITAL WARNER ROBINS,GA,WARNER ROBINS,Acute Care Hospitals,Voluntary non-profit - Private,2.0,5,4,1369.0,10.0,152560.0,1.0219,1,Pneumonia,1.1125,9,0.72
110054,ATRIUM HEALTH FLOYD MEDICAL CENTER,GA,ROME,Acute Care Hospitals,Government - Hospital District or Authority,2.0,5,5,1141.0,10.0,152533.0,1.0498,1,COPD,1.1207,10,0.876
110191,PIEDMONT HENRY HOSPITAL,GA,STOCKBRIDGE,Acute Care Hospitals,Government - Hospital District or Authority,2.0,5,2,935.0,8.3,126938.0,0.9986,1,Pneumonia,1.1682,11,0.528
110105,COLQUITT REGIONAL MEDICAL CENTER,GA,MOULTRIE,Acute Care Hospitals,Government - Hospital District or Authority,4.0,4,3,424.0,7.9,119609.0,1.0716,1,Pneumonia,1.1462,12,0.941
110007,PHOEBE PUTNEY MEMORIAL HOSPITAL,GA,ALBANY,Acute Care Hospitals,Government - Hospital District or Authority,2.0,6,5,1063.0,7.8,118097.0,1.0386,1,Hip/knee replacement,1.1173,13,0.824
110168,ADVENTHEALTH REDMOND,GA,ROME,Acute Care Hospitals,Proprietary,4.0,6,3,1643.0,7.7,117003.0,1.005,1,Pneumonia,1.0648,14,0.58
110008,NORTHSIDE HOSPITAL CHEROKEE,GA,CANTON,Acute Care Hospitals,Voluntary non-profit - Other,4.0,5,2,1489.0,7.1,108210.0,0.9586,1,Pneumonia,1.0682,15,0.222
110074,PIEDMONT ATHENS REGIONAL MEDICAL CENTER,GA,ATHENS,Acute Care Hospitals,Voluntary non-profit - Other,4.0,5,4,2200.0,7.0,106847.0,1.0206,1,Heart attack,1.0699,16,0.709
110161,NORTHSIDE HOSPITAL,GA,ATLANTA,Acute Care Hospitals,Voluntary non-profit - Private,3.0,5,3,881.0,7.0,106162.0,1.0369,1,Pneumonia,1.0855,17,0.814
110078,EMORY UNIVERSITY HOSPITAL MIDTOWN,GA,ATLANTA,Acute Care Hospitals,Voluntary non-profit - Private,2.0,5,3,581.0,6.7,101438.0,1.0116,1,Heart failure,1.0833,18,0.634
110015,TANNER MEDICAL CENTER VILLA RICA,GA,VILLA RICA,Acute Care Hospitals,Government - Hospital District or Authority,3.0,4,4,326.0,5.8,88834.0,1.0828,1,Heart failure,1.1456,19,0.958
110035,WELLSTAR KENNESTONE REGIONAL MEDICAL CENTER,GA,MARIETTA,Acute Care Hospitals,Government - Hospital District or Authority,4.0,6,3,3087.0,5.8,88829.0,0.9888,1,Bypass surgery (CABG),1.0859,20,0.441
110006,ST MARY'S HOSPITAL,GA,ATHENS,Acute Care Hospitals,Voluntary non-profit - Private,1.0,5,5,701.0,5.8,87403.0,1.1239,1,Hip/knee replacement,1.5095,21,0.986
110028,PIEDMONT AUGUSTA HOSPITAL,GA,AUGUSTA,Acute Care Hospitals,Government - Hospital District or Authority,2.0,6,3,2072.0,5.5,83993.0,1.0056,1,Bypass surgery (CABG),1.1019,22,0.585
110034,"WELLSTAR MCG HEALTH, AFFILIATED WITH MED COL",GA,AUGUSTA,Acute Care Hospitals,Voluntary non-profit - Private,1.0,5,4,568.0,5.5,83817.0,1.0311,1,Heart failure,1.0764,23,0.781
110083,"PIEDMONT HOSPITAL, INC",GA,ATLANTA,Acute Care Hospitals,Government - Federal,4.0,6,4,1932.0,5.3,80555.0,1.0132,1,Bypass surgery (CABG),1.0451,24,0.649
110107,ATRIUM HEALTH NAVICENT THE MEDICAL CENTER,GA,MACON,Acute Care Hospitals,Government - Hospital District or Authority,2.0,6,2,1476.0,4.5,68317.0,0.9725,1,Pneumonia,1.0589,25,0.298
110079,GRADY MEMORIAL HOSPITAL,GA,ATLANTA,Acute Care Hospitals,Voluntary non-profit - Private,2.0,4,3,313.0,4.2,64464.0,1.0393,1,Heart failure,1.1149,26,0.829
110125,FAIRVIEW PARK HOSPITAL,GA,DUBLIN,Acute Care Hospitals,Proprietary,4.0,4,2,610.0,3.6,54480.0,1.0191,1,Pneumonia,1.0577,27,0.698
110091,PIEDMONT ROCKDALE HOSPITAL,GA,CONYERS,Acute Care Hospitals,Proprietary,3.0,4,2,469.0,3.4,51049.0,1.0116,1,Heart failure,1.0674,28,0.634
110164,"COLISEUM MEDICAL CENTERS, LLC, DBA",GA,MACON,Acute Care Hospitals,Voluntary non-profit - Private,3.0,5,4,690.0,3.3,50647.0,1.0089,1,Heart failure,1.0512,29,0.614
110192,PIEDMONT EASTSIDE MEDICAL CENTER,GA,SNELLVILLE,Acute Care Hospitals,Proprietary,2.0,5,3,638.0,3.2,48013.0,1.0403,1,Hip/knee replacement,1.1262,30,0.835
110095,TIFT REGIONAL MEDICAL CENTER,GA,TIFTON,Acute Care Hospitals,Government - Hospital District or Authority,3.0,4,3,542.0,3.1,47244.0,1.0169,1,Pneumonia,1.0582,31,0.681
110016,WELLSTAR WEST GEORGIA MEDICAL CENTER,GA,LAGRANGE,Acute Care Hospitals,Voluntary non-profit - Private,5.0,4,2,656.0,3.0,45956.0,1.0014,1,Heart attack,1.0494,32,0.549
110043,ST JOSEPH'S HOSPITAL - SAVANNAH,GA,SAVANNAH,Acute Care Hospitals,Voluntary non-profit - Private,2.0,6,3,920.0,2.9,44493.0,0.9807,1,Heart failure,1.0287,33,0.367
110064,PIEDMONT COLUMBUS REGIONAL MIDTOWN,GA,COLUMBUS,Acute Care Hospitals,Voluntary non-profit - Other,2.0,4,2,571.0,2.8,42532.0,1.0129,1,Pneumonia,1.0353,34,0.646
110030,PIEDMONT CARTERSVILLE MEDICAL CENTER,GA,CARTERSVILLE,Acute Care Hospitals,Voluntary non-profit - Private,3.0,4,2,724.0,2.5,38600.0,1.0038,1,Heart failure,1.0411,35,0.567
110003,Memorial Satilla Health,GA,WAYCROSS,Acute Care Hospitals,Voluntary non-profit - Private,3.0,4,4,591.0,2.5,37465.0,1.0445,1,COPD,1.0892,36,0.857
110001,HAMILTON MEDICAL CENTER,GA,DALTON,Acute Care Hospitals,Voluntary non-profit - Private,3.0,5,3,1087.0,2.2,33953.0,1.0303,1,Bypass surgery (CABG),1.1247,37,0.777
110031,WELLSTAR SPALDING MEDICAL CENTER,GA,GRIFFIN,Acute Care Hospitals,Voluntary non-profit - Private,2.0,4,2,520.0,2.1,31842.0,1.0149,1,Heart attack,1.1331,38,0.663
110104,CRISP REGIONAL HOSPITAL,GA,CORDELE,Acute Care Hospitals,Proprietary,2.0,3,2,116.0,2.0,29860.0,1.0346,1,Pneumonia,1.1089,39,0.802
110029,"NORTHEAST GEORGIA MEDICAL CENTER, INC",GA,GAINESVILLE,Acute Care Hospitals,Government - Local,3.0,6,2,4045.0,1.8,27831.0,0.9834,1,Bypass surgery (CABG),1.0666,40,0.391
110225,PIEDMONT MOUNTAINSIDE HOSPITAL INC,GA,JASPER,Acute Care Hospitals,Voluntary non-profit - Other,4.0,3,2,579.0,1.8,27115.0,0.9882,1,COPD,1.038,41,0.438
110002,UPSON REGIONAL MEDICAL CENTER,GA,THOMASTON,Acute Care Hospitals,Voluntary non-profit - Other,1.0,4,4,187.0,1.8,26789.0,1.0612,1,Heart failure,1.0913,42,0.916
110044,PHOEBE SUMTER MEDICAL CENTER,GA,AMERICUS,Acute Care Hospitals,Government - Hospital District or Authority,3.0,3,3,221.0,1.7,26029.0,1.0469,1,Heart failure,1.0806,43,0.863
110046,PIEDMONT WALTON HOSPITAL,GA,MONROE,Acute Care Hospitals,Proprietary,4.0,3,1,366.0,1.7,25737.0,0.9964,1,Heart failure,1.0432,44,0.511
110076,EMORY DECATUR HOSPITAL,GA,DECATUR,Acute Care Hospitals,Voluntary non-profit - Private,2.0,5,4,556.0,1.6,24724.0,1.0625,1,Hip/knee replacement,1.175,45,0.919
110226,EMORY HILLANDALE HOSPITAL,GA,LITHONIA,Acute Care Hospitals,Government - Hospital District or Authority,1.0,2,2,77.0,1.6,23861.0,1.0682,1,Heart failure,1.1152,46,0.932
110075,EAST GEORGIA REGIONAL MEDICAL CENTER,GA,STATESBORO,Acute Care Hospitals,Proprietary,3.0,5,3,645.0,1.6,23781.0,1.0065,1,Heart attack,1.0497,47,0.596
110010,EMORY UNIVERSITY HOSPITAL,GA,ATLANTA,Acute Care Hospitals,Voluntary non-profit - Private,4.0,6,4,972.0,1.4,21682.0,0.997,1,Bypass surgery (CABG),1.0681,48,0.515
110128,MEMORIAL HEALTH MEADOWS HOSPITAL,GA,VIDALIA,Acute Care Hospitals,Proprietary,5.0,4,2,309.0,1.4,20789.0,1.005,1,Heart failure,1.0484,49,0.58
110129,ST FRANCIS HOSPITAL- EMORY HEALTHCARE,GA,COLUMBUS,Acute Care Hospitals,Voluntary non-profit - Private,3.0,5,3,1012.0,1.3,20015.0,1.0009,1,Heart attack,1.06,50,0.544
110252,NORTHSIDE HOSPITAL DULUTH,GA,DULUTH,Acute Care Hospitals,Voluntary non-profit - Private,4.0,3,2,371.0,1.2,18900.0,1.028,1,COPD,1.0933,51,0.764
110165,SOUTHERN REGIONAL MEDICAL CENTER,GA,RIVERDALE,Acute Care Hospitals,Voluntary non-profit - Private,1.0,2,2,140.0,1.2,18176.0,1.0509,1,Pneumonia,1.059,52,0.879
110201,PIEDMONT MACON NORTH HOSPITAL,GA,MACON,Acute Care Hospitals,Proprietary,4.0,2,1,197.0,1.2,17686.0,1.0154,1,Heart failure,1.0738,53,0.667
110018,PIEDMONT NEWTON HOSPITAL,GA,COVINGTON,Acute Care Hospitals,Voluntary non-profit - Private,3.0,5,2,338.0,0.9,14001.0,1.0011,1,Pneumonia,1.0487,54,0.545
110177,DOCTORS HOSPITAL,GA,AUGUSTA,Acute Care Hospitals,Proprietary,3.0,5,3,582.0,0.8,12120.0,0.9915,1,Hip/knee replacement,1.0302,55,0.463
110027,"TY COBB REGIONAL MEDICAL CENTER, LLC",GA,LAVONIA,Acute Care Hospitals,Voluntary non-profit - Private,3.0,3,1,205.0,0.6,9507.0,0.9945,1,Heart failure,1.0536,56,0.495
110089,"COFFEE REGIONAL MEDICAL CENTER, INC",GA,DOUGLAS,Acute Care Hospitals,Government - Hospital District or Authority,3.0,4,3,362.0,0.6,9125.0,1.0158,1,Heart attack,1.0528,57,0.672
110124,WAYNE MEMORIAL HOSPITAL,GA,JESUP,Acute Care Hospitals,Government - Hospital District or Authority,3.0,3,2,126.0,0.5,8088.0,1.0128,1,COPD,1.0345,58,0.645
110132,MEMORIAL HOSPITAL AND MANOR,GA,BAINBRIDGE,Acute Care Hospitals,Government - Hospital District or Authority,1.0,2,2,78.0,0.5,6780.0,1.0471,1,Heart failure,1.0533,59,0.865
110230,EMORY JOHNS CREEK HOSPITAL,GA,JOHNS CREEK,Acute Care Hospitals,Proprietary,4.0,5,1,740.0,0.4,6758.0,0.9815,1,COPD,1.0425,60,0.374
110111,UNIVERSITY MCDUFFIE COUNTY REGIONAL MEDICAL CENTER,GA,THOMSON,Acute Care Hospitals,Government - Hospital District or Authority,,2,1,50.0,0.4,6443.0,1.031,1,Pneumonia,1.0645,61,0.78
110051,UNION GENERAL HOSPITAL,GA,BLAIRSVILLE,Acute Care Hospitals,Government - Local,3.0,4,2,518.0,0.3,4143.0,0.9929,1,Heart failure,1.0078,62,0.478
110143,WELLSTAR COBB MEDICAL CENTER,GA,AUSTELL,Acute Care Hospitals,Voluntary non-profit - Other,3.0,4,1,929.0,0.3,3888.0,0.9999,1,Heart attack,1.0273,63,0.535
110041,NORTHEAST GEORGIA MEDICAL CENTER HABERSHAM,GA,DEMOREST,Acute Care Hospitals,Government - Hospital District or Authority,3.0,3,1,105.0,0.3,3886.0,1.0005,1,Pneumonia,1.0175,64,0.538
110198,WELLSTAR NORTH FULTON MEDICAL CENTER,GA,ROSWELL,Acute Care Hospitals,Proprietary,2.0,4,2,712.0,0.2,3385.0,0.9748,1,COPD,1.0249,65,0.316
110032,STEPHENS COUNTY HOSPITAL,GA,TOCCOA,Acute Care Hospitals,Government - Hospital District or Authority,2.0,3,2,76.0,0.2,3170.0,0.9871,1,Pneumonia,1.0198,66,0.428
110038,ARCHBOLD MEMORIAL HOSPITAL,GA,THOMASVILLE,Acute Care Hospitals,Voluntary non-profit - Private,2.0,5,2,672.0,0.1,2273.0,0.9957,1,Hip/knee replacement,1.1259,67,0.505
110229,"PIEDMONT NEWNAN HOSPITAL, INC",GA,NEWNAN,Acute Care Hospitals,Voluntary non-profit - Private,4.0,5,2,954.0,0.1,1477.0,0.9841,1,Hip/knee replacement,1.1091,68,0.398
110101,"SOUTHWELL MEDICAL, A CAMPUS OF TRMC",GA,ADEL,Acute Care Hospitals,Proprietary,,0,0,0.0,0.0,0.0,,0,,,69,0.0
110113,BURKE MEDICAL CENTER,GA,WAYNESBORO,Acute Care Hospitals,Proprietary,,0,0,0.0,0.0,0.0,,0,,,69,0.0
110190,FLINT RIVER COMMUNITY HOSPITAL,GA,MONTEZUMA,Acute Care Hospitals,Voluntary non-profit - Private,,0,0,0.0,0.0,0.0,,0,,,69,0.0
110209,TURNING POINT HOSPITAL,GA,MOULTRIE,Acute Care Hospitals,Proprietary,,0,0,0.0,0.0,0.0,,0,,,69,0.0
110233,"SOUTHEASTERN REGIONAL MEDICAL CENTER, INC",GA,NEWNAN,Acute Care Hospitals,Proprietary,5.0,0,0,0.0,0.0,0.0,,0,,,69,0.0
110234,SGMC BERRIEN CAMPUS,GA,NASHVILLE,Acute Care Hospitals,Voluntary non-profit - Other,,0,0,0.0,0.0,0.0,,0,,,69,0.0
110005,NORTHSIDE HOSPITAL FORSYTH,GA,CUMMING,Acute Care Hospitals,Voluntary non-profit - Private,4.0,5,1,1425.0,0.0,0.0,0.943,1,Hip/knee replacement,1.0075,69,0.165
110023,ADVENTHEALTH GORDON,GA,CALHOUN,Acute Care Hospitals,Voluntary non-profit - Church,3.0,4,0,388.0,0.0,0.0,0.9572,0,COPD,0.9704,69,0.214
110150,NAVICENT HEALTH BALDWIN,GA,MILLEDGEVILLE,Acute Care Hospitals,Proprietary,2.0,3,0,107.0,0.0,0.0,0.9582,0,COPD,0.988,69,0.22
110146,SOUTHEAST GEORGIA HEALTH SYSTEM -- CAMDEN CAMPUS,GA,SAINT MARYS,Acute Care Hospitals,Government - Hospital District or Authority,4.0,2,1,0.0,0.0,0.0,0.9663,1,Heart failure,1.0094,69,0.263
110184,WELLSTAR DOUGLAS MEDICAL CENTER,GA,DOUGLASVILLE,Acute Care Hospitals,Voluntary non-profit - Private,3.0,4,1,468.0,0.0,0.0,0.9728,1,Heart attack,1.0014,69,0.301
110121,GRADY GENERAL HOSPITAL,GA,CAIRO,Acute Care Hospitals,Voluntary non-profit - Private,,1,0,0.0,0.0,0.0,0.9745,0,Pneumonia,0.9745,69,0.313
110050,ADVENTHEALTH MURRAY,GA,CHATSWORTH,Acute Care Hospitals,Voluntary non-profit - Private,5.0,2,0,95.0,0.0,0.0,0.975,0,Heart failure,0.9866,69,0.319
110109,EMANUEL MEDICAL CENTER,GA,SWAINSBORO,Acute Care Hospitals,Government - Hospital District or Authority,4.0,3,0,61.0,0.0,0.0,0.9766,0,Heart failure,0.9893,69,0.333
110100,JEFFERSON HOSPITAL,GA,LOUISVILLE,Acute Care Hospitals,Government - Hospital District or Authority,,1,0,0.0,0.0,0.0,0.9775,0,Pneumonia,0.9775,69,0.338
110024,CANDLER HOSPITAL,GA,SAVANNAH,Acute Care Hospitals,Voluntary non-profit - Private,2.0,3,0,504.0,0.0,0.0,0.9796,0,COPD,0.9956,69,0.357
110092,DODGE COUNTY HOSPITAL,GA,EASTMAN,Acute Care Hospitals,Government - Hospital District or Authority,,1,0,0.0,0.0,0.0,0.9812,0,Pneumonia,0.9812,69,0.372
110200,PIEDMONT COLUMBUS REGIONAL NORTHSIDE,GA,COLUMBUS,Acute Care Hospitals,Proprietary,5.0,4,0,520.0,0.0,0.0,0.9822,0,Pneumonia,0.9992,69,0.38
110194,DONALSONVILLE HOSPITAL INC,GA,DONALSONVILLE,Acute Care Hospitals,Voluntary non-profit - Private,,1,0,0.0,0.0,0.0,0.9855,0,Pneumonia,0.9855,69,0.414
110045,"NGMC BARROW, LLC",GA,WINDER,Acute Care Hospitals,Proprietary,4.0,3,1,0.0,0.0,0.0,0.9901,1,COPD,1.0322,69,0.452
110237,NORTHEAST GEORGIA MEDICAL CENTER LUMPKIN,GA,DAHLONEGA,Acute Care Hospitals,Voluntary non-profit - Other,5.0,3,0,0.0,0.0,0.0,0.9911,0,Heart failure,0.9998,69,0.458
110236,COMMONSPIRIT-MEMORIAL HOSPITAL-NORTH GEORGIA,GA,RINGGOLD,Acute Care Hospitals,Voluntary non-profit - Private,3.0,2,0,0.0,0.0,0.0,0.9916,0,Pneumonia,0.9944,69,0.464
110086,WASHINGTON COUNTY REGIONAL MEDICAL CENTER,GA,SANDERSVILLE,Acute Care Hospitals,Government - Hospital District or Authority,,1,0,0.0,0.0,0.0,0.9921,0,Pneumonia,0.9921,69,0.467
110142,EVANS MEMORIAL HOSPITAL,GA,CLAXTON,Acute Care Hospitals,Government - Hospital District or Authority,,1,0,0.0,0.0,0.0,0.9957,0,Pneumonia,0.9957,69,0.505
110073,DORMINY MEDICAL CENTER,GA,FITZGERALD,Acute Care Hospitals,Government - Local,,2,1,0.0,0.0,0.0,1.0008,1,COPD,1.0061,69,0.542
110071,APPLING HEALTHCARE,GA,BAXLEY,Acute Care Hospitals,Government - Hospital District or Authority,,1,1,0.0,0.0,0.0,1.0142,1,Pneumonia,1.0142,69,0.657
120001,THE QUEENS MEDICAL CENTER,HI,HONOLULU,Acute Care Hospitals,Voluntary non-profit - Private,3.0,6,4,1843.0,5.7,85967.0,1.0176,1,Hip/knee replacement,1.1374,1,0.688
120026,PALI MOMI MEDICAL CENTER,HI,AIEA,Acute Care Hospitals,Proprietary,4.0,4,1,767.0,4.0,61158.0,0.9899,1,Heart failure,1.0948,2,0.451
120014,WILCOX MEMORIAL HOSPITAL,HI,LIHUE,Acute Care Hospitals,Government - Federal,2.0,2,1,126.0,3.5,52457.0,1.037,1,Heart failure,1.1564,3,0.814
120005,HILO BENIOFF MEDICAL CENTER,HI,HILO,Acute Care Hospitals,Government - State,3.0,4,2,741.0,1.3,19328.0,0.9988,1,Heart attack,1.0747,4,0.529
120022,STRAUB CLINIC AND HOSPITAL,HI,HONOLULU,Acute Care Hospitals,Proprietary,4.0,6,2,678.0,0.7,10300.0,0.9624,1,Heart attack,1.0328,5,0.24
120007,KUAKINI MEDICAL CENTER,HI,HONOLULU,Acute Care Hospitals,Voluntary non-profit - Private,4.0,4,2,309.0,0.3,4983.0,0.9248,1,Heart failure,1.0145,6,0.124
120002,MAUI MEMORIAL MEDICAL CENTER,HI,WAILUKU,Acute Care Hospitals,Government - State,2.0,4,1,440.0,0.1,2348.0,0.9637,1,Heart attack,1.0153,7,0.246
120019,KONA COMMUNITY HOSPITAL,HI,KEALAKEKUA,Acute Care Hospitals,Government - State,2.0,3,2,165.0,0.1,2288.0,1.0022,1,Heart failure,1.0107,8,0.556
120006,ADVENTIST HEALTH CASTLE,HI,KAILUA,Acute Care Hospitals,Voluntary non-profit - Church,4.0,5,2,444.0,0.1,833.0,0.9844,1,COPD,1.0459,9,0.402
120028,"NORTH HAWAII COMMUNITY HOSPITAL, INC",HI,KAMUELA,Acute Care Hospitals,Voluntary non-profit - Private,3.0,2,0,0.0,0.0,0.0,0.9402,0,Heart failure,0.9538,10,0.157
120011,KAISER FOUNDATION HOSPITAL,HI,HONOLULU,Acute Care Hospitals,Voluntary non-profit - Private,4.0,2,1,0.0,0.0,0.0,1.0228,1,Pneumonia,1.0508,10,0.727
160033,GENESIS MEDICAL CENTER-DAVENPORT,IA,DAVENPORT,Acute Care Hospitals,Voluntary non-profit - Private,2.0,6,4,2124.0,24.0,365409.0,1.0649,1,COPD,1.139,1,0.924
160045,ST LUKES HOSPITAL,IA,CEDAR RAPIDS,Acute Care Hospitals,Voluntary non-profit - Private,4.0,6,2,1667.0,7.8,117996.0,1.0063,1,Pneumonia,1.0827,2,0.594
160082,UNITYPOINT HEALTH - DES MOINES IOWA METHODIST MEDI,IA,DES MOINES,Acute Care Hospitals,Voluntary non-profit - Private,3.0,6,1,4063.0,6.6,100693.0,0.9463,1,Heart attack,1.0948,3,0.174
160029,UNIVERSITY OF IOWA HEALTH CARE MEDICAL CENTER DOWN,IA,IOWA CITY,Acute Care Hospitals,Voluntary non-profit - Church,4.0,5,3,933.0,5.2,78828.0,0.9757,1,Heart failure,1.0729,4,0.324
160064,MERCYONE NORTH IOWA MEDICAL CENTER,IA,MASON CITY,Acute Care Hospitals,Voluntary non-profit - Private,2.0,6,2,1574.0,4.2,64016.0,1.0015,1,Heart attack,1.1019,5,0.55
160153,MERCYONE SIOUXLAND MEDICAL CENTER,IA,SIOUX CITY,Acute Care Hospitals,Voluntary non-profit - Private,2.0,6,3,659.0,3.0,46156.0,0.9705,1,Pneumonia,1.0556,6,0.286
160069,MERCYONE DUBUQUE MEDICAL CENTER,IA,DUBUQUE,Acute Care Hospitals,Voluntary non-profit - Church,3.0,4,1,391.0,2.8,43078.0,0.9628,1,Heart failure,1.082,7,0.242
160083,MERCYONE DES MOINES MEDICAL CENTER,IA,DES MOINES,Acute Care Hospitals,Voluntary non-profit - Private,1.0,6,1,2343.0,2.0,30049.0,0.9274,1,Bypass surgery (CABG),1.0539,8,0.128
160124,LAKES REGIONAL HEALTHCARE,IA,SPIRIT LAKE,Acute Care Hospitals,Government - Local,2.0,4,3,217.0,1.7,25910.0,1.0692,1,Hip/knee replacement,1.194,9,0.934
160030,MARY GREELEY MEDICAL CENTER,IA,AMES,Acute Care Hospitals,Government - Local,4.0,5,1,1229.0,1.2,18864.0,0.9441,1,Heart failure,1.014,10,0.167
160110,ALLEN HOSPITAL,IA,WATERLOO,Acute Care Hospitals,Voluntary non-profit - Private,3.0,6,2,1101.0,1.2,18678.0,0.98,1,Hip/knee replacement,1.0869,11,0.361
160112,SPENCER MUNICIPAL HOSPITAL,IA,SPENCER,Acute Care Hospitals,Government - Local,4.0,4,2,301.0,1.0,15806.0,0.9604,1,Pneumonia,1.0329,12,0.229
160079,MERCY MEDICAL CENTER - CEDAR RAPIDS,IA,CEDAR RAPIDS,Acute Care Hospitals,Voluntary non-profit - Church,4.0,6,1,1331.0,1.0,15264.0,0.9344,1,Heart attack,1.0463,13,0.141
160028,CHI HEALTH MERCY COUNCIL BLUFFS,IA,COUNCIL BLUFFS,Acute Care Hospitals,Voluntary non-profit - Private,5.0,3,2,262.0,0.9,13362.0,0.9906,1,Heart failure,1.0304,14,0.455
160117,FINLEY HOSPITAL,IA,DUBUQUE,Acute Care Hospitals,Voluntary non-profit - Private,3.0,5,3,315.0,0.8,12383.0,0.9934,1,Pneumonia,1.0373,15,0.484
160080,MERCYONE CLINTON MEDICAL CENTER,IA,CLINTON,Acute Care Hospitals,Voluntary non-profit - Private,4.0,4,1,586.0,0.5,7708.0,0.9814,1,COPD,1.0245,16,0.374
160001,UNITYPOINT HEALTH - MARSHALLTOWN,IA,MARSHALLTOWN,Acute Care Hospitals,Voluntary non-profit - Private,3.0,3,1,213.0,0.5,7342.0,0.9825,1,Heart failure,1.034,17,0.382
160101,BROADLAWNS MEDICAL CENTER,IA,DES MOINES,Acute Care Hospitals,Government - Local,3.0,0,0,0.0,0.0,0.0,,0,,,18,0.0
160040,"SARTORI MEMORIAL HOSPITAL, INC",IA,CEDAR FALLS,Acute Care Hospitals,Voluntary non-profit - Church,,1,0,0.0,0.0,0.0,0.8372,0,Hip/knee replacement,0.8372,18,0.083
160032,MERCYONE NEWTON MEDICAL CENTER,IA,NEWTON,Acute Care Hospitals,Voluntary non-profit - Private,4.0,2,0,0.0,0.0,0.0,0.902,0,Heart failure,0.9043,18,0.099
160067,MERCYONE WATERLOO MEDICAL CENTER,IA,WATERLOO,Acute Care Hospitals,Voluntary non-profit - Church,4.0,5,0,319.0,0.0,0.0,0.9023,0,Pneumonia,0.9281,18,0.1
160146,ST LUKES REGIONAL MEDICAL CENTER,IA,SIOUX CITY,Acute Care Hospitals,Voluntary non-profit - Private,2.0,4,0,700.0,0.0,0.0,0.944,0,Heart attack,0.9906,18,0.167
160016,TRINITY REGIONAL MEDICAL CENTER,IA,FORT DODGE,Acute Care Hospitals,Voluntary non-profit - Private,2.0,4,0,474.0,0.0,0.0,0.9473,0,COPD,0.9709,18,0.18
160089,OTTUMWA REGIONAL HEALTH CENTER,IA,OTTUMWA,Acute Care Hospitals,Proprietary,2.0,3,0,82.0,0.0,0.0,0.951,0,Heart attack,0.9953,18,0.194
160013,TRINITY MUSCATINE,IA,MUSCATINE,Acute Care Hospitals,Voluntary non-profit - Private,4.0,3,0,190.0,0.0,0.0,0.9619,0,Heart failure,0.9701,18,0.235
160058,UNIVERSITY OF IOWA HOSPITAL & CLINICS,IA,IOWA CITY,Acute Care Hospitals,Government - State,2.0,6,0,1342.0,0.0,0.0,0.962,0,COPD,0.9769,18,0.236
160057,SOUTHEAST IOWA REGIONAL MEDICAL CENTER,IA,WEST BURLINGTON,Acute Care Hospitals,Voluntary non-profit - Private,4.0,5,1,1174.0,0.0,0.0,0.9725,1,Hip/knee replacement,1.1068,18,0.298
160147,GRINNELL REGIONAL MEDICAL CENTER,IA,GRINNELL,Acute Care Hospitals,Voluntary non-profit - Private,2.0,3,0,0.0,0.0,0.0,0.9737,0,COPD,0.98,18,0.308
160047,METHODIST JENNIE EDMUNDSON,IA,COUNCIL BLUFFS,Acute Care Hospitals,Voluntary non-profit - Private,3.0,5,1,612.0,0.0,0.0,0.9796,1,Hip/knee replacement,1.0308,18,0.357
160104,TRINITY - BETTENDORF,IA,BETTENDORF,Acute Care Hospitals,Voluntary non-profit - Private,3.0,5,2,239.0,0.0,0.0,1.0006,1,Hip/knee replacement,1.0565,18,0.539
130028,PORTNEUF MEDICAL CENTER,ID,POCATELLO,Acute Care Hospitals,Proprietary,4.0,6,2,591.0,0.6,8872.0,0.9685,1,Bypass surgery (CABG),1.0561,1,0.275
130013,SAINT ALPHONSUS MEDICAL CENTER - NAMPA,ID,NAMPA,Acute Care Hospitals,Voluntary non-profit - Church,3.0,5,3,254.0,0.4,6256.0,0.9958,1,Hip/knee replacement,1.0765,2,0.506
130063,TREASURE VALLEY HOSPITAL,ID,BOISE,Acute Care Hospitals,Proprietary,,0,0,0.0,0.0,0.0,,0,,,3,0.0
130073,GROVE CREEK MEDICAL CENTER,ID,BLACKFOOT,Acute Care Hospitals,Voluntary non-profit - Private,,0,0,0.0,0.0,0.0,,0,,,3,0.0
130066,NORTHWEST SPECIALTY HOSPITAL,ID,POST FALLS,Acute Care Hospitals,Proprietary,,1,0,0.0,0.0,0.0,0.8697,0,Hip/knee replacement,0.8697,3,0.087
130002,ST LUKES MAGIC VALLEY MEDICAL CENTER,ID,TWIN FALLS,Acute Care Hospitals,Voluntary non-profit - Private,4.0,4,0,823.0,0.0,0.0,0.8894,0,COPD,0.9354,3,0.091
130065,MOUNTAIN VIEW HOSPITAL,ID,IDAHO FALLS,Acute Care Hospitals,Physician,3.0,1,0,0.0,0.0,0.0,0.8908,0,Hip/knee replacement,0.8908,3,0.092
130006,ST LUKE'S REGIONAL MEDICAL CENTER,ID,BOISE,Acute Care Hospitals,Voluntary non-profit - Private,5.0,6,0,1562.0,0.0,0.0,0.8958,0,Hip/knee replacement,0.9734,3,0.095
130049,KOOTENAI HEALTH,ID,COEUR D'ALENE,Acute Care Hospitals,Government - Hospital District or Authority,4.0,6,0,1460.0,0.0,0.0,0.9006,0,Hip/knee replacement,0.989,3,0.098
130003,ST JOSEPH REGIONAL MEDICAL CENTER,ID,LEWISTON,Acute Care Hospitals,Voluntary non-profit - Private,2.0,4,0,540.0,0.0,0.0,0.9191,0,Pneumonia,0.9653,3,0.115
130071,ST LUKE'S NAMPA MEDICAL CENTER,ID,NAMPA,Acute Care Hospitals,Voluntary non-profit - Private,5.0,3,1,293.0,0.0,0.0,0.957,1,COPD,1.0133,3,0.213
130074,"IDAHO FALLS COMMUNITY HOSPITAL, LLC",ID,IDAHO FALLS,Acute Care Hospitals,Proprietary,4.0,4,0,134.0,0.0,0.0,0.9587,0,Heart attack,0.9645,3,0.223
130007,SAINT ALPHONSUS REGIONAL MEDICAL CENTER,ID,BOISE,Acute Care Hospitals,Voluntary non-profit - Church,3.0,6,2,727.0,0.0,0.0,0.9667,1,Hip/knee replacement,1.0389,3,0.265
130018,EASTERN IDAHO REGIONAL MEDICAL CENTER,ID,IDAHO FALLS,Acute Care Hospitals,Proprietary,3.0,6,2,735.0,0.0,0.0,0.9673,1,Hip/knee replacement,1.1411,3,0.269
130014,WEST VALLEY MEDICAL CENTER,ID,CALDWELL,Acute Care Hospitals,Proprietary,5.0,2,0,194.0,0.0,0.0,0.9732,0,Pneumonia,0.9739,3,0.304
130025,MADISON MEMORIAL HOSPITAL,ID,REXBURG,Acute Care Hospitals,Government - Local,,2,1,0.0,0.0,0.0,1.0011,1,Heart failure,1.0081,3,0.545
140062,PALOS COMMUNITY HOSPITAL,IL,PALOS HEIGHTS,Acute Care Hospitals,Voluntary non-profit - Private,4.0,6,5,3873.0,49.2,747572.0,1.0843,1,Hip/knee replacement,1.2957,1,0.959
140213,SILVER CROSS HOSPITAL  AND MEDICAL CENTERS,IL,NEW LENOX,Acute Care Hospitals,Voluntary non-profit - Private,5.0,6,3,3180.0,41.5,630769.0,0.9935,1,Pneumonia,1.1266,2,0.485
140091,CARLE FOUNDATION HOSPITAL,IL,URBANA,Acute Care Hospitals,Voluntary non-profit - Private,2.0,6,5,1986.0,38.7,588489.0,1.0607,1,Heart failure,1.1525,3,0.916
140010,NORTHSHORE UNIVERSITY HEALTHSYSTEM - EVANSTON HOSPITAL,IL,EVANSTON,Acute Care Hospitals,Voluntary non-profit - Other,5.0,6,2,6426.0,38.5,586099.0,0.9858,1,Heart failure,1.0574,4,0.418
140200,ELMHURST MEMORIAL HOSPITAL,IL,ELMHURST,Acute Care Hospitals,Proprietary,3.0,6,5,3375.0,32.3,491461.0,1.0557,1,Heart failure,1.0958,5,0.897
140208,ADVOCATE CHRIST HOSPITAL & MEDICAL CENTER,IL,OAK LAWN,Acute Care Hospitals,Voluntary non-profit - Church,3.0,6,5,2708.0,24.8,376097.0,1.1201,1,Hip/knee replacement,1.3511,6,0.985
140179,OSF LITTLE COMPANY OF MARY MEDICAL CENTER,IL,EVERGREEN PARK,Acute Care Hospitals,Voluntary non-profit - Other,2.0,4,4,1158.0,22.7,344385.0,1.0982,1,Heart failure,1.118,7,0.973
140202,ADVOCATE CONDELL MEDICAL CENTER,IL,LIBERTYVILLE,Acute Care Hospitals,Voluntary non-profit - Private,4.0,6,2,2298.0,19.1,289878.0,0.9702,1,Pneumonia,1.1126,8,0.285
140228,UW HEALTH,IL,ROCKFORD,Acute Care Hospitals,Voluntary non-profit - Private,3.0,5,5,1312.0,17.9,272178.0,1.0857,1,Heart failure,1.1372,9,0.961
140231,EDWARD HOSPITAL,IL,NAPERVILLE,Acute Care Hospitals,Voluntary non-profit - Private,3.0,6,5,2893.0,17.6,268366.0,1.0712,1,Hip/knee replacement,1.1499,10,0.939
140191,INGALLS MEMORIAL HOSPITAL,IL,HARVEY,Acute Care Hospitals,Physician,2.0,5,5,761.0,16.8,255044.0,1.0531,1,Heart failure,1.1602,11,0.888
140067,SAINT FRANCIS MEDICAL CENTER,IL,PEORIA,Acute Care Hospitals,Voluntary non-profit - Private,2.0,6,2,2792.0,16.2,245994.0,1.0075,1,Pneumonia,1.1165,12,0.603
140223,ADVOCATE LUTHERAN GENERAL HOSPITAL,IL,PARK RIDGE,Acute Care Hospitals,Voluntary non-profit - Church,4.0,6,4,2893.0,14.4,218045.0,1.0337,1,Hip/knee replacement,1.1491,13,0.796
140233,SAINT ANTHONY MEDICAL CENTER,IL,ROCKFORD,Acute Care Hospitals,Voluntary non-profit - Church,2.0,6,5,1532.0,14.2,216224.0,1.1091,1,Hip/knee replacement,1.3518,14,0.98
140088,THE UNIVERSITY OF CHICAGO MEDICAL CENTER,IL,CHICAGO,Acute Care Hospitals,Voluntary non-profit - Private,4.0,5,4,1588.0,13.0,198438.0,1.0194,1,Pneumonia,1.1233,15,0.701
140048,ADVOCATE TRINITY HOSPITAL,IL,CHICAGO,Acute Care Hospitals,Voluntary non-profit - Church,2.0,5,4,1186.0,12.9,196776.0,1.0547,1,COPD,1.1376,16,0.894
140002,ALTON MEMORIAL HOSPITAL,IL,ALTON,Acute Care Hospitals,Voluntary non-profit - Private,4.0,5,4,765.0,12.8,194429.0,1.0696,1,Hip/knee replacement,1.1287,17,0.935
140127,CARLE BROMENN MEDICAL CENTER,IL,NORMAL,Acute Care Hospitals,Voluntary non-profit - Church,3.0,6,5,1137.0,12.2,185146.0,1.144,1,Hip/knee replacement,1.5827,18,0.991
140007,SAINT JOSEPH MEDICAL CENTER,IL,JOLIET,Acute Care Hospitals,Voluntary non-profit - Church,1.0,6,5,1620.0,11.2,170672.0,1.0242,1,Heart attack,1.0537,19,0.736
140166,ST MARYS HOSPITAL,IL,DECATUR,Acute Care Hospitals,Voluntary non-profit - Private,1.0,4,4,875.0,10.9,165564.0,1.0576,1,Pneumonia,1.1273,20,0.905
140288,ADVOCATE GOOD SAMARITAN HOSPITAL,IL,DOWNERS GROVE,Acute Care Hospitals,Voluntary non-profit - Private,4.0,6,3,2068.0,10.1,154086.0,1.0175,1,Bypass surgery (CABG),1.0624,21,0.687
140281,NORTHWESTERN MEMORIAL HOSPITAL,IL,CHICAGO,Acute Care Hospitals,Voluntary non-profit - Private,5.0,6,3,3003.0,10.0,151699.0,1.0107,1,COPD,1.0843,22,0.628
140258,ALEXIAN BROTHERS MEDICAL CENTER 1,IL,ELK GROVE VILLAGE,Acute Care Hospitals,Voluntary non-profit - Private,3.0,6,5,1977.0,9.9,150204.0,1.0237,1,COPD,1.081,23,0.732
140030,ADVOCATE SHERMAN HOSPITAL,IL,ELGIN,Acute Care Hospitals,Voluntary non-profit - Private,4.0,5,4,1632.0,9.4,143164.0,1.0567,1,Bypass surgery (CABG),1.1528,24,0.901
140280,TRINITY ROCK ISLAND,IL,ROCK ISLAND,Acute Care Hospitals,Voluntary non-profit - Private,3.0,6,4,1177.0,9.4,142993.0,1.0283,1,Pneumonia,1.1355,25,0.767
140116,NORTHWESTERN MEDICINE MCHENRY,IL,MCHENRY,Acute Care Hospitals,Voluntary non-profit - Other,5.0,6,4,3694.0,9.0,137254.0,1.0433,1,Bypass surgery (CABG),1.1516,26,0.851
140209,CARLE HEALTH METHODIST HOSPITAL,IL,PEORIA,Acute Care Hospitals,Voluntary non-profit - Private,2.0,5,4,996.0,8.9,135224.0,1.0279,1,Heart failure,1.0891,27,0.763
140172,FRANCISCAN HEALTH OLYMPIA & CHICAGO HEIGHTS,IL,OLYMPIA FIELDS,Acute Care Hospitals,Voluntary non-profit - Church,3.0,5,5,1028.0,8.5,129069.0,1.0317,1,Heart failure,1.0567,28,0.785
140162,ST JOSEPH MEDICAL CENTER,IL,BLOOMINGTON,Acute Care Hospitals,Voluntary non-profit - Church,2.0,6,5,953.0,8.5,128735.0,1.0265,1,Heart failure,1.104,29,0.752
140291,ADVOCATE GOOD SHEPHERD HOSPITAL,IL,BARRINGTON,Acute Care Hospitals,Voluntary non-profit - Private,5.0,6,4,1867.0,8.5,128543.0,1.0599,1,Hip/knee replacement,1.1967,30,0.914
140011,HERRIN HOSPITAL,IL,HERRIN,Acute Care Hospitals,Voluntary non-profit - Private,1.0,4,4,919.0,8.3,126981.0,1.1195,1,Hip/knee replacement,1.3418,31,0.985
140034,SSM HEALTH ST MARY'S HOSPITAL -CENTRALIA,IL,CENTRALIA,Acute Care Hospitals,Voluntary non-profit - Church,3.0,3,2,570.0,7.4,112708.0,1.0476,1,Pneumonia,1.1036,32,0.866
140008,LOYOLA GOTTLIEB MEMORIAL HOSPITAL,IL,MELROSE PARK,Acute Care Hospitals,Voluntary non-profit - Private,3.0,4,3,735.0,7.4,112319.0,1.0573,1,Heart attack,1.1074,33,0.903
140054,MACNEAL  HOSPITAL,IL,BERWYN,Acute Care Hospitals,Proprietary,3.0,4,4,689.0,7.1,108137.0,1.0626,1,Heart attack,1.0804,34,0.92
140148,MEMORIAL MEDICAL CENTER,IL,SPRINGFIELD,Acute Care Hospitals,Voluntary non-profit - Private,3.0,5,2,2160.0,7.1,107967.0,0.9928,1,Heart failure,1.0456,35,0.476
140242,NORTHWESTERN MEDICINE CENTRAL DUPAGE HOSPITAL,IL,WINFIELD,Acute Care Hospitals,Voluntary non-profit - Private,5.0,6,2,2291.0,7.0,106808.0,0.9688,1,Pneumonia,1.0594,36,0.276
140043,CGH MEDICAL CENTER,IL,STERLING,Acute Care Hospitals,Government - Local,1.0,5,3,672.0,6.4,96767.0,1.0439,1,Heart attack,1.1346,37,0.854
140164,MEMORIAL HOSPITAL OF CARBONDALE,IL,CARBONDALE,Acute Care Hospitals,Voluntary non-profit - Private,1.0,5,3,985.0,6.3,96069.0,1.0285,1,Heart attack,1.0711,38,0.768
140093,OSF SACRED HEART MEDICAL CENTER,IL,DANVILLE,Acute Care Hospitals,Voluntary non-profit - Church,2.0,4,3,522.0,6.3,95202.0,1.0504,1,Heart failure,1.1278,39,0.877
140252,NORTHWEST COMMUNITY HOSPITAL 1,IL,ARLINGTON HEIGHTS,Acute Care Hospitals,Voluntary non-profit - Private,4.0,6,3,3581.0,5.9,90303.0,1.0179,1,Heart attack,1.1094,40,0.691
140182,ADVOCATE ILLINOIS MASONIC MEDICAL CENTER,IL,CHICAGO,Acute Care Hospitals,Voluntary non-profit - Private,3.0,4,2,492.0,5.6,84623.0,1.0373,1,Heart failure,1.087,41,0.817
140082,LOUIS A WEISS MEMORIAL HOSPITAL,IL,CHICAGO,Acute Care Hospitals,Proprietary,1.0,5,4,422.0,5.4,81598.0,1.1012,1,Hip/knee replacement,1.4155,42,0.975
140276,LOYOLA UNIVERSITY MEDICAL CENTER,IL,MAYWOOD,Acute Care Hospitals,Voluntary non-profit - Private,2.0,6,5,1154.0,5.3,80379.0,1.0458,1,COPD,1.1036,43,0.861
140080,SAINT FRANCIS HOSPITAL-EVANSTON,IL,EVANSTON,Acute Care Hospitals,Voluntary non-profit - Church,2.0,5,4,467.0,5.2,79399.0,1.0464,1,Heart failure,1.0941,44,0.862
140101,MORRIS HOSPITAL & HEALTHCARE CENTERS,IL,MORRIS,Acute Care Hospitals,Voluntary non-profit - Private,4.0,5,3,661.0,5.1,77611.0,1.0105,1,Hip/knee replacement,1.0798,45,0.627
140174,PRESENCE MERCY MEDICAL CENTER,IL,AURORA,Acute Care Hospitals,Voluntary non-profit - Private,3.0,4,3,500.0,5.0,75857.0,1.0579,1,Heart failure,1.0896,46,0.907
140290,ST ALEXIUS MEDICAL CENTER,IL,HOFFMAN ESTATES,Acute Care Hospitals,Voluntary non-profit - Church,5.0,5,1,1284.0,4.9,74406.0,0.9721,1,Pneumonia,1.0605,47,0.295
140289,ANDERSON HOSPITAL,IL,MARYVILLE,Acute Care Hospitals,Voluntary non-profit - Private,3.0,5,4,731.0,4.4,67608.0,1.0323,1,Pneumonia,1.0639,48,0.788
140189,SARAH BUSH LINCOLN HEALTH CENTER,IL,MATTOON,Acute Care Hospitals,Voluntary non-profit - Private,3.0,5,1,1488.0,4.4,66706.0,1.0135,1,Hip/knee replacement,1.2592,49,0.652
140184,HEARTLAND REGIONAL MEDICAL CENTER,IL,MARION,Acute Care Hospitals,Proprietary,2.0,4,3,318.0,4.0,61174.0,1.0434,1,Heart failure,1.0795,50,0.851
140089,MC DONOUGH DISTRICT HOSPITAL,IL,MACOMB,Acute Care Hospitals,Government - Hospital District or Authority,3.0,3,1,145.0,3.9,59962.0,1.0533,1,Pneumonia,1.1684,51,0.889
140180,PRESENCE SAINTS MARY AND ELIZABETH MEDICAL CENTER,IL,CHICAGO,Acute Care Hospitals,Voluntary non-profit - Church,3.0,4,3,370.0,3.8,58003.0,1.046,1,Heart attack,1.1225,52,0.861
140032,ST ANTHONYS MEMORIAL HOSPITAL,IL,EFFINGHAM,Acute Care Hospitals,Voluntary non-profit - Church,3.0,3,2,610.0,3.7,56413.0,0.9978,1,Heart failure,1.054,53,0.522
140130,NORTHWESTERN LAKE FOREST HOSPITAL,IL,LAKE FOREST,Acute Care Hospitals,Voluntary non-profit - Other,5.0,5,2,1322.0,3.4,51406.0,0.9509,1,Heart attack,1.0561,54,0.193
140119,RUSH UNIVERSITY MEDICAL CENTER,IL,CHICAGO,Acute Care Hospitals,Voluntary non-profit - Private,5.0,6,2,1586.0,3.3,49741.0,0.9725,1,Heart attack,1.0783,55,0.298
140064,ST MARY MEDICAL CENTER,IL,GALESBURG,Acute Care Hospitals,Voluntary non-profit - Church,2.0,3,2,641.0,3.3,49412.0,1.0198,1,Heart failure,1.0612,56,0.705
140049,WEST SUBURBAN MEDICAL CENTER,IL,OAK PARK,Acute Care Hospitals,Voluntary non-profit - Other,1.0,3,3,210.0,2.8,42768.0,1.0366,1,Heart failure,1.1003,57,0.812
140046,GOOD SAMARITAN REGIONAL HLTH CENTER,IL,MOUNT VERNON,Acute Care Hospitals,Voluntary non-profit - Private,4.0,5,2,1427.0,2.8,42322.0,1.0039,1,Heart attack,1.0826,58,0.568
140063,RUSH OAK PARK HOSPITAL,IL,OAK PARK,Acute Care Hospitals,Voluntary non-profit - Private,4.0,4,3,489.0,2.7,40984.0,1.0084,1,Pneumonia,1.0554,59,0.609
140150,UNIVERSITY OF ILLINOIS HOSPITAL AND CLINICS,IL,CHICAGO,Acute Care Hospitals,Government - State,4.0,5,3,268.0,2.2,32992.0,1.028,1,Hip/knee replacement,1.1239,60,0.764
140185,MEMORIAL HOSPITAL,IL,BELLEVILLE,Acute Care Hospitals,Voluntary non-profit - Private,5.0,6,4,1709.0,1.8,27558.0,1.0246,1,Bypass surgery (CABG),1.0754,61,0.74
140304,UCHICAGO MEDICINE ADVENTHEALTH BOLINGBROOK,IL,BOLINGBROOK,Acute Care Hospitals,Voluntary non-profit - Private,3.0,4,3,467.0,1.7,25749.0,1.0173,1,COPD,1.0608,62,0.685
140114,SWEDISH HOSPITAL,IL,CHICAGO,Acute Care Hospitals,Voluntary non-profit - Church,3.0,4,2,917.0,1.6,24997.0,0.9909,1,Heart attack,1.0254,63,0.457
140084,VISTA MEDICAL CENTER EAST,IL,WAUKEGAN,Acute Care Hospitals,Proprietary,2.0,4,2,524.0,1.6,24814.0,0.9836,1,Pneumonia,1.0343,64,0.394
140065,UCHICAGO MEDICINE ADVENTHEALTH LA GRANGE,IL,LA GRANGE,Acute Care Hospitals,Voluntary non-profit - Church,5.0,5,1,1314.0,1.6,24066.0,0.9865,1,Hip/knee replacement,1.097,65,0.424
140113,OSF HEART OF MARY MEDICAL CENTER,IL,URBANA,Acute Care Hospitals,Voluntary non-profit - Church,3.0,5,4,364.0,1.5,22946.0,1.0269,1,Bypass surgery (CABG),1.0841,66,0.754
140251,COMMUNITY FIRST MEDICAL CENTER,IL,CHICAGO,Acute Care Hospitals,Proprietary,2.0,4,1,408.0,1.4,21579.0,1.0001,1,Heart failure,1.0346,67,0.536
140103,ST BERNARD HOSPITAL,IL,CHICAGO,Acute Care Hospitals,Voluntary non-profit - Church,1.0,3,2,68.0,1.2,18735.0,1.0437,1,COPD,1.0969,68,0.852
140292,UCHICAGO MEDICINE ADVENTHEALTH GLENOAKS,IL,GLENDALE HEIGHTS,Acute Care Hospitals,Voluntary non-profit - Other,3.0,4,4,275.0,1.2,17692.0,1.0242,1,Heart failure,1.0313,69,0.736
140211,NORTHWESTERN MEDICINE DELNOR COMMUNITY HOSPITAL,IL,GENEVA,Acute Care Hospitals,Voluntary non-profit - Private,5.0,5,4,1299.0,1.1,16436.0,1.0046,1,Hip/knee replacement,1.0701,70,0.574
140029,COPLEY MEMORIAL HOSPITAL,IL,AURORA,Acute Care Hospitals,Voluntary non-profit - Private,4.0,6,2,1289.0,1.0,15638.0,0.9786,1,Heart attack,1.0503,71,0.349
140206,HUMBOLDT PARK HEALTH,IL,CHICAGO,Acute Care Hospitals,Voluntary non-profit - Private,1.0,3,3,118.0,0.9,13883.0,1.0399,1,Pneumonia,1.0431,72,0.833
140286,NORTHWESTERN MEDICINE KISHWAUKEE HOSPITAL,IL,DEKALB,Acute Care Hospitals,Voluntary non-profit - Private,5.0,4,1,886.0,0.8,12992.0,0.9781,1,COPD,1.0364,73,0.344
140012,OSF SAINT KATHARINE MEDICAL CENTER,IL,DIXON,Acute Care Hospitals,Voluntary non-profit - Private,2.0,4,1,362.0,0.8,12977.0,0.9876,1,Heart failure,1.0265,74,0.433
140133,HOLY CROSS HOSPITAL,IL,CHICAGO,Acute Care Hospitals,Voluntary non-profit - Private,2.0,3,1,272.0,0.8,12952.0,1.0181,1,COPD,1.0643,75,0.692
140124,JOHN H STROGER JR HOSPITAL,IL,CHICAGO,Acute Care Hospitals,Government - Local,2.0,4,2,276.0,0.8,12569.0,1.0029,1,Pneumonia,1.0489,76,0.561
140161,SAINT JAMES HOSPITAL,IL,PONTIAC,Acute Care Hospitals,Voluntary non-profit - Church,4.0,4,2,242.0,0.8,12364.0,1.0145,1,Heart failure,1.048,77,0.659
140177,JACKSON PARK HOSPITAL,IL,CHICAGO,Acute Care Hospitals,Voluntary non-profit - Private,1.0,2,2,69.0,0.7,10817.0,1.041,1,COPD,1.0474,78,0.84
140001,GRAHAM HOSPITAL ASSOCIATION,IL,CANTON,Acute Care Hospitals,Voluntary non-profit - Private,3.0,4,1,192.0,0.5,7894.0,0.9578,1,Heart failure,1.0344,79,0.218
140117,AMITA HEALTH RESURRECTION MEDICAL CENTER,IL,CHICAGO,Acute Care Hospitals,Voluntary non-profit - Church,3.0,6,3,1334.0,0.5,7501.0,0.9972,1,Hip/knee replacement,1.0617,80,0.517
140187,HSHS ST ELIZABETH'S HOSPITAL,IL,O FALLON,Acute Care Hospitals,Voluntary non-profit - Church,4.0,6,4,1233.0,0.4,5543.0,1.0114,1,Bypass surgery (CABG),1.0727,81,0.632
140059,JERSEY COMMUNITY HOSPITAL,IL,JERSEYVILLE,Acute Care Hospitals,Government - Local,3.0,4,2,182.0,0.4,5450.0,1.0041,1,Hip/knee replacement,1.0587,82,0.57
140018,MT SINAI HOSPITAL MEDICAL CENTER,IL,CHICAGO,Acute Care Hospitals,Voluntary non-profit - Private,1.0,4,2,140.0,0.3,4924.0,1.0065,1,COPD,1.0437,83,0.596
140294,DEACONESS ILLINOIS CROSSROADS,IL,MOUNT VERNON,Acute Care Hospitals,Proprietary,,2,1,58.0,0.3,4799.0,1.0145,1,Pneumonia,1.0384,84,0.659
140224,PRESENCE SAINT JOSEPH HOSPITAL - CHICAGO,IL,CHICAGO,Acute Care Hospitals,Voluntary non-profit - Church,4.0,5,1,291.0,0.3,3874.0,0.9797,1,Pneumonia,1.0152,85,0.358
140158,INSIGHT HOSPITAL AND MEDICAL CENTER CHICAGO,IL,CHICAGO,Acute Care Hospitals,Voluntary non-profit - Private,1.0,2,2,57.0,0.2,3095.0,1.0213,1,Pneumonia,1.0218,86,0.716
140052,OSF SAINT ANTHONY'S HEALTH CENTER,IL,ALTON,Acute Care Hospitals,Voluntary non-profit - Church,4.0,4,2,284.0,0.2,2978.0,0.9822,1,Heart attack,1.025,87,0.38
140186,RIVERSIDE MEDICAL CENTER,IL,KANKAKEE,Acute Care Hospitals,Voluntary non-profit - Private,4.0,5,2,1186.0,0.2,2795.0,0.9981,1,Bypass surgery (CABG),1.0218,88,0.525
140135,DECATUR MEMORIAL HOSPITAL,IL,DECATUR,Acute Care Hospitals,Voluntary non-profit - Other,3.0,4,1,1057.0,0.2,2447.0,0.9474,1,COPD,1.0033,89,0.181
140120,CARLE HEALTH PEKIN HOSPITAL,IL,PEKIN,Acute Care Hospitals,Voluntary non-profit - Private,3.0,3,1,267.0,0.1,2021.0,0.9765,1,Heart failure,1.0057,90,0.332
140122,UCHICAGO MEDICINE ADVENTHEALTH HINSDALE,IL,HINSDALE,Acute Care Hospitals,Voluntary non-profit - Private,5.0,5,1,1032.0,0.1,1267.0,0.9659,1,COPD,1.004,91,0.26
140068,ROSELAND COMMUNITY HOSPITAL,IL,CHICAGO,Acute Care Hospitals,Voluntary non-profit - Private,1.0,3,3,53.0,0.1,997.0,1.013,1,COPD,1.0249,92,0.647
140125,GATEWAY REGIONAL MEDICAL CENTER,IL,GRANITE CITY,Acute Care Hospitals,Voluntary non-profit - Other,2.0,3,2,79.0,0.1,755.0,0.9975,1,COPD,1.0066,93,0.52
140077,TOUCHETTE REGIONAL HOSPITAL INC,IL,CENTREVILLE,Acute Care Hospitals,Voluntary non-profit - Private,,0,0,0.0,0.0,0.0,,0,,,94,0.0
140100,"MIDWESTERN REGION MED CENTER, INC",IL,ZION,Acute Care Hospitals,Proprietary,4.0,0,0,0.0,0.0,0.0,,0,,,94,0.0
140197,METHODIST HOSPITAL OF CHICAGO,IL,CHICAGO,Acute Care Hospitals,Voluntary non-profit - Private,,0,0,0.0,0.0,0.0,,0,,,94,0.0
140300,PROVIDENT HOSPITAL OF CHICAGO,IL,CHICAGO,Acute Care Hospitals,Government - Local,,0,0,0.0,0.0,0.0,,0,,,94,0.0
140308,MERCYHEALTH HOSPITAL & PHYSICIAN CLINIC-CRYSTAL LA,IL,CRYSTAL LAKE,Acute Care Hospitals,Voluntary non-profit - Private,,0,0,0.0,0.0,0.0,,0,,,94,0.0
140155,PRESENCE ST MARYS HOSPITAL,IL,KANKAKEE,Acute Care Hospitals,Voluntary non-profit - Church,4.0,5,0,407.0,0.0,0.0,0.9071,0,COPD,0.9713,94,0.103
140053,ST JOHNS HOSPITAL,IL,SPRINGFIELD,Acute Care Hospitals,Voluntary non-profit - Church,2.0,5,0,2428.0,0.0,0.0,0.9469,0,Heart failure,0.9866,94,0.176
140275,GENESIS HLTH SYSTEM DBA GENESIS MDL CTR-ILLINI,IL,SILVIS,Acute Care Hospitals,Government - Local,2.0,5,0,205.0,0.0,0.0,0.9477,0,Pneumonia,0.9832,94,0.182
140160,FHN MEMORIAL HOSPITAL,IL,FREEPORT,Acute Care Hospitals,Voluntary non-profit - Private,3.0,4,1,337.0,0.0,0.0,0.9485,1,COPD,1.0012,94,0.184
140110,OSF SAINT ELIZABETH MDL CTR,IL,PERU,Acute Care Hospitals,Voluntary non-profit - Private,3.0,3,0,491.0,0.0,0.0,0.9615,0,Pneumonia,0.9798,94,0.234
140239,JAVON BEA HOSPITAL,IL,ROCKFORD,Acute Care Hospitals,Voluntary non-profit - Private,3.0,5,0,651.0,0.0,0.0,0.9708,0,COPD,0.9929,94,0.287
140013,CARLE HEALTH PROCTOR HOSPITAL,IL,PEORIA,Acute Care Hospitals,Voluntary non-profit - Private,3.0,4,0,392.0,0.0,0.0,0.9711,0,Heart failure,0.977,94,0.289
140137,HSHS HOLY FAMILY HOSPITAL INC,IL,GREENVILLE,Acute Care Hospitals,Voluntary non-profit - Church,3.0,2,0,0.0,0.0,0.0,0.9734,0,Heart failure,0.9878,94,0.306
140210,HARRISBURG MEDICAL CENTER,IL,HARRISBURG,Acute Care Hospitals,Voluntary non-profit - Other,2.0,3,1,0.0,0.0,0.0,0.9808,1,Pneumonia,1.0029,94,0.368
140145,ST JOSEPHS HOSPITAL,IL,BREESE,Acute Care Hospitals,Voluntary non-profit - Church,4.0,3,0,262.0,0.0,0.0,0.9842,0,Pneumonia,0.9983,94,0.399
140015,BLESSING HOSPITAL,IL,QUINCY,Acute Care Hospitals,Voluntary non-profit - Private,4.0,6,1,2068.0,0.0,0.0,0.9859,1,Hip/knee replacement,1.1167,94,0.419
140217,SAINT JOSEPH HOSPITAL-ELGIN,IL,ELGIN,Acute Care Hospitals,Voluntary non-profit - Church,4.0,5,2,329.0,0.0,0.0,0.9898,1,Heart attack,1.0598,94,0.449
140115,THOREK MEMORIAL HOSPITAL,IL,CHICAGO,Acute Care Hospitals,Voluntary non-profit - Private,,1,1,0.0,0.0,0.0,1.0175,1,Pneumonia,1.0175,94,0.687
140083,LORETTO HOSPITAL,IL,CHICAGO,Acute Care Hospitals,Voluntary non-profit - Other,,1,1,0.0,0.0,0.0,1.0206,1,Heart failure,1.0206,94,0.709
140095,SAINT ANTHONY HOSPITAL,IL,CHICAGO,Acute Care Hospitals,Voluntary non-profit - Private,2.0,1,1,0.0,0.0,0.0,1.0233,1,Heart failure,1.0233,94,0.729
140181,SOUTH SHORE HOSPITAL,IL,CHICAGO,Acute Care Hospitals,Voluntary non-profit - Private,,1,1,0.0,0.0,0.0,1.0569,1,Pneumonia,1.0569,94,0.901
150125,COMMUNITY HOSPITAL,IN,MUNSTER,Acute Care Hospitals,Voluntary non-profit - Private,3.0,6,4,2408.0,39.0,592066.0,1.0485,1,Hip/knee replacement,1.1492,1,0.87
150023,UNION HOSPITAL INC,IN,TERRE HAUTE,Acute Care Hospitals,Voluntary non-profit - Private,3.0,6,3,2214.0,31.3,474886.0,1.0685,1,Hip/knee replacement,1.3349,2,0.933
150082,DEACONESS HOSPITAL INC,IN,EVANSVILLE,Acute Care Hospitals,Voluntary non-profit - Private,2.0,6,3,3766.0,31.2,474630.0,1.0456,1,Hip/knee replacement,1.2025,3,0.859
150089,INDIANA UNIVERSITY HEALTH BALL MEMORIAL HOSPITAL,IN,MUNCIE,Acute Care Hospitals,Voluntary non-profit - Private,3.0,6,2,2172.0,16.7,253644.0,0.9907,1,Heart failure,1.1092,4,0.455
150002,METHODIST HOSPITALS INC,IN,GARY,Acute Care Hospitals,Voluntary non-profit - Private,1.0,4,4,943.0,14.7,223972.0,1.0854,1,Heart attack,1.1299,5,0.96
150074,COMMUNITY HOSPITAL EAST,IN,INDIANAPOLIS,Acute Care Hospitals,Voluntary non-profit - Private,3.0,6,3,1391.0,14.3,216692.0,1.0263,1,Heart attack,1.1367,6,0.75
150035,NORTHWEST HEALTH - PORTER,IN,VALPARAISO,Acute Care Hospitals,Proprietary,2.0,6,2,1669.0,11.3,171665.0,1.0302,1,Hip/knee replacement,1.209,7,0.776
150044,BAPTIST HEALTH FLOYD,IN,NEW ALBANY,Acute Care Hospitals,Voluntary non-profit - Private,3.0,6,2,2141.0,10.3,156057.0,0.9879,1,Pneumonia,1.059,8,0.436
150006,NORTHWEST HEALTH-LA PORTE,IN,LA PORTE,Acute Care Hospitals,Voluntary non-profit - Private,3.0,4,3,674.0,10.0,152671.0,1.0569,1,Pneumonia,1.1262,9,0.901
150015,FRANCISCAN HEALTH MICHIGAN CITY,IN,MICHIGAN CITY,Acute Care Hospitals,Voluntary non-profit - Church,3.0,5,5,913.0,9.1,138210.0,1.0855,1,Heart attack,1.1842,10,0.96
150042,GOOD SAMARITAN HOSPITAL,IN,VINCENNES,Acute Care Hospitals,Voluntary non-profit - Other,2.0,5,2,903.0,8.5,129551.0,1.0163,1,Heart failure,1.0809,11,0.678
150021,PARKVIEW REGIONAL MEDICAL CENTER,IN,FORT WAYNE,Acute Care Hospitals,Voluntary non-profit - Private,3.0,5,3,2415.0,8.5,128669.0,0.9926,1,COPD,1.0904,12,0.473
150048,REID HEALTH,IN,RICHMOND,Acute Care Hospitals,Voluntary non-profit - Private,2.0,6,3,1886.0,8.0,121588.0,1.0485,1,Hip/knee replacement,1.2592,13,0.87
150162,FRANCISCAN HEALTH INDIANAPOLIS,IN,INDIANAPOLIS,Acute Care Hospitals,Voluntary non-profit - Church,4.0,5,4,2382.0,7.4,112425.0,1.0146,1,Bypass surgery (CABG),1.0758,14,0.661
150046,TERRE HAUTE REGIONAL HOSPITAL,IN,TERRE HAUTE,Acute Care Hospitals,Proprietary,2.0,5,5,581.0,7.3,110232.0,1.0671,1,Heart failure,1.087,15,0.929
150165,FRANCISCAN HEALTH MUNSTER,IN,MUNSTER,Acute Care Hospitals,Voluntary non-profit - Private,3.0,5,4,466.0,6.2,94625.0,1.0429,1,Heart failure,1.0966,16,0.848
150084,ASCENSION ST VINCENT HOSPITAL,IN,INDIANAPOLIS,Acute Care Hospitals,Voluntary non-profit - Church,2.0,6,4,1166.0,5.5,83681.0,1.0159,1,Hip/knee replacement,1.0879,17,0.674
150012,SAINT JOSEPH REGIONAL MEDICAL CENTER,IN,MISHAWAKA,Acute Care Hospitals,Voluntary non-profit - Private,2.0,5,2,1136.0,4.7,71287.0,1.0012,1,Heart failure,1.0549,18,0.547
150090,FRANCISCAN HEALTH DYER,IN,DYER,Acute Care Hospitals,Voluntary non-profit - Church,2.0,4,3,761.0,3.8,58273.0,1.0231,1,Heart attack,1.0515,19,0.728
150058,MEMORIAL HOSPITAL OF SOUTH BEND,IN,SOUTH BEND,Acute Care Hospitals,Voluntary non-profit - Private,2.0,6,1,1184.0,3.7,56430.0,0.9749,1,COPD,1.103,20,0.317
150018,ELKHART GENERAL HOSPITAL,IN,ELKHART,Acute Care Hospitals,Government - Local,4.0,6,3,1074.0,3.3,50121.0,0.9759,1,Heart failure,1.0517,21,0.328
150128,"COMMUNITY HOSPITAL SOUTH, INC.",IN,INDIANAPOLIS,Acute Care Hospitals,Voluntary non-profit - Private,3.0,5,2,929.0,3.2,47941.0,0.9994,1,Pneumonia,1.0643,22,0.533
150088,ASCENSION ST VINCENT ANDERSON,IN,ANDERSON,Acute Care Hospitals,Voluntary non-profit - Private,2.0,4,3,369.0,3.0,45875.0,1.0176,1,Heart failure,1.0832,23,0.688
150169,COMMUNITY HOSPITAL NORTH,IN,INDIANAPOLIS,Acute Care Hospitals,Voluntary non-profit - Private,3.0,4,1,724.0,2.9,44762.0,0.9442,1,Heart failure,1.0578,24,0.168
150034,ST MARY MEDICAL CENTER INC,IN,HOBART,Acute Care Hospitals,Voluntary non-profit - Private,3.0,6,3,1409.0,2.9,44530.0,1.0131,1,Bypass surgery (CABG),1.18,25,0.647
150112,COLUMBUS REGIONAL HOSPITAL,IN,COLUMBUS,Acute Care Hospitals,Government - Local,4.0,6,4,1310.0,2.6,39242.0,1.0231,1,COPD,1.0702,26,0.728
150024,ESKENAZI HEALTH,IN,INDIANAPOLIS,Acute Care Hospitals,Government - Local,3.0,4,4,349.0,2.3,34386.0,1.034,1,Pneumonia,1.0681,27,0.798
150059,RIVERVIEW HEALTH,IN,NOBLESVILLE,Acute Care Hospitals,Government - Local,4.0,4,2,442.0,2.2,32893.0,0.9948,1,Pneumonia,1.0469,28,0.499
150011,MARION GENERAL HOSPITAL,IN,MARION,Acute Care Hospitals,Voluntary non-profit - Private,3.0,4,2,535.0,2.2,32886.0,1.0041,1,COPD,1.0828,29,0.57
150030,HENRY COUNTY MEMORIAL HOSPITAL,IN,NEW CASTLE,Acute Care Hospitals,Government - Local,4.0,4,2,342.0,2.0,29882.0,0.9546,1,COPD,1.0599,30,0.205
150161,INDIANA UNIVERSITY HEALTH NORTH HOSPITAL,IN,CARMEL,Acute Care Hospitals,Voluntary non-profit - Private,4.0,4,3,541.0,1.8,26846.0,0.9753,1,Heart failure,1.044,31,0.321
150086,ST ELIZABETH DEARBORN HOSPITAL,IN,LAWRENCEBURG,Acute Care Hospitals,Government - Local,5.0,4,2,425.0,1.4,21770.0,0.9911,1,COPD,1.0501,32,0.458
150126,FRANCISCAN HEALTH CROWN POINT,IN,CROWN POINT,Acute Care Hospitals,Voluntary non-profit - Church,3.0,6,3,1393.0,1.3,20117.0,1.0135,1,Hip/knee replacement,1.2117,33,0.652
150133,KOSCIUSKO COMMUNITY HOSPITAL,IN,WARSAW,Acute Care Hospitals,Proprietary,4.0,3,2,374.0,1.3,19609.0,1.0119,1,COPD,1.0364,34,0.637
150146,PARKVIEW NOBLE HOSPITAL,IN,KENDALLVILLE,Acute Care Hospitals,Voluntary non-profit - Private,3.0,3,2,170.0,1.2,18954.0,1.0258,1,Pneumonia,1.0843,35,0.746
150037,HANCOCK REGIONAL HOSPITAL,IN,GREENFIELD,Acute Care Hospitals,Government - Local,4.0,4,2,356.0,1.2,17743.0,0.9999,1,COPD,1.0356,36,0.535
150100,ASCENSION ST VINCENT EVANSVILLE,IN,EVANSVILLE,Acute Care Hospitals,Voluntary non-profit - Private,4.0,6,2,1548.0,1.2,17457.0,0.916,1,Heart attack,1.0399,37,0.11
150091,PARKVIEW HUNTINGTON HOSPITAL,IN,HUNTINGTON,Acute Care Hospitals,Voluntary non-profit - Private,4.0,3,1,73.0,1.1,17027.0,1.0114,1,Pneumonia,1.1131,38,0.632
150057,FRANCISCAN HEALTH MOORESVILLE,IN,MOORESVILLE,Acute Care Hospitals,Voluntary non-profit - Church,5.0,4,2,284.0,1.1,16744.0,0.9617,1,Pneumonia,1.0439,39,0.235
150008,ST CATHERINE HOSPITAL INC,IN,EAST CHICAGO,Acute Care Hospitals,Voluntary non-profit - Private,4.0,3,1,286.0,1.1,16400.0,1.0067,1,COPD,1.0845,40,0.597
150097,MAJOR HOSPITAL,IN,SHELBYVILLE,Acute Care Hospitals,Government - Local,4.0,3,2,337.0,1.1,16378.0,1.0154,1,COPD,1.0301,41,0.667
150150,DUPONT HOSPITAL LLC,IN,FORT WAYNE,Acute Care Hospitals,Proprietary,4.0,3,1,70.0,1.1,16295.0,1.02,1,Pneumonia,1.1035,42,0.706
150104,WITHAM HEALTH SERVICES,IN,LEBANON,Acute Care Hospitals,Government - Local,4.0,5,3,234.0,1.0,15082.0,1.0253,1,Hip/knee replacement,1.1613,43,0.744
150056,INDIANA UNIVERSITY HEALTH,IN,INDIANAPOLIS,Acute Care Hospitals,Voluntary non-profit - Private,3.0,6,1,1353.0,0.9,14388.0,0.9892,1,Bypass surgery (CABG),1.1148,44,0.444
150010,ASCENSION ST VINCENT KOKOMO,IN,KOKOMO,Acute Care Hospitals,Voluntary non-profit - Church,4.0,4,2,379.0,0.9,13472.0,1.0088,1,Hip/knee replacement,1.1001,45,0.613
150022,FRANCISCAN HEALTH CRAWFORDSVILLE,IN,CRAWFORDSVILLE,Acute Care Hospitals,Voluntary non-profit - Church,5.0,3,1,192.0,0.7,10300.0,0.9884,1,Pneumonia,1.0408,46,0.439
150109,FRANCISCAN HEALTH LAFAYETTE,IN,LAFAYETTE,Acute Care Hospitals,Voluntary non-profit - Church,3.0,6,2,1105.0,0.7,10213.0,0.9895,1,Bypass surgery (CABG),1.0527,47,0.447
150113,COMMUNITY HOSPITAL OF ANDERSON AND MADISON COUNTY,IN,ANDERSON,Acute Care Hospitals,Voluntary non-profit - Private,3.0,5,1,538.0,0.6,9600.0,0.9395,1,COPD,1.0356,48,0.154
150173,INDIANA UNIVERSITY HEALTH ARNETT HOSPITAL,IN,LAFAYETTE,Acute Care Hospitals,Voluntary non-profit - Private,4.0,6,2,1391.0,0.6,9556.0,0.9852,1,Hip/knee replacement,1.0502,49,0.411
150069,NORTON-KING'S DAUGHTERS' HEALTH,IN,MADISON,Acute Care Hospitals,Voluntary non-profit - Private,2.0,3,2,366.0,0.6,9013.0,0.9931,1,COPD,1.0192,50,0.48
150009,NORTON CLARK HOSPITAL,IN,JEFFERSONVILLE,Acute Care Hospitals,Voluntary non-profit - Other,3.0,4,1,939.0,0.6,8731.0,0.9695,1,COPD,1.0199,51,0.281
150045,PARKVIEW DEKALB HOSPITAL,IN,AUBURN,Acute Care Hospitals,Voluntary non-profit - Private,3.0,3,3,62.0,0.5,7991.0,1.0316,1,Heart failure,1.0469,52,0.784
150001,JOHNSON MEMORIAL HOSPITAL,IN,FRANKLIN,Acute Care Hospitals,Government - Local,5.0,3,1,240.0,0.4,6374.0,0.9807,1,Heart failure,1.0198,53,0.367
150102,NORTHWEST HEALTH - STARKE,IN,KNOX,Acute Care Hospitals,Proprietary,1.0,3,3,31.0,0.4,5416.0,1.0398,1,Heart failure,1.0533,54,0.832
150005,HENDRICKS REGIONAL HEALTH,IN,DANVILLE,Acute Care Hospitals,Government - Local,5.0,5,2,655.0,0.3,4831.0,0.9744,1,Hip/knee replacement,1.0263,55,0.312
150026,GOSHEN HOSPITAL,IN,GOSHEN,Acute Care Hospitals,Voluntary non-profit - Private,3.0,4,1,488.0,0.3,4715.0,0.9785,1,Heart attack,1.0304,56,0.348
150157,ASCENSION ST VINCENT CARMEL,IN,CARMEL,Acute Care Hospitals,Voluntary non-profit - Private,3.0,3,1,207.0,0.1,1894.0,0.9851,1,Pneumonia,1.0072,57,0.41
150115,MEMORIAL HOSPITAL AND HEALTH CARE CENTER,IN,JASPER,Acute Care Hospitals,Voluntary non-profit - Private,4.0,5,1,887.0,0.0,141.0,0.929,1,Heart attack,1.0006,58,0.131
150101,PARKVIEW WHITLEY HOSPITAL,IN,COLUMBIA CITY,Acute Care Hospitals,Voluntary non-profit - Private,4.0,2,1,80.0,0.0,39.0,0.9564,1,Heart failure,1.0002,59,0.211
150149,THE WOMEN'S HOSPITAL,IN,NEWBURGH,Acute Care Hospitals,Proprietary,5.0,0,0,0.0,0.0,0.0,,0,,,60,0.0
150167,ORTHOPAEDIC HOSPITAL AT PARKVIEW NORTH,IN,FORT WAYNE,Acute Care Hospitals,Voluntary non-profit - Private,,0,0,0.0,0.0,0.0,,0,,,60,0.0
150172,PHYSICIANS' MEDICAL CENTER LLC,IN,NEW ALBANY,Acute Care Hospitals,Physician,,0,0,0.0,0.0,0.0,,0,,,60,0.0
150179,FAIRBANKS,IN,INDIANAPOLIS,Acute Care Hospitals,Voluntary non-profit - Private,,0,0,0.0,0.0,0.0,,0,,,60,0.0
150193,FRANCISCAN HEALTH ORTHOPEDIC HOSPITAL CARMEL,IN,CARMEL,Acute Care Hospitals,Voluntary non-profit - Church,,0,0,0.0,0.0,0.0,,0,,,60,0.0
150195,UCHICAGO MEDICINE NORTHWEST INDIANA,IN,CROWN POINT,Acute Care Hospitals,Voluntary non-profit - Private,,0,0,0.0,0.0,0.0,,0,,,60,0.0
150160,ORTHOINDY HOSPITAL,IN,INDIANAPOLIS,Acute Care Hospitals,Physician,,1,0,578.0,0.0,0.0,0.6642,0,Hip/knee replacement,0.6642,60,0.075
150166,PINNACLE HOSPITAL,IN,CROWN POINT,Acute Care Hospitals,Physician,,1,0,0.0,0.0,0.0,0.8787,0,Hip/knee replacement,0.8787,60,0.088
150168,THE ORTHOPAEDIC HOSPITAL OF LUTHERAN HEALTH NETWOR,IN,FT WAYNE,Acute Care Hospitals,Proprietary,,1,0,0.0,0.0,0.0,0.9093,0,Hip/knee replacement,0.9093,60,0.105
150153,ST VINCENT HEART CENTER,IN,CARMEL,Acute Care Hospitals,Proprietary,5.0,3,0,1109.0,0.0,0.0,0.9097,0,Bypass surgery (CABG),0.9241,60,0.105
150065,SCHNECK MEDICAL CENTER,IN,SEYMOUR,Acute Care Hospitals,Government - Local,4.0,3,0,0.0,0.0,0.0,0.9296,0,COPD,0.9588,60,0.132
150051,INDIANA UNIVERSITY HEALTH BLOOMINGTON HOSPITAL,IN,BLOOMINGTON,Acute Care Hospitals,Voluntary non-profit - Private,3.0,6,0,1314.0,0.0,0.0,0.9297,0,Hip/knee replacement,0.9792,60,0.132
150072,MEMORIAL HOSPITAL,IN,LOGANSPORT,Acute Care Hospitals,Government - Local,4.0,3,0,0.0,0.0,0.0,0.9427,0,COPD,0.9863,60,0.163
150007,COMMUNITY HOWARD REGIONAL HEALTH INC.,IN,KOKOMO,Acute Care Hospitals,Voluntary non-profit - Private,4.0,5,0,470.0,0.0,0.0,0.9486,0,COPD,0.9888,60,0.185
150177,UNITY PHYSICIANS HOSPITAL,IN,MISHAWAKA,Acute Care Hospitals,Physician,,1,0,0.0,0.0,0.0,0.9531,0,Hip/knee replacement,0.9531,60,0.2
150076,SAINT JOSEPH REGIONAL MEDICAL CENTER - PLYMOUTH,IN,PLYMOUTH,Acute Care Hospitals,Voluntary non-profit - Church,4.0,3,1,127.0,0.0,0.0,0.9607,1,COPD,1.0022,60,0.231
150061,DAVIESS COMMUNITY HOSPITAL,IN,WASHINGTON,Acute Care Hospitals,Government - Local,3.0,3,0,0.0,0.0,0.0,0.9621,0,Heart failure,0.9962,60,0.238
150181,ASCENSION ST VINCENT FISHERS,IN,FISHERS,Acute Care Hospitals,Voluntary non-profit - Private,4.0,3,1,0.0,0.0,0.0,0.9737,1,Heart failure,1.0014,60,0.308
150183,MONROE HOSPITAL,IN,BLOOMINGTON,Acute Care Hospitals,Proprietary,4.0,3,0,206.0,0.0,0.0,0.9779,0,Pneumonia,0.9826,60,0.342
150075,BLUFFTON REGIONAL MEDICAL CENTER,IN,BLUFFTON,Acute Care Hospitals,Proprietary,4.0,3,1,0.0,0.0,0.0,0.9855,1,COPD,1.0167,60,0.414
150017,LUTHERAN HOSPITAL OF INDIANA,IN,FORT WAYNE,Acute Care Hospitals,Proprietary,3.0,5,1,1319.0,0.0,0.0,0.9927,1,Bypass surgery (CABG),1.0566,60,0.474
150047,"ST JOSEPH HEALTH SYSTEM, LLC",IN,FORT WAYNE,Acute Care Hospitals,Proprietary,4.0,2,1,0.0,0.0,0.0,1.0016,1,Pneumonia,1.0084,60,0.552
150158,IU HEALTH WEST HOSPITAL,IN,AVON,Acute Care Hospitals,Proprietary,4.0,5,1,954.0,0.0,0.0,1.0173,1,Hip/knee replacement,1.2676,60,0.685
170182,MENORAH MEDICAL CENTER,KS,OVERLAND PARK,Acute Care Hospitals,Proprietary,3.0,5,3,1060.0,7.6,116114.0,1.0375,1,Hip/knee replacement,1.221,1,0.818
170040,UNIVERSITY OF KANSAS HOSPITAL,KS,KANSAS CITY,Acute Care Hospitals,Government - Hospital District or Authority,5.0,5,2,2204.0,7.1,108512.0,0.938,1,Pneumonia,1.0663,2,0.15
170146,PROVIDENCE MEDICAL CENTER,KS,KANSAS CITY,Acute Care Hospitals,Voluntary non-profit - Church,3.0,5,3,718.0,5.5,83524.0,1.0217,1,Pneumonia,1.0886,3,0.719
170176,OVERLAND PARK REG MED CTR,KS,OVERLAND PARK,Acute Care Hospitals,Proprietary,4.0,6,3,640.0,4.7,70950.0,1.071,1,Hip/knee replacement,1.3044,4,0.938
170014,ADVENTHEALTH OTTAWA,KS,OTTAWA,Acute Care Hospitals,Government - Local,3.0,3,2,227.0,3.3,49857.0,1.0509,1,Pneumonia,1.091,5,0.879
170086,STORMONT VAIL HOSPITAL,KS,TOPEKA,Acute Care Hospitals,Voluntary non-profit - Private,4.0,6,3,2381.0,3.2,49173.0,0.9812,1,Hip/knee replacement,1.0267,6,0.372
170013,HAYS MEDICAL CENTER,KS,HAYS,Acute Care Hospitals,Voluntary non-profit - Other,3.0,6,1,1038.0,2.4,36865.0,0.9473,1,Pneumonia,1.0345,7,0.18
170104,ADVENTHEALTH SHAWNEE MISSION,KS,SHAWNEE MISSION,Acute Care Hospitals,Voluntary non-profit - Private,3.0,6,2,1265.0,1.4,21397.0,1.0001,1,Hip/knee replacement,1.1839,8,0.536
170122,"ASCENSION VIA CHRISTI HOSPITALS WICHITA, INC.",KS,WICHITA,Acute Care Hospitals,Voluntary non-profit - Private,2.0,6,1,1937.0,1.2,17662.0,0.9365,1,COPD,1.0557,9,0.147
170068,SOUTHWEST MEDICAL CENTER,KS,LIBERAL,Acute Care Hospitals,Government - Local,1.0,4,3,129.0,1.1,16633.0,1.0754,1,Hip/knee replacement,1.284,10,0.947
170009,SAINT JOHN HOSPITAL,KS,LEAVENWORTH,Acute Care Hospitals,Voluntary non-profit - Other,3.0,2,1,225.0,0.9,13805.0,0.9987,1,Heart failure,1.0567,11,0.529
170103,NMC HEALTH,KS,NEWTON,Acute Care Hospitals,Voluntary non-profit - Private,5.0,4,1,263.0,0.8,12458.0,0.9455,1,Pneumonia,1.0398,12,0.172
170016,UNIVERSITY OF KANSAS HEALTH SYSTEM - ST FRANCIS CAMPUS,KS,TOPEKA,Acute Care Hospitals,Voluntary non-profit - Church,3.0,6,2,1035.0,0.8,11507.0,0.9853,1,Bypass surgery (CABG),1.1122,13,0.413
170074,"STORMONT VAIL HEALTH FLINT HILLS, LLC",KS,JUNCTION CITY,Acute Care Hospitals,Voluntary non-profit - Private,4.0,3,2,70.0,0.7,10905.0,1.0155,1,Pneumonia,1.0747,14,0.669
170020,HUTCHINSON REGIONAL MEDICAL CENTER INC,KS,HUTCHINSON,Acute Care Hospitals,Voluntary non-profit - Private,2.0,6,3,1000.0,0.7,9825.0,0.9879,1,Hip/knee replacement,1.1778,15,0.436
170197,KANSAS MEDICAL CENTER LLC,KS,ANDOVER,Acute Care Hospitals,Proprietary,2.0,5,2,564.0,0.6,9374.0,0.9757,1,Bypass surgery (CABG),1.0284,16,0.324
170185,SAINT LUKE'S SOUTH HOSPITAL,KS,OVERLAND PARK,Acute Care Hospitals,Voluntary non-profit - Other,4.0,5,2,947.0,0.5,6836.0,1.0664,1,Hip/knee replacement,1.4205,17,0.927
170137,LMH,KS,LAWRENCE,Acute Care Hospitals,Government - Local,4.0,5,1,791.0,0.4,6594.0,0.9753,1,Heart attack,1.0336,18,0.321
170208,"ADVENTHEALTH SOUTH OVERLAND PARK, INC",KS,OVERLAND PARK,Acute Care Hospitals,Voluntary non-profit - Private,4.0,2,2,120.0,0.4,6562.0,1.0252,1,Pneumonia,1.0489,19,0.744
170175,CENTURA ST. CATHERINE-DODGE CITY,KS,DODGE CITY,Acute Care Hospitals,Proprietary,3.0,4,1,79.0,0.3,4870.0,0.981,1,Pneumonia,1.0297,20,0.37
170023,ST. CATHERINE HOSPITAL - GARDEN CITY,KS,GARDEN CITY,Acute Care Hospitals,Voluntary non-profit - Church,2.0,4,2,235.0,0.2,2739.0,0.9933,1,Pneumonia,1.0094,21,0.483
170191,UNIVERSITY  OF KS HLTH SYSTEM GREAT BEND CAMPUS,KS,GREAT BEND,Acute Care Hospitals,Government - Hospital District or Authority,4.0,3,1,173.0,0.0,410.0,0.969,1,Heart failure,1.0019,22,0.278
170194,ASCENTIST HOSPITAL LLC,KS,LEAWOOD,Acute Care Hospitals,Proprietary,,0,0,0.0,0.0,0.0,,0,,,23,0.0
170199,MINIMALLY INVASIVE SURGERY HOSPITAL,KS,LENEXA,Acute Care Hospitals,Proprietary,,0,0,0.0,0.0,0.0,,0,,,23,0.0
170188,KANSAS CITY ORTHOPAEDIC INSTITUTE,KS,LEAWOOD,Acute Care Hospitals,Physician,,1,0,1285.0,0.0,0.0,0.5524,0,Hip/knee replacement,0.5524,23,0.073
170187,SALINA SURGICAL HOSPITAL,KS,SALINA,Acute Care Hospitals,Physician,,1,0,788.0,0.0,0.0,0.5593,0,Hip/knee replacement,0.5593,23,0.073
170183,KANSAS SURGERY & RECOVERY CENTER,KS,WICHITA,Acute Care Hospitals,Voluntary non-profit - Private,,1,0,0.0,0.0,0.0,0.7141,0,Hip/knee replacement,0.7141,23,0.077
170198,"SUMMIT SURGICAL, LLC",KS,HUTCHINSON,Acute Care Hospitals,Physician,,1,0,0.0,0.0,0.0,0.7325,0,Hip/knee replacement,0.7325,23,0.077
170027,PRATT REGIONAL MEDICAL CENTER,KS,PRATT,Acute Care Hospitals,Proprietary,4.0,4,0,0.0,0.0,0.0,0.8643,0,Heart failure,0.9924,23,0.086
170186,KANSAS HEART HOSPITAL,KS,WICHITA,Acute Care Hospitals,Proprietary,4.0,3,0,787.0,0.0,0.0,0.8666,0,Heart attack,0.9271,23,0.086
170123,WESLEY MEDICAL CENTER,KS,WICHITA,Acute Care Hospitals,Proprietary,4.0,6,0,2179.0,0.0,0.0,0.8898,0,COPD,0.9497,23,0.091
170012,SALINA REGIONAL HEALTH CENTER,KS,SALINA,Acute Care Hospitals,Voluntary non-profit - Private,3.0,6,0,772.0,0.0,0.0,0.8935,0,COPD,0.9517,23,0.093
170142,"ASCENSION VIA CHRISTI HOSPITAL MANHATTAN, INC",KS,MANHATTAN,Acute Care Hospitals,Voluntary non-profit - Private,4.0,5,0,329.0,0.0,0.0,0.9183,0,COPD,0.9676,23,0.113
170196,"KANSAS SPINE & SPECIALTY HOSPITAL, LLC",KS,WICHITA,Acute Care Hospitals,Physician,,1,0,341.0,0.0,0.0,0.9199,0,Hip/knee replacement,0.9199,23,0.116
170120,LABETTE HEALTH,KS,PARSONS,Acute Care Hospitals,Government - Local,3.0,4,0,0.0,0.0,0.0,0.9255,0,COPD,0.9795,23,0.125
170049,UNIVERSITY OF KANSAS HEALTH SYSTEM OLATHE HOSPITAL,KS,OLATHE,Acute Care Hospitals,Voluntary non-profit - Private,4.0,5,1,1065.0,0.0,0.0,0.9547,1,Bypass surgery (CABG),1.0293,23,0.205
170105,MCPHERSON HOSPITAL,KS,MCPHERSON,Acute Care Hospitals,Voluntary non-profit - Private,2.0,3,0,0.0,0.0,0.0,0.9628,0,Heart failure,0.9881,23,0.242
170109,MIAMI COUNTY MEDICAL CENTER,KS,PAOLA,Acute Care Hospitals,Voluntary non-profit - Private,,1,0,0.0,0.0,0.0,0.9701,0,Pneumonia,0.9701,23,0.284
170200,"VIA CHRISTI HOSPITAL WICHITA ST TERESA, INC",KS,WICHITA,Acute Care Hospitals,Voluntary non-profit - Church,4.0,3,0,531.0,0.0,0.0,0.9779,0,Hip/knee replacement,0.9894,23,0.342
170204,"ROCK REGIONAL HOSPITAL, LLC",KS,DERBY,Acute Care Hospitals,Proprietary,4.0,3,0,109.0,0.0,0.0,0.9794,0,COPD,0.9916,23,0.355
170006,"MERCY HOSPITAL PITTSBURG, INC",KS,PITTSBURG,Acute Care Hospitals,Voluntary non-profit - Church,3.0,5,1,213.0,0.0,0.0,0.9839,1,Hip/knee replacement,1.041,23,0.396
170190,MANHATTAN SURGICAL HOSPITAL LLC,KS,MANHATTAN,Acute Care Hospitals,Physician,,1,0,0.0,0.0,0.0,0.9916,0,Hip/knee replacement,0.9916,23,0.464
170017,SUSAN B ALLEN MEMORIAL HOSPITAL,KS,EL DORADO,Acute Care Hospitals,Voluntary non-profit - Private,,1,1,0.0,0.0,0.0,1.0112,1,Pneumonia,1.0112,23,0.63
170203,MERCY SPECIALTY HOSPITAL SOUTHEAST KANSAS,KS,GALENA,Acute Care Hospitals,Voluntary non-profit - Private,,1,1,0.0,0.0,0.0,1.0701,1,Hip/knee replacement,1.0701,23,0.936
180088,"NORTON HOSPITALS, INC",KY,LOUISVILLE,Acute Care Hospitals,Voluntary non-profit - Private,2.0,6,6,4690.0,40.0,607707.0,1.0761,1,Heart attack,1.1967,1,0.948
180035,ST ELIZABETH EDGEWOOD,KY,EDGEWOOD,Acute Care Hospitals,Voluntary non-profit - Church,5.0,6,3,2215.0,19.6,297944.0,1.0163,1,Heart attack,1.1605,2,0.678
180012,BAPTIST HEALTH HARDIN,KY,ELIZABETHTOWN,Acute Care Hospitals,Government - Local,3.0,4,2,1670.0,15.2,231782.0,1.0208,1,Pneumonia,1.1169,3,0.71
180040,UOFL HEALTH - JEWISH HOSPITAL and Mary & Elizabeth Hospital,KY,LOUISVILLE,Acute Care Hospitals,Voluntary non-profit - Private,2.0,6,2,1618.0,14.4,218287.0,0.9821,1,Heart failure,1.1152,4,0.38
180009,KING'S DAUGHTERS' MEDICAL CENTER,KY,ASHLAND,Acute Care Hospitals,Voluntary non-profit - Private,3.0,6,3,2324.0,13.8,209663.0,1.036,1,Hip/knee replacement,1.1379,5,0.808
180010,SAINT JOSEPH HOSPITAL,KY,LEXINGTON,Acute Care Hospitals,Voluntary non-profit - Church,3.0,6,5,916.0,11.9,181132.0,1.0496,1,Heart failure,1.1035,6,0.875
180044,PIKEVILLE MEDICAL CENTER,KY,PIKEVILLE,Acute Care Hospitals,Voluntary non-profit - Private,1.0,5,5,1062.0,11.2,170600.0,1.0601,1,Pneumonia,1.0899,7,0.914
180038,OWENSBORO HEALTH REGIONAL HOSPITAL,KY,OWENSBORO,Acute Care Hospitals,Voluntary non-profit - Private,2.0,5,2,1628.0,8.9,135386.0,0.9789,1,COPD,1.0707,8,0.351
180102,MERCY HEALTH - LOURDES HOSPITAL,KY,PADUCAH,Acute Care Hospitals,Voluntary non-profit - Church,3.0,6,4,1510.0,8.7,132052.0,1.0566,1,Hip/knee replacement,1.1803,9,0.899
180001,ST ELIZABETH FT THOMAS,KY,FORT THOMAS,Acute Care Hospitals,Voluntary non-profit - Private,5.0,3,3,614.0,7.8,119379.0,1.0697,1,Heart failure,1.1132,10,0.935
180069,TUG VALLEY ARH REGIONAL MEDICAL CENTER,KY,SOUTH WILLIAMSON,Acute Care Hospitals,Proprietary,2.0,3,3,298.0,6.2,94008.0,1.0918,1,Pneumonia,1.1823,11,0.969
180029,HAZARD ARH REGIONAL MEDICAL CENTER,KY,HAZARD,Acute Care Hospitals,Voluntary non-profit - Private,2.0,4,3,541.0,5.7,87160.0,1.0531,1,Heart attack,1.087,12,0.888
180132,LAKE CUMBERLAND REGIONAL HOSPITAL,KY,SOMERSET,Acute Care Hospitals,Proprietary,2.0,4,3,889.0,5.6,85839.0,1.0363,1,Heart attack,1.0997,13,0.81
180130,BAPTIST HEALTH LOUISVILLE,KY,LOUISVILLE,Acute Care Hospitals,Voluntary non-profit - Private,4.0,6,3,3662.0,5.3,80433.0,0.9884,1,Hip/knee replacement,1.1552,14,0.439
180018,ST CLAIRE REGIONAL MEDICAL CENTER,KY,MOREHEAD,Acute Care Hospitals,Government - Federal,2.0,4,4,401.0,5.2,78599.0,1.0397,1,Pneumonia,1.1067,15,0.831
180105,MONROE COUNTY MEDICAL CENTER,KY,TOMPKINSVILLE,Acute Care Hospitals,Voluntary non-profit - Other,1.0,3,3,266.0,4.8,72502.0,1.1027,1,Pneumonia,1.1648,16,0.976
180104,BAPTIST HEALTH PADUCAH,KY,PADUCAH,Acute Care Hospitals,Voluntary non-profit - Church,4.0,5,1,1283.0,4.4,66786.0,0.9145,1,Pneumonia,1.0632,17,0.109
180013,THE MEDICAL CENTER (BOWLING GREEN),KY,BOWLING GREEN,Acute Care Hospitals,Voluntary non-profit - Private,2.0,5,1,1651.0,4.3,66140.0,0.9494,1,Heart attack,1.0946,18,0.188
180011,SAINT JOSEPH LONDON,KY,LONDON,Acute Care Hospitals,Voluntary non-profit - Private,3.0,5,3,450.0,4.3,65181.0,1.0326,1,Hip/knee replacement,1.1094,19,0.791
180050,HARLAN ARH HOSPITAL,KY,HARLAN,Acute Care Hospitals,Voluntary non-profit - Other,2.0,3,3,274.0,4.1,62197.0,1.0669,1,Pneumonia,1.0991,20,0.928
180124,TRISTAR GREENVIEW REGIONAL HOSPITAL,KY,BOWLING GREEN,Acute Care Hospitals,Proprietary,2.0,5,4,651.0,3.7,56494.0,1.0892,1,Hip/knee replacement,1.2853,21,0.964
180143,SAINT JOSEPH EAST,KY,LEXINGTON,Acute Care Hospitals,Voluntary non-profit - Private,2.0,4,3,280.0,3.6,55305.0,1.1157,1,Hip/knee replacement,1.3861,22,0.984
180045,ST ELIZABETH FLORENCE,KY,FLORENCE,Acute Care Hospitals,Voluntary non-profit - Private,3.0,3,2,740.0,3.5,53529.0,1.0174,1,Pneumonia,1.0577,23,0.686
180027,MURRAY-CALLOWAY COUNTY HOSPITAL,KY,MURRAY,Acute Care Hospitals,Voluntary non-profit - Other,3.0,5,3,492.0,3.2,48118.0,1.0056,1,Heart failure,1.0951,24,0.585
180078,PAINTSVILLE ARH HOSPITAL,KY,PAINTSVILLE,Acute Care Hospitals,Proprietary,2.0,3,3,132.0,2.9,44406.0,1.0681,1,Pneumonia,1.1367,25,0.932
180017,T J SAMSON COMMUNITY HOSPITAL,KY,GLASGOW,Acute Care Hospitals,Voluntary non-profit - Other,3.0,5,2,682.0,2.8,43393.0,0.9735,1,Heart failure,1.0319,26,0.307
180056,DEACONESS HENDERSON HOSPITAL,KY,HENDERSON,Acute Care Hospitals,Voluntary non-profit - Church,2.0,3,1,316.0,2.5,37921.0,1.0048,1,Heart failure,1.075,27,0.577
180048,EPHRAIM MCDOWELL REGIONAL MEDICAL CENTER,KY,DANVILLE,Acute Care Hospitals,Voluntary non-profit - Private,3.0,4,2,827.0,2.3,35416.0,0.9955,1,Heart attack,1.085,28,0.505
180051,JENNIE STUART MEDICAL CENTER,KY,HOPKINSVILLE,Acute Care Hospitals,Voluntary non-profit - Private,1.0,3,1,452.0,2.2,33390.0,0.9933,1,Pneumonia,1.0653,29,0.483
180103,BAPTIST HEALTH LEXINGTON,KY,LEXINGTON,Acute Care Hospitals,Voluntary non-profit - Other,4.0,6,2,2155.0,2.1,32673.0,1.0027,1,Bypass surgery (CABG),1.1198,30,0.559
180127,FRANKFORT REGIONAL MEDICAL CENTER,KY,FRANKFORT,Acute Care Hospitals,Proprietary,3.0,4,2,367.0,1.7,26447.0,1.0003,1,Heart failure,1.0684,31,0.537
180116,JACKSON PURCHASE MEDICAL CENTER,KY,MAYFIELD,Acute Care Hospitals,Government - Hospital District or Authority,1.0,3,2,417.0,1.6,24075.0,1.0243,1,COPD,1.0512,32,0.737
180141,UNIVERSITY OF LOUISVILLE HOSPITAL,KY,LOUISVILLE,Acute Care Hospitals,Voluntary non-profit - Private,1.0,4,4,219.0,1.6,23828.0,1.0429,1,Heart failure,1.0607,33,0.848
180005,HIGHLANDS ARH REGIONAL MEDICAL CENTER,KY,PRESTONSBURG,Acute Care Hospitals,Proprietary,2.0,4,2,174.0,1.5,23618.0,1.02,1,Pneumonia,1.0618,34,0.706
180092,CLARK REGIONAL MEDICAL CENTER,KY,WINCHESTER,Acute Care Hospitals,Proprietary,3.0,4,2,384.0,1.2,17700.0,1.0057,1,Heart attack,1.0503,35,0.587
180043,AdventHealthManchester,KY,MANCHESTER,Acute Care Hospitals,Voluntary non-profit - Church,3.0,2,1,139.0,0.9,14231.0,1.0194,1,Heart failure,1.0654,36,0.701
180002,WHITESBURG ARH HOSPITAL,KY,WHITESBURG,Acute Care Hospitals,Voluntary non-profit - Other,3.0,3,2,313.0,0.8,12473.0,1.007,1,COPD,1.0455,37,0.599
180070,OWENSBORO HEALTH TWIN LAKES MEDICAL CENTER,KY,LEITCHFIELD,Acute Care Hospitals,Voluntary non-profit - Other,3.0,3,2,199.0,0.8,12329.0,0.994,1,Heart failure,1.0484,38,0.49
180101,GEORGETOWN COMMUNITY HOSPITAL,KY,GEORGETOWN,Acute Care Hospitals,Proprietary,3.0,2,2,115.0,0.7,10324.0,1.0379,1,Pneumonia,1.0432,39,0.82
180020,MIDDLESBORO ARH HOSPITAL,KY,MIDDLESBORO,Acute Care Hospitals,Voluntary non-profit - Private,1.0,3,3,77.0,0.6,9456.0,1.0357,1,COPD,1.0528,40,0.807
180049,BAPTIST HEALTH RICHMOND,KY,RICHMOND,Acute Care Hospitals,Voluntary non-profit - Private,4.0,4,1,457.0,0.6,8983.0,0.9721,1,COPD,1.0411,41,0.295
180025,CHI SAINT JOSEPH FLAGET MEMORIAL HOSPITAL,KY,BARDSTOWN,Acute Care Hospitals,Voluntary non-profit - Private,3.0,2,1,203.0,0.5,7576.0,1.0053,1,Heart failure,1.0228,42,0.582
180004,OWENSBORO HEALTH MUHLENBERG COMMUNITY HOSPITAL,KY,GREENVILLE,Acute Care Hospitals,Voluntary non-profit - Private,4.0,3,2,170.0,0.5,7093.0,1.0149,1,Heart failure,1.045,43,0.663
180079,HARRISON MEMORIAL HOSPITAL,KY,CYNTHIANA,Acute Care Hospitals,Voluntary non-profit - Other,3.0,4,1,102.0,0.5,7057.0,0.9851,1,Pneumonia,1.0348,44,0.41
180064,SAINT JOSEPH MOUNT STERLING,KY,MOUNT STERLING,Acute Care Hospitals,Voluntary non-profit - Private,4.0,2,1,156.0,0.1,2290.0,1.0057,1,Heart failure,1.0116,45,0.587
180093,BAPTIST HEALTH DEACONESS MADISONVILLE,KY,MADISONVILLE,Acute Care Hospitals,Voluntary non-profit - Private,2.0,5,1,599.0,0.1,1274.0,0.9739,1,COPD,1.0051,46,0.31
180128,THREE RIVERS MEDICAL CENTER,KY,LOUISA,Acute Care Hospitals,Proprietary,3.0,3,1,68.0,0.1,891.0,0.9931,1,Pneumonia,1.0051,47,0.48
180067,UNIVERSITY OF KENTUCKY HOSPITAL,KY,LEXINGTON,Acute Care Hospitals,Government - State,4.0,5,0,843.0,0.0,0.0,0.8945,0,COPD,0.9506,48,0.094
180087,TAYLOR REGIONAL HOSPITAL,KY,CAMPBELLSVILLE,Acute Care Hospitals,Government - Hospital District or Authority,2.0,3,0,227.0,0.0,0.0,0.9381,0,Heart failure,0.979,48,0.151
180080,BAPTIST HEALTH CORBIN,KY,CORBIN,Acute Care Hospitals,Voluntary non-profit - Private,3.0,4,0,520.0,0.0,0.0,0.9397,0,Heart attack,0.9854,48,0.154
180024,SPRING VIEW HOSPITAL,KY,LEBANON,Acute Care Hospitals,Proprietary,5.0,4,0,0.0,0.0,0.0,0.9443,0,Heart failure,0.9792,48,0.169
180149,TJ HEALTH COLUMBIA,KY,COLUMBIA,Acute Care Hospitals,Government - Hospital District or Authority,,1,0,0.0,0.0,0.0,0.9463,0,Pneumonia,0.9463,48,0.174
180019,MEADOWVIEW REGIONAL MEDICAL CENTER,KY,MAYSVILLE,Acute Care Hospitals,Proprietary,4.0,4,1,214.0,0.0,0.0,0.9638,1,COPD,1.005,48,0.247
180046,BOURBON COMMUNITY HOSPITAL,KY,PARIS,Acute Care Hospitals,Proprietary,2.0,2,0,0.0,0.0,0.0,0.9718,0,Heart failure,0.9835,48,0.293
180115,"ROCKCASTLE COUNTY HOSPITAL, INC.",KY,MOUNT VERNON,Acute Care Hospitals,Voluntary non-profit - Private,2.0,3,1,0.0,0.0,0.0,0.9736,1,Heart failure,1.0128,48,0.307
180016,UOFL HEALTH - SHELBYVILLE HOSPITAL,KY,SHELBYVILLE,Acute Care Hospitals,Voluntary non-profit - Private,3.0,3,1,0.0,0.0,0.0,0.9737,1,Heart failure,1.0011,48,0.308
180138,BAPTIST HEALTH LAGRANGE,KY,LA GRANGE,Acute Care Hospitals,Voluntary non-profit - Private,5.0,3,2,0.0,0.0,0.0,0.9913,1,COPD,1.0178,48,0.461
180066,The Medical Center at Russellville,KY,RUSSELLVILLE,Acute Care Hospitals,Proprietary,2.0,2,1,0.0,0.0,0.0,1.0006,1,Heart failure,1.0298,48,0.539
180154,"PINEVILLE COMMUNITY HEALTH CENTER, INC",KY,PINEVILLE,Acute Care Hospitals,Voluntary non-profit - Private,1.0,2,2,0.0,0.0,0.0,1.0227,1,Pneumonia,1.0329,48,0.726
190015,NORTH OAKS MEDICAL CENTER,LA,HAMMOND,Acute Care Hospitals,Government - Hospital District or Authority,2.0,5,4,1050.0,21.8,330639.0,1.0561,1,Heart failure,1.1447,1,0.898
190160,GLENWOOD REGIONAL MEDICAL CENTER,LA,WEST MONROE,Acute Care Hospitals,Proprietary,2.0,6,5,1051.0,18.9,287041.0,1.0738,1,Heart attack,1.1714,2,0.945
190111,WILLIS KNIGHTON MEDICAL CENTER,LA,SHREVEPORT,Acute Care Hospitals,Voluntary non-profit - Private,3.0,6,4,3361.0,17.6,267213.0,1.0209,1,Bypass surgery (CABG),1.1979,3,0.711
190040,SLIDELL MEMORIAL HOSPITAL,LA,SLIDELL,Acute Care Hospitals,Government - Hospital District or Authority,2.0,5,5,795.0,16.8,255870.0,1.0904,1,Heart failure,1.1517,4,0.966
190102,"OUR LADY OF LOURDES REGIONAL MEDICAL CENTER, INC",LA,LAFAYETTE,Acute Care Hospitals,Voluntary non-profit - Private,3.0,5,4,2109.0,10.8,164087.0,1.0322,1,Bypass surgery (CABG),1.0899,5,0.787
190026,RAPIDES REGIONAL MEDICAL CENTER,LA,ALEXANDRIA,Acute Care Hospitals,Proprietary,2.0,5,2,1019.0,10.5,160057.0,1.0064,1,Pneumonia,1.1335,6,0.595
190041,CHRISTUS SHREVEPORT-BOSSIER HEALTH SYSTEM,LA,SHREVEPORT,Acute Care Hospitals,Voluntary non-profit - Private,3.0,6,5,1511.0,9.6,145898.0,1.009,1,Pneumonia,1.0998,7,0.616
190036,OCHSNER MEDICAL CENTER ACUTE,LA,NEW ORLEANS,Acute Care Hospitals,Voluntary non-profit - Private,4.0,6,2,1415.0,7.5,113441.0,1.0092,1,Pneumonia,1.0986,8,0.618
190002,OCHSNER LAFAYETTE GENERAL MEDICAL CENTER,LA,LAFAYETTE,Acute Care Hospitals,Voluntary non-profit - Private,3.0,6,2,2096.0,6.7,102018.0,0.9988,1,Bypass surgery (CABG),1.2341,9,0.529
190164,BYRD REGIONAL HOSPITAL,LA,LEESVILLE,Acute Care Hospitals,Proprietary,2.0,3,3,354.0,3.8,58142.0,1.0565,1,Pneumonia,1.0813,10,0.899
190176,EAST JEFFERSON GENERAL HOSPITAL,LA,METAIRIE,Acute Care Hospitals,Voluntary non-profit - Private,2.0,6,3,1037.0,3.3,50607.0,1.0118,1,Heart attack,1.1203,11,0.636
190298,CHRISTUS CENTRAL LOUISIANA SURGICAL HOSPITAL,LA,ALEXANDRIA,Acute Care Hospitals,Proprietary,,1,1,177.0,3.0,45686.0,1.3037,1,Hip/knee replacement,1.3037,12,1.0
190017,OPELOUSAS GENERAL HEALTH SYSTEM,LA,OPELOUSAS,Acute Care Hospitals,Government - Hospital District or Authority,2.0,5,4,555.0,3.0,45637.0,1.0264,1,Heart attack,1.091,13,0.751
190065,BATON ROUGE GENERAL MEDICAL CENTER,LA,BATON ROUGE,Acute Care Hospitals,Voluntary non-profit - Private,3.0,6,2,961.0,2.9,43581.0,1.0365,1,Hip/knee replacement,1.2935,14,0.811
190053,OCHSNER AMERICAN LEGION HOSPITAL,LA,JENNINGS,Acute Care Hospitals,Voluntary non-profit - Private,2.0,3,3,324.0,2.5,37649.0,1.0391,1,Heart failure,1.0831,15,0.828
190039,WEST JEFFERSON MEDICAL CENTER,LA,MARRERO,Acute Care Hospitals,Voluntary non-profit - Private,3.0,4,2,309.0,2.3,35506.0,1.0041,1,Heart failure,1.041,16,0.57
190045,ST TAMMANY PARISH HOSPITAL,LA,COVINGTON,Acute Care Hospitals,Government - Hospital District or Authority,4.0,6,3,1001.0,2.3,35237.0,1.0185,1,Bypass surgery (CABG),1.2217,17,0.694
190046,TOURO INFIRMARY,LA,NEW ORLEANS,Acute Care Hospitals,Voluntary non-profit - Private,3.0,6,4,243.0,2.3,35064.0,0.9874,1,Pneumonia,1.0996,18,0.432
190019,CHRISTUS ST FRANCES CABRINI HOSPITAL,LA,ALEXANDRIA,Acute Care Hospitals,Voluntary non-profit - Private,3.0,5,3,1569.0,2.0,29750.0,1.0058,1,Bypass surgery (CABG),1.0919,19,0.589
190027,CHRISTUS OCHSNER ST PATRICK HOSPITAL,LA,LAKE CHARLES,Acute Care Hospitals,Voluntary non-profit - Private,3.0,5,3,767.0,1.8,27383.0,1.0245,1,Heart attack,1.1042,20,0.739
190006,OCHSNER UNIVERSITY HOSPITAL AND CLINICS,LA,LAFAYETTE,Acute Care Hospitals,Voluntary non-profit - Private,3.0,3,2,122.0,1.7,25896.0,1.0376,1,Heart failure,1.0738,21,0.819
190144,MINDEN MEDICAL CENTER,LA,MINDEN,Acute Care Hospitals,Proprietary,2.0,3,2,230.0,1.5,23054.0,1.0052,1,Pneumonia,1.069,22,0.582
190060,LAKE CHARLES MEMORIAL HOSPITAL,LA,LAKE CHARLES,Acute Care Hospitals,Voluntary non-profit - Private,3.0,5,2,957.0,1.4,21557.0,0.9856,1,Bypass surgery (CABG),1.0418,23,0.416
190114,CLAIBORNE MEMORIAL MEDICAL CENTER,LA,HOMER,Acute Care Hospitals,Government - Hospital District or Authority,1.0,2,2,192.0,1.1,17264.0,1.0509,1,Heart failure,1.0771,24,0.879
190202,OCHSNER MEDICAL CENTER - BATON ROUGE,LA,BATON ROUGE,Acute Care Hospitals,Voluntary non-profit - Private,4.0,4,2,334.0,1.0,15749.0,0.9944,1,Pneumonia,1.0257,25,0.494
190008,TERREBONNE GENERAL MEDICAL CENTER - PARISH,LA,HOUMA,Acute Care Hospitals,Government - Hospital District or Authority,4.0,5,2,623.0,0.9,13034.0,0.9939,1,Heart attack,1.067,26,0.489
190208,EAST CARROLL PARISH HOSPITAL,LA,LAKE PROVIDENCE,Acute Care Hospitals,Government - Hospital District or Authority,,1,1,48.0,0.8,12821.0,1.1093,1,COPD,1.1093,27,0.98
190020,LANE REGIONAL MEDICAL CENTER,LA,ZACHARY,Acute Care Hospitals,Government - Hospital District or Authority,3.0,4,3,186.0,0.7,10238.0,1.0383,1,Hip/knee replacement,1.1201,28,0.823
190184,CITIZENS MEDICAL CENTER,LA,COLUMBIA,Acute Care Hospitals,Government - Hospital District or Authority,3.0,3,2,86.0,0.7,10066.0,1.0195,1,Pneumonia,1.0647,29,0.703
190125,FMOL HEALTH ST FRANCIS,LA,MONROE,Acute Care Hospitals,Voluntary non-profit - Private,3.0,5,1,1180.0,0.5,8081.0,0.9717,1,Heart failure,1.007,30,0.292
190099,AVOYELLES HOSPITAL,LA,MARKSVILLE,Acute Care Hospitals,Proprietary,1.0,2,2,67.0,0.5,8077.0,1.0572,1,Pneumonia,1.0617,31,0.903
190086,NORTHERN LOUISIANA MEDICAL CENTER,LA,RUSTON,Acute Care Hospitals,Proprietary,2.0,4,3,324.0,0.5,7122.0,1.0062,1,Pneumonia,1.0247,32,0.592
190007,NATCHITOCHES REGIONAL MEDICAL CENTER,LA,NATCHITOCHES,Acute Care Hospitals,Government - Hospital District or Authority,4.0,2,1,94.0,0.5,6953.0,0.9962,1,Pneumonia,1.0294,33,0.51
190090,WINN PARISH MEDICAL CENTER,LA,WINNFIELD,Acute Care Hospitals,Proprietary,,1,1,94.0,0.3,4445.0,1.022,1,Pneumonia,1.022,34,0.722
190318,ACADIAN MEDICAL CENTER,LA,EUNICE,Acute Care Hospitals,Proprietary,3.0,3,1,49.0,0.2,3416.0,0.9627,1,Heart failure,1.025,35,0.241
190050,BEAUREGARD MEMORIAL HOSPITAL,LA,DERIDDER,Acute Care Hospitals,Government - Hospital District or Authority,3.0,3,1,189.0,0.2,3303.0,0.9942,1,Heart failure,1.0173,36,0.491
190014,OCHSNER ST MARY,LA,MORGAN CITY,Acute Care Hospitals,Voluntary non-profit - Private,2.0,3,3,81.0,0.2,3127.0,1.0188,1,COPD,1.0312,37,0.697
190145,LASALLE GENERAL HOSPITAL,LA,JENA,Acute Care Hospitals,Government - Hospital District or Authority,1.0,2,2,60.0,0.2,2715.0,1.0199,1,Heart failure,1.0212,38,0.705
190005,UNIVERSITY MEDICAL CENTER NEW ORLEANS,LA,NEW ORLEANS,Acute Care Hospitals,Voluntary non-profit - Private,2.0,3,1,73.0,0.0,678.0,0.9844,1,Heart failure,1.003,39,0.402
190140,FRANKLIN MEDICAL CENTER,LA,WINNSBORO,Acute Care Hospitals,Government - Hospital District or Authority,,1,1,88.0,0.0,238.0,1.0012,1,Pneumonia,1.0012,40,0.547
190004,THIBODAUX REGIONAL MEDICAL CENTER,LA,THIBODAUX,Acute Care Hospitals,Voluntary non-profit - Private,3.0,5,1,683.0,0.0,209.0,0.959,1,Heart attack,1.0008,41,0.224
190079,ST CHARLES PARISH HOSPITAL,LA,LULING,Acute Care Hospitals,Government - Hospital District or Authority,,0,0,0.0,0.0,0.0,,0,,,42,0.0
190128,WOMANS HOSPITAL,LA,BATON ROUGE,Acute Care Hospitals,Voluntary non-profit - Private,4.0,0,0,0.0,0.0,0.0,,0,,,42,0.0
190133,ALLEN PARISH HOSPITAL,LA,KINDER,Acute Care Hospitals,Government - Hospital District or Authority,,0,0,0.0,0.0,0.0,,0,,,42,0.0
190201,CHRISTUS OCHSNER LAKE AREA HOSPITAL,LA,LAKE CHARLES,Acute Care Hospitals,Voluntary non-profit - Private,,0,0,0.0,0.0,0.0,,0,,,42,0.0
190241,PHYSICIANS MEDICAL CENTER,LA,HOUMA,Acute Care Hospitals,Physician,,0,0,0.0,0.0,0.0,,0,,,42,0.0
190245,MONROE SURGICAL HOSPITAL,LA,MONROE,Acute Care Hospitals,Proprietary,,0,0,0.0,0.0,0.0,,0,,,42,0.0
190255,PARK PLACE SURGICAL HOSPITAL,LA,LAFAYETTE,Acute Care Hospitals,Proprietary,,0,0,0.0,0.0,0.0,,0,,,42,0.0
190266,THE SPINE HOSPITAL OF LOUISIANA,LA,BATON ROUGE,Acute Care Hospitals,Physician,,0,0,0.0,0.0,0.0,,0,,,42,0.0
190270,OUR LADY OF THE LAKE SURGICAL HOSPITAL,LA,SLIDELL,Acute Care Hospitals,Physician,,0,0,0.0,0.0,0.0,,0,,,42,0.0
190300,ST CHARLES SURGICAL HOSPITAL,LA,NEW ORLEANS,Acute Care Hospitals,Physician,,0,0,0.0,0.0,0.0,,0,,,42,0.0
190302,"OMEGA HOSPITAL, LLC",LA,METAIRIE,Acute Care Hospitals,Physician,,0,0,0.0,0.0,0.0,,0,,,42,0.0
190303,CYPRESS POINTE SURGICAL HOSPITAL,LA,HAMMOND,Acute Care Hospitals,Proprietary,,0,0,0.0,0.0,0.0,,0,,,42,0.0
190313,NEW ORLEANS EAST HOSPITAL,LA,NEW ORLEANS,Acute Care Hospitals,Government - Hospital District or Authority,,0,0,0.0,0.0,0.0,,0,,,42,0.0
190317,OCHSNER LSU HEALTH SHREVEPORT-ST MARY MEDICAL CENT,LA,SHREVEPORT,Acute Care Hospitals,Voluntary non-profit - Private,2.0,0,0,0.0,0.0,0.0,,0,,,42,0.0
190319,ALEXANDRIA HOSPITAL,LA,ALEXANDRIA,Acute Care Hospitals,Proprietary,,0,0,0.0,0.0,0.0,,0,,,42,0.0
190251,SURGICAL SPECIALTY CENTER OF BATON ROUGE,LA,BATON ROUGE,Acute Care Hospitals,Physician,,1,0,0.0,0.0,0.0,0.9041,0,Hip/knee replacement,0.9041,42,0.101
190013,WEST CALCASIEU CAMERON HOSPITAL,LA,SULPHUR,Acute Care Hospitals,Government - Hospital District or Authority,4.0,4,0,0.0,0.0,0.0,0.9218,0,COPD,0.9738,42,0.119
190064,OUR LADY OF THE LAKE REGIONAL MEDICAL CENTER,LA,BATON ROUGE,Acute Care Hospitals,Voluntary non-profit - Church,3.0,5,0,1401.0,0.0,0.0,0.9261,0,Heart attack,0.9614,42,0.126
190259,LAFAYETTE SURGICAL SPECIALTY HOSPITAL,LA,LAFAYETTE,Acute Care Hospitals,Physician,,1,0,0.0,0.0,0.0,0.9311,0,Hip/knee replacement,0.9311,42,0.135
190034,ABBEVILLE GENERAL HOSPITAL,LA,ABBEVILLE,Acute Care Hospitals,Government - Hospital District or Authority,3.0,2,0,0.0,0.0,0.0,0.9313,0,Pneumonia,0.9385,42,0.136
190011,OCHSNER LSU HEALTH MONROE,LA,MONROE,Acute Care Hospitals,Voluntary non-profit - Private,3.0,1,0,0.0,0.0,0.0,0.9606,0,Heart failure,0.9606,42,0.23
190267,AVALA,LA,COVINGTON,Acute Care Hospitals,Physician,,1,0,0.0,0.0,0.0,0.9748,0,Hip/knee replacement,0.9748,42,0.316
190118,DESOTO REGIONAL HEALTH SYSTEM,LA,MANSFIELD,Acute Care Hospitals,Voluntary non-profit - Private,2.0,2,0,0.0,0.0,0.0,0.9764,0,Heart failure,0.9801,42,0.331
190218,SABINE MEDICAL CENTER,LA,MANY,Acute Care Hospitals,Proprietary,,1,0,0.0,0.0,0.0,0.9785,0,Pneumonia,0.9785,42,0.348
190167,MERCY REGIONAL MEDICAL CENTER,LA,VILLE PLATTE,Acute Care Hospitals,Proprietary,3.0,3,1,237.0,0.0,0.0,0.9787,1,Heart failure,1.0109,42,0.35
190151,RICHARDSON MEDICAL CENTER,LA,RAYVILLE,Acute Care Hospitals,Government - Hospital District or Authority,,1,0,0.0,0.0,0.0,0.9797,0,Pneumonia,0.9797,42,0.358
190025,SAVOY MEDICAL CENTER,LA,MAMOU,Acute Care Hospitals,Voluntary non-profit - Other,4.0,2,0,0.0,0.0,0.0,0.9806,0,Heart failure,0.9815,42,0.365
190044,ACADIA GENERAL HOSPITAL,LA,CROWLEY,Acute Care Hospitals,Voluntary non-profit - Private,3.0,4,1,322.0,0.0,0.0,0.9827,1,Hip/knee replacement,1.0236,42,0.384
190274,OCHSNER MEDICAL CENTER-KENNER,LA,KENNER,Acute Care Hospitals,Voluntary non-profit - Private,4.0,4,1,202.0,0.0,0.0,0.9827,1,Heart attack,1.011,42,0.384
190098,OCHSNER LSU HEALTH SHREVEPORT,LA,SHREVEPORT,Acute Care Hospitals,Voluntary non-profit - Private,2.0,4,1,99.0,0.0,0.0,0.9853,1,Heart attack,1.0147,42,0.413
190054,IBERIA MEDICAL CENTER,LA,NEW IBERIA,Acute Care Hospitals,Voluntary non-profit - Private,2.0,5,1,385.0,0.0,0.0,0.9883,1,Hip/knee replacement,1.0506,42,0.438
190106,OAKDALE COMMUNITY HOSPITAL,LA,OAKDALE,Acute Care Hospitals,Proprietary,3.0,2,0,0.0,0.0,0.0,0.9888,0,Pneumonia,0.9999,42,0.441
190308,ST BERNARD PARISH HOSPITAL,LA,CHALMETTE,Acute Care Hospitals,Government - Hospital District or Authority,4.0,2,1,0.0,0.0,0.0,0.99,1,Heart failure,1.0217,42,0.451
190088,SPRINGHILL MEDICAL CENTER,LA,SPRINGHILL,Acute Care Hospitals,Voluntary non-profit - Private,4.0,2,0,74.0,0.0,0.0,0.9942,0,Pneumonia,0.9954,42,0.491
190116,MOREHOUSE GENERAL HOSPITAL,LA,BASTROP,Acute Care Hospitals,Government - Hospital District or Authority,2.0,2,1,0.0,0.0,0.0,1.001,1,Heart failure,1.0158,42,0.545
190316,THE GENERAL,LA,BATON ROUGE,Acute Care Hospitals,Voluntary non-profit - Private,,2,1,0.0,0.0,0.0,1.0085,1,Heart failure,1.0478,42,0.609
190183,LEONARD J CHABERT MEDICAL CENTER,LA,HOUMA,Acute Care Hospitals,Voluntary non-profit - Other,3.0,2,1,0.0,0.0,0.0,1.0134,1,Pneumonia,1.0492,42,0.651
190312,OUR LADY OF THE ANGELS HOSPITAL,LA,BOGALUSA,Acute Care Hospitals,Voluntary non-profit - Private,4.0,2,2,0.0,0.0,0.0,1.0162,1,Heart failure,1.0306,42,0.676
190190,"CALDWELL MEMORIAL HOSPITAL, INC",LA,COLUMBIA,Acute Care Hospitals,Proprietary,,1,1,0.0,0.0,0.0,1.0226,1,Heart failure,1.0226,42,0.725
190278,SPECIALISTS HOSPITAL SHREVEPORT,LA,SHREVEPORT,Acute Care Hospitals,Proprietary,,1,1,0.0,0.0,0.0,1.1157,1,Hip/knee replacement,1.1157,42,0.984
190256,STERLING SURGICAL HOSPITAL,LA,SLIDELL,Acute Care Hospitals,Proprietary,,1,1,0.0,0.0,0.0,1.141,1,Hip/knee replacement,1.141,42,0.991
220077,BAYSTATE MEDICAL CENTER,MA,SPRINGFIELD,Acute Care Hospitals,Voluntary non-profit - Private,2.0,6,5,5167.0,87.0,1322982.0,1.1066,1,Bypass surgery (CABG),1.2464,1,0.978
220100,SOUTH SHORE HOSPITAL,MA,SOUTH WEYMOUTH,Acute Care Hospitals,Voluntary non-profit - Private,2.0,5,4,4608.0,83.0,1261487.0,1.0671,1,Heart attack,1.1911,2,0.929
220090,MILFORD REGIONAL MEDICAL CENTER,MA,MILFORD,Acute Care Hospitals,Voluntary non-profit - Other,4.0,5,4,1940.0,62.1,943762.0,1.077,1,Heart failure,1.2135,3,0.95
220105,WINCHESTER HOSPITAL,MA,WINCHESTER,Acute Care Hospitals,Voluntary non-profit - Private,3.0,5,5,2029.0,61.6,937026.0,1.2212,1,Hip/knee replacement,1.4794,4,0.997
220012,CAPE COD HOSPITAL,MA,HYANNIS,Acute Care Hospitals,Voluntary non-profit - Private,2.0,6,6,3728.0,56.5,858326.0,1.1155,1,Hip/knee replacement,1.2925,5,0.983
220063,LOWELL GENERAL HOSPITAL,MA,LOWELL,Acute Care Hospitals,Voluntary non-profit - Private,2.0,5,4,2312.0,35.4,537843.0,1.0601,1,Heart attack,1.1177,6,0.914
220008,STURDY MEMORIAL HOSPITAL,MA,ATTLEBORO,Acute Care Hospitals,Voluntary non-profit - Other,3.0,4,4,1669.0,31.3,475183.0,1.1569,1,Hip/knee replacement,1.2872,7,0.994
220111,GOOD SAMARITAN MEDICAL CENTER,MA,BROCKTON,Acute Care Hospitals,Proprietary,2.0,5,4,2270.0,30.6,465899.0,1.0529,1,Heart failure,1.1191,8,0.887
220073,BROWN UNIVERSITY HEALTH MORTON HOSPITAL,MA,TAUNTON,Acute Care Hospitals,Proprietary,1.0,5,4,1458.0,27.5,417555.0,1.1715,1,Hip/knee replacement,1.5594,9,0.995
220110,BRIGHAM AND WOMEN'S HOSPITAL,MA,BOSTON,Acute Care Hospitals,Voluntary non-profit - Private,5.0,6,2,3637.0,26.0,394969.0,0.9809,1,Heart attack,1.2243,10,0.369
220070,MELROSEWAKEFIELD HEALTHCARE,MA,MELROSE,Acute Care Hospitals,Voluntary non-profit - Private,3.0,5,5,1558.0,25.6,388613.0,1.1506,1,Hip/knee replacement,1.3754,11,0.992
220036,BOSTON MEDICAL CENTER-BRIGHTON,MA,BRIGHTON,Acute Care Hospitals,Proprietary,3.0,6,4,982.0,21.0,319247.0,1.0529,1,Heart attack,1.2639,12,0.887
220083,BETH ISRAEL DEACONESS HOSPITAL - NEEDHAM,MA,NEEDHAM,Acute Care Hospitals,Voluntary non-profit - Private,5.0,4,2,1349.0,16.6,252133.0,1.0235,1,Pneumonia,1.1018,13,0.731
220080,HOLY FAMILY HOSPITAL,MA,METHUEN,Acute Care Hospitals,Proprietary,2.0,5,5,1526.0,16.6,251821.0,1.1552,1,Hip/knee replacement,1.5658,14,0.994
220029,ANNA JAQUES HOSPITAL,MA,NEWBURYPORT,Acute Care Hospitals,Voluntary non-profit - Private,3.0,4,4,1308.0,16.2,246837.0,1.1093,1,COPD,1.1478,15,0.98
220175,METROWEST MEDICAL CENTER,MA,FRAMINGHAM,Acute Care Hospitals,Voluntary non-profit - Private,1.0,4,3,929.0,16.1,245170.0,1.0723,1,Pneumonia,1.1352,16,0.942
220035,NORTH SHORE MEDICAL CENTER -,MA,SALEM,Acute Care Hospitals,Voluntary non-profit - Private,5.0,5,2,2932.0,15.6,237815.0,0.9917,1,Pneumonia,1.0921,17,0.465
220116,TUFTS MEDICAL CENTER,MA,BOSTON,Acute Care Hospitals,Voluntary non-profit - Private,2.0,6,6,1111.0,13.7,209007.0,1.1393,1,Hip/knee replacement,1.3777,18,0.991
220086,BETH ISRAEL DEACONESS MEDICAL CENTER,MA,BOSTON,Acute Care Hospitals,Voluntary non-profit - Private,3.0,6,3,2819.0,12.6,191587.0,1.0194,1,Heart attack,1.1194,19,0.701
220135,FALMOUTH HOSPITAL,MA,FALMOUTH,Acute Care Hospitals,Voluntary non-profit - Private,4.0,5,3,1466.0,11.6,175707.0,1.0044,1,Pneumonia,1.0571,20,0.572
220015,"COOLEY DICKINSON HOSPITAL INC,THE",MA,NORTHAMPTON,Acute Care Hospitals,Voluntary non-profit - Private,2.0,4,3,902.0,11.4,173742.0,1.0446,1,Heart failure,1.1401,21,0.857
220001,UMASS MEMORIAL HEALTHALLIANCE HOSPITALS,MA,LEOMINSTER,Acute Care Hospitals,Voluntary non-profit - Other,3.0,4,4,1019.0,11.3,171016.0,1.0578,1,Pneumonia,1.1001,22,0.906
220033,NORTHEAST HOSPITAL CORPORATION,MA,BEVERLY,Acute Care Hospitals,Voluntary non-profit - Private,3.0,5,3,2852.0,11.0,167350.0,1.0144,1,COPD,1.0591,23,0.658
220019,UMASS MEMORIAL HEALTH - HARRINGTON HOSPITAL,MA,SOUTHBRIDGE,Acute Care Hospitals,Voluntary non-profit - Private,3.0,3,3,683.0,10.6,161816.0,1.0861,1,Pneumonia,1.1101,24,0.962
220049,MARLBOROUGH HOSPITAL,MA,MARLBOROUGH,Acute Care Hospitals,Voluntary non-profit - Private,2.0,4,4,589.0,10.5,160029.0,1.0778,1,Pneumonia,1.1444,25,0.952
220171,"LAHEY HOSPITAL & MEDICAL CENTER, BURLINGTON",MA,BURLINGTON,Acute Care Hospitals,Voluntary non-profit - Private,4.0,6,5,3388.0,10.5,159303.0,1.0293,1,Hip/knee replacement,1.1883,26,0.771
220066,MERCY MEDICAL CTR,MA,SPRINGFIELD,Acute Care Hospitals,Voluntary non-profit - Private,2.0,4,3,823.0,9.1,138215.0,1.0362,1,COPD,1.1165,27,0.81
220024,HOLYOKE MEDICAL CENTER,MA,HOLYOKE,Acute Care Hospitals,Voluntary non-profit - Private,4.0,4,4,680.0,7.2,109171.0,1.0596,1,Pneumonia,1.0749,28,0.913
220030,BAYSTATE WING HOSPITAL,MA,PALMER,Acute Care Hospitals,Voluntary non-profit - Other,4.0,3,3,871.0,7.0,105716.0,1.0469,1,COPD,1.0617,29,0.863
220002,MOUNT AUBURN HOSPITAL,MA,CAMBRIDGE,Acute Care Hospitals,Voluntary non-profit - Private,4.0,6,1,1316.0,6.9,104667.0,0.93,1,Pneumonia,1.1017,30,0.133
220046,BERKSHIRE MEDICAL CENTER,MA,PITTSFIELD,Acute Care Hospitals,Voluntary non-profit - Other,4.0,5,1,1885.0,5.5,83692.0,0.9588,1,Heart failure,1.0312,31,0.223
220176,ST VINCENT HOSPITAL,MA,WORCESTER,Acute Care Hospitals,Proprietary,2.0,6,5,1008.0,5.5,82906.0,1.0529,1,Hip/knee replacement,1.136,32,0.887
220108,BETH ISRAEL DEACONESS HOSPITAL - MILTON,MA,MILTON,Acute Care Hospitals,Government - Federal,4.0,4,2,2123.0,5.0,76518.0,0.9492,1,COPD,1.0696,33,0.187
220020,SAINT ANNE'S HOSPITAL,MA,FALL RIVER,Acute Care Hospitals,Proprietary,3.0,5,3,1473.0,4.8,73640.0,1.0199,1,Heart attack,1.0545,34,0.705
220163,UMASS MEMORIAL MEDICAL CENTER/UNIVERSITY CAMPUS,MA,WORCESTER,Acute Care Hospitals,Voluntary non-profit - Private,3.0,6,4,3248.0,4.8,73214.0,1.0137,1,Bypass surgery (CABG),1.0896,35,0.654
220095,HEYWOOD HOSPITAL -,MA,GARDNER,Acute Care Hospitals,Voluntary non-profit - Private,2.0,4,3,617.0,4.4,67056.0,0.9921,1,COPD,1.072,36,0.467
220010,MERRIMACK HEALTH LAWRENCE HOSPITAL,MA,LAWRENCE,Acute Care Hospitals,Voluntary non-profit - Private,2.0,5,2,1243.0,3.9,58851.0,0.9945,1,Heart attack,1.0935,37,0.495
220065,BAYSTATE NOBLE HOSPITAL,MA,WESTFIELD,Acute Care Hospitals,Voluntary non-profit - Private,2.0,3,2,542.0,3.4,51118.0,1.0264,1,Heart failure,1.0644,38,0.751
220101,NEWTON-WELLESLEY HOSPITAL,MA,NEWTON,Acute Care Hospitals,Voluntary non-profit - Private,5.0,5,3,2559.0,3.3,50726.0,1.0024,1,Hip/knee replacement,1.1157,39,0.557
220016,BAYSTATE FRANKLIN MEDICAL CENTER,MA,GREENFIELD,Acute Care Hospitals,Voluntary non-profit - Private,3.0,3,2,665.0,2.9,44294.0,1.025,1,COPD,1.0546,40,0.742
220084,EMERSON HOSPITAL -,MA,W CONCORD,Acute Care Hospitals,Voluntary non-profit - Private,5.0,4,2,846.0,2.1,31268.0,0.985,1,COPD,1.0872,41,0.409
220031,BOSTON MEDICAL CENTER,MA,BOSTON,Acute Care Hospitals,Voluntary non-profit - Private,3.0,6,1,819.0,1.9,28161.0,0.9847,1,COPD,1.0846,42,0.407
220052,SIGNATURE HEALTHCARE BROCKTON HOSPITAL,MA,BROCKTON,Acute Care Hospitals,Voluntary non-profit - Other,3.0,5,2,440.0,1.8,27523.0,1.0007,1,COPD,1.0751,43,0.541
220177,NANTUCKET COTTAGE HOSPITAL,MA,NANTUCKET,Acute Care Hospitals,Voluntary non-profit - Private,3.0,2,2,116.0,0.7,11162.0,1.0423,1,Heart failure,1.0493,44,0.845
220098,NASHOBA VALLEY MEDICAL CENTER,MA,AYER,Acute Care Hospitals,Proprietary,,4,2,305.0,0.3,5155.0,0.9878,1,Pneumonia,1.0124,45,0.435
220017,CARNEY HOSPITAL,MA,BOSTON,Acute Care Hospitals,Proprietary,,2,1,64.0,0.1,1768.0,0.9907,1,Pneumonia,1.0115,46,0.455
220060,BETH ISRAEL DEACONESS HOSPITAL PLYMOUTH,MA,PLYMOUTH,Acute Care Hospitals,Voluntary non-profit - Private,4.0,5,1,2612.0,0.0,354.0,0.9683,1,Heart attack,1.0009,47,0.274
220062,ADCARE HOSPITAL OF WORCESTER INC,MA,WORCESTER,Acute Care Hospitals,Proprietary,,0,0,0.0,0.0,0.0,,0,,,48,0.0
220075,MASSACHUSETTS EYE AND EAR INFIRMARY -,MA,BOSTON,Acute Care Hospitals,Voluntary non-profit - Private,,0,0,0.0,0.0,0.0,,0,,,48,0.0
220126,NORWOOD HOSPITAL,MA,NORWOOD,Acute Care Hospitals,Proprietary,,0,0,0.0,0.0,0.0,,0,,,48,0.0
220088,NEW ENGLAND BAPTIST HOSPITAL,MA,BOSTON,Acute Care Hospitals,Voluntary non-profit - Private,5.0,1,0,2393.0,0.0,0.0,0.5939,0,Hip/knee replacement,0.5939,48,0.074
220071,MASSACHUSETTS GENERAL HOSPITAL,MA,BOSTON,Acute Care Hospitals,Voluntary non-profit - Private,5.0,6,0,4269.0,0.0,0.0,0.9166,0,COPD,0.9949,48,0.111
220011,CAMBRIDGE HEALTH ALLIANCE,MA,CAMBRIDGE,Acute Care Hospitals,Government - Local,3.0,4,0,537.0,0.0,0.0,0.941,0,Pneumonia,0.9561,48,0.16
220119,BRIGHAM AND WOMEN FAULKNER HOSPITAL,MA,JAMAICA PLAIN,Acute Care Hospitals,Voluntary non-profit - Private,5.0,4,0,1294.0,0.0,0.0,0.9428,0,Pneumonia,0.9862,48,0.164
220074,SOUTHCOAST HOSPITALS GROUP,MA,FALL RIVER,Acute Care Hospitals,Voluntary non-profit - Private,4.0,6,0,5397.0,0.0,0.0,0.9506,0,Heart failure,0.9945,48,0.192
210001,MERITUS MEDICAL CENTER,MD,HAGERSTOWN,Acute Care Hospitals,Voluntary non-profit - Private,3.0,5,2,2443.0,35.2,535370.0,1.0222,1,Pneumonia,1.2406,1,0.724
210048,JOHNS HOPKINS HOWARD COUNTY MEDICAL CENTER,MD,COLUMBIA,Acute Care Hospitals,Voluntary non-profit - Private,3.0,5,3,1956.0,17.5,265857.0,1.0447,1,Hip/knee replacement,1.1964,2,0.857
210023,"LUMINIS HEALTH ANNE ARUNDEL MEDICAL CENTER, INC",MD,ANNAPOLIS,Acute Care Hospitals,Voluntary non-profit - Private,3.0,6,4,4210.0,9.1,137608.0,1.0195,1,Hip/knee replacement,1.1052,3,0.703
210057,ADVENTIST HEALTHCARE SHADY GROVE MEDICAL CENTER,MD,ROCKVILLE,Acute Care Hospitals,Voluntary non-profit - Private,2.0,5,2,1738.0,9.0,136209.0,1.0711,1,Hip/knee replacement,1.3921,4,0.939
210040,NORTHWEST HOSPITAL CENTER,MD,RANDALLSTOWN,Acute Care Hospitals,Voluntary non-profit - Private,2.0,4,4,1189.0,8.7,131805.0,1.0324,1,Heart failure,1.0648,5,0.79
210033,CARROLL HOSPITAL CENTER,MD,WESTMINSTER,Acute Care Hospitals,Voluntary non-profit - Private,3.0,4,3,2250.0,8.6,130711.0,1.0101,1,Pneumonia,1.0468,6,0.623
210022,SUBURBAN HOSPITAL,MD,BETHESDA,Acute Care Hospitals,Voluntary non-profit - Private,4.0,6,4,1917.0,7.2,110141.0,1.0151,1,Hip/knee replacement,1.0744,7,0.665
210065,HOLY CROSS GERMANTOWN HOSPITAL,MD,GERMANTOWN,Acute Care Hospitals,Voluntary non-profit - Private,1.0,5,5,491.0,7.2,109763.0,1.0617,1,Pneumonia,1.1208,8,0.917
210003,UNIVERSITY OF MD CAPITAL REGION MEDICAL CENTER,MD,UPPER MARLBORO,Acute Care Hospitals,Voluntary non-profit - Private,1.0,5,2,467.0,5.9,89985.0,0.9937,1,Heart failure,1.1122,9,0.487
210005,FREDERICK HEALTH HOSPITAL,MD,FREDERICK,Acute Care Hospitals,Voluntary non-profit - Private,3.0,5,3,2189.0,5.0,75253.0,0.9782,1,COPD,1.064,10,0.345
210016,ADVENTIST HEALTHCARE WHITE OAK MEDICAL CENTER,MD,SILVER SPRING,Acute Care Hospitals,Voluntary non-profit - Private,3.0,6,5,1650.0,4.9,73792.0,1.0384,1,Bypass surgery (CABG),1.0994,11,0.824
210032,UNION HOSPITAL OF CECIL COUNTY,MD,ELKTON,Acute Care Hospitals,Voluntary non-profit - Private,4.0,5,4,957.0,4.8,72990.0,1.0149,1,COPD,1.0488,12,0.663
210012,SINAI HOSPITAL OF BALTIMORE,MD,BALTIMORE,Acute Care Hospitals,Voluntary non-profit - Private,3.0,6,1,1428.0,4.4,67122.0,0.921,1,Heart failure,1.0459,13,0.117
210008,MERCY MEDICAL CENTER INC,MD,BALTIMORE,Acute Care Hospitals,Voluntary non-profit - Church,3.0,4,4,286.0,4.4,66606.0,1.1106,1,Hip/knee replacement,1.2646,14,0.981
210056,MEDSTAR GOOD SAMARITAN HOSPITAL,MD,BALTIMORE,Acute Care Hospitals,Voluntary non-profit - Other,3.0,4,3,977.0,4.0,60058.0,0.9988,1,COPD,1.0498,15,0.529
210027,WESTERN MARYLAND REGIONAL MEDICAL CENTER,MD,CUMBERLAND,Acute Care Hospitals,Voluntary non-profit - Private,4.0,6,2,1613.0,3.1,47071.0,0.9543,1,Heart attack,1.0427,16,0.203
210063,UNIVERSITY OF MD ST JOSEPH MEDICAL CENTER,MD,TOWSON,Acute Care Hospitals,Voluntary non-profit - Private,5.0,6,2,2425.0,3.0,45803.0,0.9852,1,Hip/knee replacement,1.1797,17,0.411
210049,UMD UPPER CHESAPEAKE MEDICAL CENTER,MD,BEL AIR,Acute Care Hospitals,Voluntary non-profit - Other,2.0,5,2,2111.0,2.8,43138.0,0.9985,1,Hip/knee replacement,1.0579,18,0.528
210028,MEDSTAR SAINT MARY'S HOSPITAL,MD,LEONARDTOWN,Acute Care Hospitals,Voluntary non-profit - Private,4.0,5,1,1037.0,2.5,37523.0,0.9323,1,Heart failure,1.0307,19,0.137
210011,SAINT AGNES HOSPITAL,MD,BALTIMORE,Acute Care Hospitals,Voluntary non-profit - Church,3.0,5,3,1015.0,1.9,29293.0,1.039,1,Hip/knee replacement,1.2082,20,0.827
210015,MEDSTAR FRANKLIN SQUARE MEDICAL CENTER,MD,ROSEDALE,Acute Care Hospitals,Voluntary non-profit - Private,3.0,4,1,2450.0,1.8,27235.0,0.9753,1,Heart attack,1.0554,21,0.321
210035,UNIVERSITY OF MD CHARLES REGIONAL  MEDICAL CENTER,MD,LA PLATA,Acute Care Hospitals,Voluntary non-profit - Private,3.0,4,1,796.0,1.6,24937.0,0.9651,1,Heart failure,1.0309,22,0.254
210062,MEDSTAR SOUTHERN MARYLAND HOSPITAL CENTER,MD,CLINTON,Acute Care Hospitals,Voluntary non-profit - Private,2.0,5,2,1386.0,1.6,23700.0,0.9924,1,Hip/knee replacement,1.1314,23,0.472
210039,CALVERTHEALTH MEDICAL CENTER,MD,PRINCE FREDERICK,Acute Care Hospitals,Voluntary non-profit - Other,5.0,4,1,946.0,1.1,17270.0,0.9803,1,Pneumonia,1.0168,24,0.363
210061,ATLANTIC GENERAL HOSPITAL,MD,BERLIN,Acute Care Hospitals,Voluntary non-profit - Private,3.0,3,1,842.0,1.1,16168.0,0.9978,1,Pneumonia,1.0234,25,0.522
210029,JOHNS HOPKINS BAYVIEW MEDICAL CENTER,MD,BALTIMORE,Acute Care Hospitals,Voluntary non-profit - Private,3.0,5,1,1268.0,1.0,14700.0,0.9336,1,COPD,1.0156,26,0.14
210019,"TIDALHEALTH PENINSULA REGIONAL, INC",MD,SALISBURY,Acute Care Hospitals,Voluntary non-profit - Private,4.0,6,1,2461.0,0.9,14499.0,0.9379,1,Heart attack,1.0142,27,0.15
210002,UNIVERSITY OF MARYLAND MEDICAL CENTER,MD,BALTIMORE,Acute Care Hospitals,Voluntary non-profit - Private,3.0,5,2,976.0,0.8,12911.0,0.9669,1,Heart attack,1.0251,28,0.266
210009,"JOHNS HOPKINS HOSPITAL, THE",MD,BALTIMORE,Acute Care Hospitals,Voluntary non-profit - Private,5.0,5,1,1634.0,0.7,10613.0,0.9529,1,Heart attack,1.0249,29,0.199
210024,MEDSTAR UNION MEMORIAL HOSPITAL,MD,BALTIMORE,Acute Care Hospitals,Voluntary non-profit - Other,5.0,6,1,1485.0,0.7,10151.0,0.9009,1,COPD,1.0171,30,0.098
210004,HOLY CROSS HOSPITAL,MD,SILVER SPRING,Acute Care Hospitals,Voluntary non-profit - Church,2.0,5,1,974.0,0.7,9931.0,0.9771,1,Heart attack,1.0566,31,0.336
210060,ADVENTIST HEALTHCARE FORT WASHINGTON MEDICAL CTR,MD,FORT WASHINGTON,Acute Care Hospitals,Voluntary non-profit - Other,4.0,4,1,281.0,0.5,7334.0,0.9769,1,Pneumonia,1.0208,32,0.335
210018,MEDSTAR MONTGOMERY MEDICAL CENTER,MD,OLNEY,Acute Care Hospitals,Voluntary non-profit - Private,3.0,5,1,919.0,0.1,1100.0,0.9694,1,COPD,1.0035,33,0.28
210051,"LUMINIS HEALTH DOCTORS COMMUNITY MEDICAL CTR, INC",MD,LANHAM,Acute Care Hospitals,Proprietary,3.0,4,2,1154.0,0.0,663.0,1.0541,1,Hip/knee replacement,1.3104,34,0.891
210058,UMD REHABILITATION &  ORTHOPAEDIC INSTITUTE,MD,BALTIMORE,Acute Care Hospitals,Voluntary non-profit - Private,,0,0,0.0,0.0,0.0,,0,,,35,0.0
210064,LEVINDALE HEBREW GERIATRIC CENTER AND HOSPITAL,MD,BALTIMORE,Acute Care Hospitals,Voluntary non-profit - Private,,0,0,0.0,0.0,0.0,,0,,,35,0.0
210017,GARRETT REGIONAL MEDICAL CENTER,MD,OAKLAND,Acute Care Hospitals,Voluntary non-profit - Private,4.0,4,0,76.0,0.0,0.0,0.9052,0,Heart failure,0.9795,35,0.102
210030,UNIVERSITY OF MD SHORE MEDICAL CTR AT CHESTERTOWN,MD,CHESTERTOWN,Acute Care Hospitals,Voluntary non-profit - Private,5.0,3,0,0.0,0.0,0.0,0.9266,0,Pneumonia,0.9279,35,0.127
210044,GREATER BALTIMORE MEDICAL CENTER,MD,BALTIMORE,Acute Care Hospitals,Voluntary non-profit - Private,5.0,4,0,1342.0,0.0,0.0,0.9387,0,Heart failure,0.9504,35,0.152
210043,UNIVERSITY OF MD BALTIMORE WASHINGTON MEDICAL CENTER,MD,GLEN BURNIE,Acute Care Hospitals,Voluntary non-profit - Other,5.0,5,1,1722.0,0.0,0.0,0.9485,1,Hip/knee replacement,1.011,35,0.184
210037,UNIVERSITY OF MD SHORE MEDICAL CENTER AT EASTON,MD,EASTON,Acute Care Hospitals,Voluntary non-profit - Private,4.0,5,1,1100.0,0.0,0.0,0.9511,1,Hip/knee replacement,1.1107,35,0.195
210034,MEDSTAR HARBOR HOSPITAL,MD,BALTIMORE,Acute Care Hospitals,Voluntary non-profit - Private,4.0,4,1,684.0,0.0,0.0,0.9705,1,Heart attack,1.023,35,0.286
210038,UNIVERSITY OF MD MEDICAL CENTER MIDTOWN CAMPUS,MD,BALTIMORE,Acute Care Hospitals,Voluntary non-profit - Other,3.0,3,0,73.0,0.0,0.0,0.9775,0,Pneumonia,0.9973,35,0.338
200001,ST JOSEPH HOSPITAL,ME,BANGOR,Acute Care Hospitals,Voluntary non-profit - Church,3.0,5,2,507.0,7.2,108787.0,1.0125,1,Pneumonia,1.1728,1,0.643
200031,CARY MEDICAL CENTER,ME,CARIBOU,Acute Care Hospitals,Government - Local,1.0,3,2,103.0,1.4,20595.0,1.0381,1,Heart failure,1.0907,2,0.823
200063,MAINEHEALTH PEN BAY HOSPITAL,ME,ROCKPORT,Acute Care Hospitals,Voluntary non-profit - Private,3.0,3,2,259.0,1.3,19282.0,1.0195,1,Heart failure,1.0339,3,0.703
200020,YORK HOSPITAL,ME,YORK,Acute Care Hospitals,Voluntary non-profit - Private,4.0,4,1,353.0,0.8,11444.0,0.9915,1,Pneumonia,1.0297,4,0.463
200050,NORTHERN LIGHT MAINE COAST HOSPITAL,ME,ELLSWORTH,Acute Care Hospitals,Voluntary non-profit - Other,3.0,2,1,172.0,0.3,4796.0,0.9818,1,Pneumonia,1.0222,5,0.377
200008,NORTHERN LIGHT MERCY HOSPITAL,ME,PORTLAND,Acute Care Hospitals,Voluntary non-profit - Church,4.0,3,1,257.0,0.3,4364.0,0.9793,1,Heart failure,1.0132,6,0.355
200033,NORTHERN LIGHT EASTERN MAINE MEDICAL CENTER,ME,BANGOR,Acute Care Hospitals,Voluntary non-profit - Private,5.0,6,0,1483.0,0.0,0.0,0.8144,0,COPD,0.9642,7,0.081
200039,MAINE GENERAL MEDICAL CENTER,ME,AUGUSTA,Acute Care Hospitals,Voluntary non-profit - Other,4.0,4,0,595.0,0.0,0.0,0.9233,0,Heart attack,0.9708,7,0.121
200024,CENTRAL MAINE MEDICAL CENTER,ME,LEWISTON,Acute Care Hospitals,Voluntary non-profit - Private,4.0,5,0,768.0,0.0,0.0,0.9244,0,Bypass surgery (CABG),0.9754,7,0.123
200034,ST MARY'S REGIONAL MEDICAL CENTER,ME,LEWISTON,Acute Care Hospitals,Voluntary non-profit - Church,4.0,2,0,0.0,0.0,0.0,0.9284,0,Pneumonia,0.9406,7,0.13
200009,MAINEHEALTH MAINE MEDICAL CENTER,ME,PORTLAND,Acute Care Hospitals,Voluntary non-profit - Private,4.0,6,0,2299.0,0.0,0.0,0.9362,0,COPD,0.9853,7,0.146
200018,NORTHERN LIGHT  A R GOULD HOSPITAL,ME,PRESQUE ISLE,Acute Care Hospitals,Voluntary non-profit - Private,2.0,3,0,66.0,0.0,0.0,0.9651,0,Heart failure,0.9827,7,0.254
200021,MAINEHEALTH MID COAST HOSPITAL,ME,BRUNSWICK,Acute Care Hospitals,Voluntary non-profit - Private,3.0,3,1,472.0,0.0,0.0,0.9834,1,COPD,1.0213,7,0.391
230269,"BEAUMONT HOSPITAL, TROY",MI,TROY,Acute Care Hospitals,Voluntary non-profit - Private,4.0,6,4,3543.0,57.9,880000.0,1.0296,1,Heart attack,1.1727,1,0.773
230020,BEAUMONT HOSPITAL - DEARBORN,MI,DEARBORN,Acute Care Hospitals,Voluntary non-profit - Private,2.0,6,5,1561.0,31.6,480909.0,1.0579,1,Pneumonia,1.1389,2,0.907
230002,ST JOE MERCY HOSPITAL SYSTEM LIVONIA,MI,LIVONIA,Acute Care Hospitals,Voluntary non-profit - Private,2.0,5,5,1638.0,28.4,431154.0,1.1346,1,Hip/knee replacement,1.3708,3,0.989
230130,BEAUMONT HOSPITAL ROYAL OAK,MI,ROYAL OAK,Acute Care Hospitals,Voluntary non-profit - Private,3.0,6,4,3563.0,27.3,415504.0,1.0087,1,Hip/knee replacement,1.076,4,0.611
230302,HENRY FORD HEALTH WEST BLOOMFIELD HOSPITAL,MI,W BLOOMFIELD,Acute Care Hospitals,Voluntary non-profit - Private,3.0,4,4,1335.0,26.2,398318.0,1.0965,1,Heart failure,1.1495,5,0.972
230041,MCLAREN BAY REGION,MI,BAY CITY,Acute Care Hospitals,Voluntary non-profit - Private,1.0,6,6,1621.0,23.9,362945.0,1.1384,1,Bypass surgery (CABG),1.388,6,0.99
230070,COVENANT MEDICAL CENTER,MI,SAGINAW,Acute Care Hospitals,Voluntary non-profit - Private,2.0,6,3,1608.0,21.6,327880.0,0.9938,1,COPD,1.1452,7,0.488
230146,WYANDOTTE HOSPITAL AND MEDICAL CENTER,MI,WYANDOTTE,Acute Care Hospitals,Voluntary non-profit - Private,2.0,4,4,1369.0,19.4,294745.0,1.0656,1,Heart failure,1.0925,8,0.925
230195,Henry Ford Health Warren Hospital,MI,WARREN,Acute Care Hospitals,Voluntary non-profit - Private,1.0,5,5,1699.0,15.9,242124.0,1.0848,1,Hip/knee replacement,1.2359,9,0.959
230165,HENRY FORD HEALTH ST JOHN HOSPITAL,MI,DETROIT,Acute Care Hospitals,Voluntary non-profit - Church,1.0,5,2,1008.0,15.1,229755.0,1.0133,1,Heart failure,1.1175,10,0.65
230053,HENRY FORD HEALTH HOSPITAL,MI,DETROIT,Acute Care Hospitals,Voluntary non-profit - Private,3.0,5,3,1186.0,13.2,200846.0,1.0331,1,Heart failure,1.094,11,0.793
230176,COREWELL HEALTH TRENTON HOSPITAL,MI,TRENTON,Acute Care Hospitals,Voluntary non-profit - Private,3.0,4,3,1120.0,12.9,196155.0,1.064,1,Pneumonia,1.1684,12,0.922
230156,TRINITY HEALTH ANN ARBOR HOSPITAL,MI,ANN ARBOR,Acute Care Hospitals,Voluntary non-profit - Church,4.0,6,2,3323.0,12.0,181945.0,0.9873,1,Pneumonia,1.0872,13,0.431
230099,PROMEDICA MONROE REGIONAL HOSPITAL,MI,MONROE,Acute Care Hospitals,Voluntary non-profit - Other,1.0,4,4,538.0,11.2,170598.0,1.0764,1,Heart failure,1.1453,14,0.949
230089,BEAUMONT HOSPITAL - GROSSE POINTE,MI,GROSSE POINTE,Acute Care Hospitals,Voluntary non-profit - Private,4.0,5,4,897.0,9.9,150426.0,1.0668,1,Hip/knee replacement,1.1924,15,0.928
230046,UNIVERSITY OF MICHIGAN HEALTH SYSTEM,MI,ANN ARBOR,Acute Care Hospitals,Voluntary non-profit - Private,4.0,6,2,1588.0,9.6,145848.0,1.0048,1,Pneumonia,1.1597,16,0.577
230141,MCLAREN FLINT,MI,FLINT,Acute Care Hospitals,Voluntary non-profit - Private,2.0,6,6,1477.0,8.8,134363.0,1.0906,1,Hip/knee replacement,1.2316,17,0.966
230244,GARDEN CITY HOSPITAL,MI,GARDEN CITY,Acute Care Hospitals,Voluntary non-profit - Private,2.0,5,4,541.0,8.4,128042.0,1.0772,1,Pneumonia,1.1435,18,0.95
230029,TRINITY HEALTH OAKLAND HOSPITAL,MI,PONTIAC,Acute Care Hospitals,Voluntary non-profit - Private,2.0,6,5,1650.0,8.1,123120.0,1.0782,1,Hip/knee replacement,1.2917,19,0.952
230227,MCLAREN MACOMB,MI,MOUNT CLEMENS,Acute Care Hospitals,Voluntary non-profit - Private,1.0,5,2,1082.0,6.2,94719.0,1.0187,1,Heart attack,1.0805,20,0.696
230092,HENRY FORD ALLEGIANCE HEALTH,MI,JACKSON,Acute Care Hospitals,Voluntary non-profit - Other,3.0,5,4,1826.0,5.7,86579.0,1.0209,1,Bypass surgery (CABG),1.1005,21,0.711
230151,BEAUMONT HOSPITAL - FARMINGTON HILLS,MI,FARMINGTON HILLS,Acute Care Hospitals,Voluntary non-profit - Private,3.0,5,3,1066.0,4.1,62603.0,1.0119,1,Pneumonia,1.0548,22,0.637
230167,MCLAREN GREATER LANSING,MI,LANSING,Acute Care Hospitals,Voluntary non-profit - Private,3.0,6,3,486.0,3.9,59186.0,1.0012,1,Heart failure,1.0785,23,0.547
230216,MCLAREN PORT HURON,MI,PORT HURON,Acute Care Hospitals,Voluntary non-profit - Private,2.0,6,3,1196.0,3.8,57125.0,1.0298,1,Hip/knee replacement,1.1862,24,0.775
230121,MEMORIAL HEALTHCARE,MI,OWOSSO,Acute Care Hospitals,Voluntary non-profit - Other,3.0,4,2,366.0,3.5,52986.0,1.0162,1,Pneumonia,1.1031,25,0.676
230075,BRONSON BATTLE CREEK HOSPITAL,MI,BATTLE CREEK,Acute Care Hospitals,Proprietary,3.0,4,3,625.0,3.4,51326.0,1.0893,1,Hip/knee replacement,1.2603,26,0.964
230021,"LAKELAND HOSPITAL, ST JOSEPH",MI,ST JOSEPH,Acute Care Hospitals,Voluntary non-profit - Private,4.0,5,1,1154.0,3.3,50777.0,0.9619,1,Heart failure,1.0355,27,0.235
230132,HURLEY MEDICAL CENTER,MI,FLINT,Acute Care Hospitals,Voluntary non-profit - Other,2.0,5,1,483.0,3.2,47972.0,0.9575,1,Heart failure,1.0761,28,0.216
230024,SINAI-GRACE HOSPITAL,MI,DETROIT,Acute Care Hospitals,Proprietary,1.0,4,3,452.0,3.0,45578.0,1.0261,1,Pneumonia,1.0732,29,0.749
230019,"ASCENSION PROVIDENCE HOSPITAL, SOUTHFIELD AND NOVI",MI,SOUTHFIELD,Acute Care Hospitals,Voluntary non-profit - Church,4.0,6,1,1797.0,2.9,44586.0,0.935,1,Heart failure,1.0145,30,0.144
230197,ASCENSION GENESYS HOSPITAL,MI,GRAND BLANC,Acute Care Hospitals,Voluntary non-profit - Church,3.0,6,4,1173.0,2.8,43122.0,0.9974,1,Bypass surgery (CABG),1.045,31,0.518
230273,DETROIT RECEIVING HOSPITAL,MI,DETROIT,Acute Care Hospitals,Proprietary,1.0,4,4,315.0,2.8,43104.0,1.0273,1,Pneumonia,1.0551,32,0.758
230270,BEAUMONT HOSPITAL - TAYLOR,MI,TAYLOR,Acute Care Hospitals,Voluntary non-profit - Private,2.0,3,2,415.0,2.2,33298.0,1.0117,1,Heart failure,1.0643,33,0.635
230133,MUNSON HEALTHCARE OTSEGO MEMORIAL HOSPITAL,MI,GAYLORD,Acute Care Hospitals,Voluntary non-profit - Private,4.0,3,2,195.0,2.1,32604.0,1.0372,1,Heart failure,1.1018,34,0.816
230277,HURON VALLEY-SINAI HOSPITAL,MI,COMMERCE TOWNSHIP,Acute Care Hospitals,Proprietary,3.0,5,1,718.0,2.1,31884.0,1.0528,1,Hip/knee replacement,1.4802,35,0.886
230022,INSIGHT HOSPITAL AND MEDICAL CENTER COLDWATER,MI,COLDWATER,Acute Care Hospitals,Government - Local,2.0,3,2,273.0,1.9,28577.0,1.0258,1,Pneumonia,1.0665,36,0.746
230030,MYMICHIGAN MEDICAL CENTER ALMA,MI,ALMA,Acute Care Hospitals,Voluntary non-profit - Private,4.0,4,3,386.0,1.8,27382.0,1.0409,1,Hip/knee replacement,1.1003,37,0.839
230035,SPECTRUM HEALTH UNITED HOSPITAL,MI,GREENVILLE,Acute Care Hospitals,Voluntary non-profit - Other,4.0,3,1,313.0,1.8,26785.0,1.0257,1,Pneumonia,1.0904,38,0.746
230254,ASCENSION PROVIDENCE ROCHESTER HOSPITAL,MI,ROCHESTER,Acute Care Hospitals,Voluntary non-profit - Private,3.0,6,2,810.0,1.6,23988.0,1.0119,1,Hip/knee replacement,1.1078,39,0.637
230239,CHIPPEWA COUNTY WAR MEMORIAL HOSPITAL,MI,SAULT STE MARIE,Acute Care Hospitals,Voluntary non-profit - Private,2.0,3,1,133.0,1.6,23889.0,0.9954,1,Pneumonia,1.0817,40,0.504
230080,MCLAREN CENTRAL MICHIGAN,MI,MOUNT PLEASANT,Acute Care Hospitals,Voluntary non-profit - Private,3.0,4,4,169.0,1.5,23175.0,1.028,1,Heart failure,1.0645,41,0.764
230142,COREWELL HEALTH WAYNE HOSPITAL,MI,WAYNE,Acute Care Hospitals,Voluntary non-profit - Private,2.0,4,3,435.0,1.5,22303.0,1.0357,1,Heart attack,1.1233,42,0.807
230031,LAKE HURON MEDICAL CENTER,MI,PORT HURON,Acute Care Hospitals,Voluntary non-profit - Church,4.0,4,2,284.0,1.4,20505.0,0.9992,1,Heart failure,1.0522,43,0.532
230093,COREWELL HEALTH BIG RAPIDS HOSPITAL,MI,BIG RAPIDS,Acute Care Hospitals,Voluntary non-profit - Private,3.0,3,2,258.0,1.0,15023.0,1.0177,1,COPD,1.0509,44,0.689
230059,MERCY HEALTH SAINT MARY'S,MI,GRAND RAPIDS,Acute Care Hospitals,Voluntary non-profit - Church,3.0,5,4,559.0,0.9,14059.0,1.0237,1,Hip/knee replacement,1.069,45,0.732
230180,MYMICHIGAN MEDICAL CENTER CLARE,MI,CLARE,Acute Care Hospitals,Voluntary non-profit - Other,2.0,3,3,147.0,0.8,12672.0,1.0258,1,Heart failure,1.0476,46,0.746
230193,MCLAREN LAPEER REGION,MI,LAPEER,Acute Care Hospitals,Voluntary non-profit - Private,2.0,4,2,527.0,0.8,12057.0,0.9923,1,Pneumonia,1.0213,47,0.47
230055,DICKINSON COUNTY MEMORIAL HOSPITAL,MI,IRON MOUNTAIN,Acute Care Hospitals,Government - Local,2.0,3,1,238.0,0.6,8629.0,0.9724,1,Heart failure,1.0219,48,0.297
230100,TAWAS ST JOSEPH HOSPITAL,MI,TAWAS CITY,Acute Care Hospitals,Government - Hospital District or Authority,3.0,3,1,83.0,0.6,8393.0,1.0032,1,Pneumonia,1.0485,49,0.563
230077,MYMICHIGAN MEDICAL CENTER SAGINAW,MI,SAGINAW,Acute Care Hospitals,Voluntary non-profit - Church,3.0,4,2,534.0,0.5,7439.0,0.9767,1,COPD,1.0201,50,0.334
230095,MYMICHIGAN MEDICAL CENTER WEST BRANCH,MI,WEST BRANCH,Acute Care Hospitals,Government - Local,5.0,4,2,305.0,0.5,7136.0,0.9761,1,COPD,1.0295,51,0.329
230207,MCLAREN OAKLAND,MI,PONTIAC,Acute Care Hospitals,Voluntary non-profit - Private,2.0,3,2,149.0,0.3,5179.0,1.0175,1,COPD,1.0591,52,0.687
230259,CHELSEA HOSPITAL,MI,CHELSEA,Acute Care Hospitals,Voluntary non-profit - Private,4.0,4,2,603.0,0.3,4621.0,1.0625,1,Hip/knee replacement,1.2959,53,0.919
230104,HARPER UNIVERSITY HOSPITAL,MI,DETROIT,Acute Care Hospitals,Proprietary,1.0,5,2,369.0,0.2,3285.0,1.004,1,Bypass surgery (CABG),1.0661,54,0.569
230037,HILLSDALE HOSPITAL,MI,HILLSDALE,Acute Care Hospitals,Voluntary non-profit - Private,3.0,4,1,53.0,0.2,2696.0,0.9472,1,Heart failure,1.0186,55,0.179
230217,OAKLAWN HOSPITAL,MI,MARSHALL,Acute Care Hospitals,Voluntary non-profit - Other,4.0,3,1,83.0,0.2,2393.0,0.9721,1,Pneumonia,1.0121,56,0.295
230081,MUNSON HEALTHCARE CADILLAC HOSPITAL,MI,CADILLAC,Acute Care Hospitals,Voluntary non-profit - Church,4.0,3,1,239.0,0.1,1007.0,0.9602,1,Pneumonia,1.0045,57,0.229
230110,COREWELL HEALTH LUDINGTON HOSPITAL,MI,LUDINGTON,Acute Care Hospitals,Voluntary non-profit - Private,4.0,3,1,210.0,0.0,533.0,0.9703,1,Heart failure,1.002,58,0.285
230071,STRAITH HOSPITAL FOR SPECIAL SURGERY,MI,SOUTHFIELD,Acute Care Hospitals,Voluntary non-profit - Private,,0,0,0.0,0.0,0.0,,0,,,59,0.0
230078,COREWELL HEALTH WATERVLIET HOSPITAL,MI,WATERVLIET,Acute Care Hospitals,Voluntary non-profit - Private,,0,0,0.0,0.0,0.0,,0,,,59,0.0
230144,FOREST HEALTH MEDICAL CENTER,MI,YPSILANTI,Acute Care Hospitals,Government - Hospital District or Authority,,0,0,0.0,0.0,0.0,,0,,,59,0.0
230264,SOUTHEAST MICHIGAN SURGICAL HOSPITAL LLC,MI,WARREN,Acute Care Hospitals,Voluntary non-profit - Private,,0,0,0.0,0.0,0.0,,0,,,59,0.0
230275,HEALTHSOURCE SAGINAW,MI,SAGINAW,Acute Care Hospitals,Voluntary non-profit - Other,,0,0,0.0,0.0,0.0,,0,,,59,0.0
230279,HENRY FORD HEALTH BRIGHTON CENTER FOR RECOVERY,MI,BRIGHTON,Acute Care Hospitals,Voluntary non-profit - Private,,0,0,0.0,0.0,0.0,,0,,,59,0.0
230301,SURGEONS CHOICE MEDICAL CENTER,MI,SOUTHFIELD,Acute Care Hospitals,Proprietary,,0,0,0.0,0.0,0.0,,0,,,59,0.0
230038,SPECTRUM HEALTH,MI,GRAND RAPIDS,Acute Care Hospitals,Voluntary non-profit - Private,4.0,6,1,2358.0,0.0,0.0,0.9115,1,Hip/knee replacement,1.0516,59,0.107
230236,UNIVERSITY OF MICHIGAN HEALTH - WEST,MI,WYOMING,Acute Care Hospitals,Voluntary non-profit - Private,4.0,5,0,130.0,0.0,0.0,0.9178,0,COPD,0.9864,59,0.113
230066,TRINITY HEALTH MUSKEGON HOSPITAL,MI,MUSKEGON,Acute Care Hospitals,Voluntary non-profit - Private,3.0,6,1,1055.0,0.0,0.0,0.9183,1,Hip/knee replacement,1.1171,59,0.113
230230,EDWARD W SPARROW HOSPITAL,MI,LANSING,Acute Care Hospitals,Voluntary non-profit - Other,3.0,5,0,1427.0,0.0,0.0,0.9195,0,Heart failure,0.9606,59,0.116
230069,TRINITY HEALTH LIVINGSTON HOSPITAL,MI,HOWELL,Acute Care Hospitals,Voluntary non-profit - Other,4.0,3,0,553.0,0.0,0.0,0.9226,0,COPD,0.9411,59,0.121
230117,BORGESS MEDICAL CENTER,MI,KALAMAZOO,Acute Care Hospitals,Voluntary non-profit - Other,3.0,6,2,825.0,0.0,0.0,0.9499,1,Hip/knee replacement,1.0425,59,0.19
230054,UPHS MARQUETTE DLP HOSPITAL,MI,MARQUETTE,Acute Care Hospitals,Government - Local,3.0,6,1,698.0,0.0,0.0,0.9505,1,Bypass surgery (CABG),1.0973,59,0.191
230072,HOLLAND HOSPITAL,MI,HOLLAND,Acute Care Hospitals,Voluntary non-profit - Private,5.0,5,0,189.0,0.0,0.0,0.9508,0,Heart attack,0.9872,59,0.193
230005,PROMEDICA CHARLES AND VIRGINIA HICKMAN HOSPITAL,MI,ADRIAN,Acute Care Hospitals,Voluntary non-profit - Private,3.0,4,0,413.0,0.0,0.0,0.951,0,Pneumonia,0.9724,59,0.194
230108,UP HEALTH SYSTEM PORTAGE,MI,HANCOCK,Acute Care Hospitals,Voluntary non-profit - Other,5.0,2,0,0.0,0.0,0.0,0.9531,0,Heart failure,0.9883,59,0.2
230058,MUNSON HEALTHCARE GRAYLING HOSPITAL,MI,GRAYLING,Acute Care Hospitals,Voluntary non-profit - Church,3.0,3,0,127.0,0.0,0.0,0.9561,0,COPD,0.9927,59,0.21
230085,BRONSON SOUTH HAVEN HOSPITAL,MI,SOUTH HAVEN,Acute Care Hospitals,Government - Hospital District or Authority,,2,0,0.0,0.0,0.0,0.9566,0,Heart failure,0.9654,59,0.211
230017,BRONSON METHODIST HOSPITAL,MI,KALAMAZOO,Acute Care Hospitals,Voluntary non-profit - Private,4.0,6,1,1326.0,0.0,0.0,0.9567,1,Hip/knee replacement,1.0205,59,0.212
230047,HENRY FORD MACOMB HOSPITAL,MI,CLINTON TOWNSHIP,Acute Care Hospitals,Voluntary non-profit - Private,3.0,5,0,2253.0,0.0,0.0,0.9586,0,Heart attack,0.9991,59,0.222
230097,MUNSON MEDICAL CENTER,MI,TRAVERSE CITY,Acute Care Hospitals,Voluntary non-profit - Other,4.0,6,1,1849.0,0.0,0.0,0.959,1,Hip/knee replacement,1.0797,59,0.224
230174,TRINITY HEALTH GRAND HAVEN HOSPITAL,MI,GRAND HAVEN,Acute Care Hospitals,Government - Hospital District or Authority,4.0,1,0,0.0,0.0,0.0,0.9657,0,Pneumonia,0.9657,59,0.259
230003,COREWELL HEALTH ZEELAND HOSPITAL,MI,ZEELAND,Acute Care Hospitals,Voluntary non-profit - Private,5.0,2,1,0.0,0.0,0.0,0.9698,1,Heart failure,1.018,59,0.282
230036,MYMICHIGAN MEDICAL CENTER ALPENA,MI,ALPENA,Acute Care Hospitals,Proprietary,3.0,4,1,413.0,0.0,0.0,0.9751,1,Hip/knee replacement,1.0043,59,0.32
230105,MCLAREN NORTHERN MICHIGAN,MI,PETOSKEY,Acute Care Hospitals,Voluntary non-profit - Other,3.0,6,2,1040.0,0.0,0.0,0.9768,1,Bypass surgery (CABG),1.0376,59,0.334
230303,MUNSON HEALTHCARE MANISTEE HOSPITAL,MI,MANISTEE,Acute Care Hospitals,Voluntary non-profit - Other,4.0,2,1,0.0,0.0,0.0,0.9773,1,Pneumonia,1.0121,59,0.337
230222,MYMICHIGAN MEDICAL CENTER MIDLAND,MI,MIDLAND,Acute Care Hospitals,Voluntary non-profit - Other,4.0,6,1,1364.0,0.0,0.0,0.983,1,Hip/knee replacement,1.0752,59,0.387
230241,ASCENSION RIVER DISTRICT HOSPITAL,MI,EAST CHINA,Acute Care Hospitals,Government - Hospital District or Authority,3.0,3,0,0.0,0.0,0.0,0.9835,0,COPD,0.9935,59,0.393
230297,KARMANOS CANCER CENTER,MI,DETROIT,Acute Care Hospitals,Proprietary,3.0,1,0,0.0,0.0,0.0,0.9839,0,Pneumonia,0.9839,59,0.396
230208,UNIVERSITY OF MICHIGAN HEALTH-SPARROW CARSON,MI,CARSON CITY,Acute Care Hospitals,Voluntary non-profit - Other,4.0,3,1,0.0,0.0,0.0,0.9905,1,COPD,1.0012,59,0.454
230015,THREE RIVERS HEALTH,MI,THREE RIVERS,Acute Care Hospitals,Government - Hospital District or Authority,2.0,3,1,0.0,0.0,0.0,0.9932,1,Pneumonia,1.0189,59,0.481
240053,PARK NICOLLET METHODIST HOSPITAL,MN,SAINT LOUIS PARK,Acute Care Hospitals,Voluntary non-profit - Private,3.0,6,6,1772.0,17.1,260208.0,1.1031,1,Hip/knee replacement,1.25,1,0.977
240001,NORTH MEMORIAL HEALTH HOSPITAL,MN,ROBBINSDALE,Acute Care Hospitals,Voluntary non-profit - Private,1.0,5,4,930.0,16.9,257724.0,1.0691,1,Heart failure,1.1457,2,0.934
240038,ALLINA UNITED HOSPITAL,MN,SAINT PAUL,Acute Care Hospitals,Voluntary non-profit - Private,3.0,6,4,1545.0,14.3,217761.0,1.039,1,Hip/knee replacement,1.2277,3,0.827
240115,MERCY HOSPITAL,MN,COON RAPIDS,Acute Care Hospitals,Voluntary non-profit - Private,3.0,6,3,2055.0,3.9,59171.0,0.9812,1,COPD,1.0694,4,0.372
240210,M HEALTH FAIRVIEW ST JOHN'S HOSPITAL,MN,MAPLEWOOD,Acute Care Hospitals,Voluntary non-profit - Private,5.0,5,1,715.0,2.6,40219.0,0.9409,1,Heart failure,1.0322,5,0.159
240106,REGIONS HOSPITAL,MN,SAINT PAUL,Acute Care Hospitals,Voluntary non-profit - Private,3.0,6,3,999.0,1.4,21739.0,0.9905,1,Bypass surgery (CABG),1.162,6,0.454
240056,RIDGEVIEW MEDICAL CENTER,MN,WACONIA,Acute Care Hospitals,Voluntary non-profit - Private,4.0,5,2,807.0,1.4,21453.0,0.9708,1,Heart failure,1.0241,7,0.287
240050,FAIRVIEW LAKES HEALTH SERVICES,MN,WYOMING,Acute Care Hospitals,Voluntary non-profit - Private,3.0,3,2,220.0,1.1,17279.0,1.0252,1,COPD,1.0852,8,0.744
240088,CENTRACARE- RICE MEMORIAL HOSPITAL,MN,WILLMAR,Acute Care Hospitals,Government - Local,3.0,2,1,191.0,0.9,13482.0,1.0054,1,Heart failure,1.0541,9,0.583
240213,M HEALTH FAIRVIEW WOODWINDS HOSPITAL,MN,WOODBURY,Acute Care Hospitals,Voluntary non-profit - Private,4.0,4,1,342.0,0.9,13009.0,0.9868,1,Pneumonia,1.0377,10,0.426
240036,CENTRACARE - ST. CLOUD HOSPITAL,MN,SAINT CLOUD,Acute Care Hospitals,Voluntary non-profit - Private,4.0,6,1,1680.0,0.6,8969.0,0.9419,1,COPD,1.0291,11,0.161
240104,ST FRANCIS REGIONAL MEDICAL CENTER,MN,SHAKOPEE,Acute Care Hospitals,Voluntary non-profit - Church,3.0,4,1,306.0,0.6,8536.0,0.9921,1,Pneumonia,1.0272,12,0.467
240004,HENNEPIN COUNTY MEDICAL CENTER,MN,MINNEAPOLIS,Acute Care Hospitals,Government - Local,3.0,4,1,224.0,0.5,7896.0,0.9942,1,COPD,1.0386,13,0.491
240075,ESSENTIA HEALTH ST JOSEPH'S MEDICAL CENTER,MN,BRAINERD,Acute Care Hospitals,Voluntary non-profit - Private,3.0,5,3,385.0,0.5,7071.0,1.0019,1,Pneumonia,1.0351,14,0.553
240207,M HEALTH FAIRVIEW RIDGES HOSPITAL,MN,BURNSVILLE,Acute Care Hospitals,Voluntary non-profit - Church,4.0,4,1,882.0,0.4,6740.0,0.9623,1,Heart attack,1.0574,15,0.238
240141,FAIRVIEW NORTHLAND REGIONAL HOSPITAL,MN,PRINCETON,Acute Care Hospitals,Voluntary non-profit - Other,4.0,2,1,50.0,0.1,2343.0,0.9944,1,Heart failure,1.0159,16,0.494
240020,CAMBRIDGE MEDICAL CENTER,MN,CAMBRIDGE,Acute Care Hospitals,Voluntary non-profit - Private,4.0,4,1,164.0,0.1,2288.0,0.9851,1,Pneumonia,1.0137,17,0.41
240002,ESSENTIA HEALTH ST MARY'S MEDICAL CENTER,MN,DULUTH,Acute Care Hospitals,Voluntary non-profit - Private,4.0,5,2,678.0,0.1,2004.0,0.968,1,Pneumonia,1.01,18,0.273
240066,LAKEVIEW MEMORIAL HOSPITAL,MN,STILLWATER,Acute Care Hospitals,Voluntary non-profit - Other,4.0,5,2,249.0,0.1,1639.0,0.9928,1,Hip/knee replacement,1.0444,19,0.476
240064,GRAND ITASCA CLINIC AND HOSPITAL,MN,GRAND RAPIDS,Acute Care Hospitals,Voluntary non-profit - Private,4.0,2,1,77.0,0.1,1306.0,0.9758,1,Pneumonia,1.0075,20,0.326
240030,ALOMERE HEALTH,MN,ALEXANDRIA,Acute Care Hospitals,Government - Local,4.0,4,2,218.0,0.1,943.0,0.97,1,COPD,1.0159,21,0.283
240018,MAYO CLINIC HEALTH SYSTEM IN RED WING,MN,RED WING,Acute Care Hospitals,Voluntary non-profit - Private,4.0,2,1,59.0,0.0,117.0,1.0001,1,Heart failure,1.0007,22,0.536
240101,ESSENTIA HEALTH ST MARYS - DETROIT LAKES,MN,DETROIT LAKES,Acute Care Hospitals,Voluntary non-profit - Church,4.0,3,2,93.0,0.0,37.0,0.9762,1,COPD,1.003,23,0.329
240019,ESSENTIA HEALTH DULUTH,MN,DULUTH,Acute Care Hospitals,Voluntary non-profit - Private,,0,0,0.0,0.0,0.0,,0,,,24,0.0
240206,RED LAKE HOSPITAL,MN,REDLAKE,Acute Care Hospitals,Government - Federal,,0,0,0.0,0.0,0.0,,0,,,24,0.0
240093,MAYO CLINIC HEALTH SYSTEM - MANKATO,MN,MANKATO,Acute Care Hospitals,Voluntary non-profit - Private,5.0,5,0,808.0,0.0,0.0,0.8678,0,Heart attack,0.9077,24,0.086
240010,MAYO CLINIC HOSPITAL ROCHESTER,MN,ROCHESTER,Acute Care Hospitals,Voluntary non-profit - Church,5.0,6,0,4003.0,0.0,0.0,0.8927,0,COPD,0.9794,24,0.093
240076,BUFFALO HOSPITAL,MN,BUFFALO,Acute Care Hospitals,Voluntary non-profit - Other,5.0,3,0,97.0,0.0,0.0,0.9255,0,Heart failure,0.9547,24,0.125
240069,OWATONNA HOSPITAL,MN,OWATONNA,Acute Care Hospitals,Voluntary non-profit - Other,5.0,4,0,67.0,0.0,0.0,0.9432,0,COPD,0.9943,24,0.166
240100,SANFORD BEMIDJI MEDICAL CENTER,MN,BEMIDJI,Acute Care Hospitals,Voluntary non-profit - Private,4.0,4,0,538.0,0.0,0.0,0.9446,0,Heart attack,0.9672,24,0.169
240078,M HEALTH FAIRVIEW SOUTHDALE HOSPITAL,MN,EDINA,Acute Care Hospitals,Voluntary non-profit - Private,5.0,6,1,1285.0,0.0,0.0,0.9468,1,Hip/knee replacement,1.09,24,0.176
240166,MAYO CLINIC HEALTH SYSTEM - FAIRMONT,MN,FAIRMONT,Acute Care Hospitals,Voluntary non-profit - Private,5.0,3,0,201.0,0.0,0.0,0.9496,0,COPD,0.9648,24,0.189
240044,WINONA HEALTH SERVICES,MN,WINONA,Acute Care Hospitals,Voluntary non-profit - Private,2.0,2,0,0.0,0.0,0.0,0.951,0,Pneumonia,0.9719,24,0.194
240022,SANFORD WORTHINGTON MEDICAL CENTER,MN,WORTHINGTON,Acute Care Hospitals,Voluntary non-profit - Private,4.0,3,0,0.0,0.0,0.0,0.962,0,Pneumonia,0.9854,24,0.236
240080,M HEALTH FAIRVIEW UNIVERSITY OF MN MEDICAL CENTER,MN,MINNEAPOLIS,Acute Care Hospitals,Voluntary non-profit - Private,4.0,6,1,419.0,0.0,0.0,0.9634,1,COPD,1.0273,24,0.245
240014,NORTHFIELD HOSPITAL,MN,NORTHFIELD,Acute Care Hospitals,Government - Local,4.0,2,0,0.0,0.0,0.0,0.9641,0,Pneumonia,0.9814,24,0.25
240047,ST LUKES HOSPITAL,MN,DULUTH,Acute Care Hospitals,Voluntary non-profit - Private,3.0,6,0,513.0,0.0,0.0,0.966,0,Heart failure,0.994,24,0.261
240057,ABBOTT NORTHWESTERN HOSPITAL,MN,MINNEAPOLIS,Acute Care Hospitals,Voluntary non-profit - Private,4.0,6,0,1697.0,0.0,0.0,0.9671,0,COPD,0.9833,24,0.268
240214,MAPLE GROVE HOSPITAL,MN,MAPLE GROVE,Acute Care Hospitals,Voluntary non-profit - Private,5.0,4,0,301.0,0.0,0.0,0.9739,0,COPD,0.9949,24,0.31
240040,RANGE REGIONAL HEALTH SERVICES,MN,HIBBING,Acute Care Hospitals,Voluntary non-profit - Other,4.0,2,0,0.0,0.0,0.0,0.9802,0,Heart failure,0.9874,24,0.363
240043,MAYO CLINIC HEALTH SYSTEM - ALBERT LEA AND AUSTIN,MN,ALBERT LEA,Acute Care Hospitals,Voluntary non-profit - Private,5.0,4,1,503.0,0.0,0.0,0.9909,1,Hip/knee replacement,1.1501,24,0.457
240187,HUTCHINSON HEALTH,MN,HUTCHINSON,Acute Care Hospitals,Voluntary non-profit - Private,3.0,2,1,0.0,0.0,0.0,0.9934,1,Heart failure,1.0111,24,0.484
240071,ALLINA HEALTH FARIBAULT MEDICAL CENTER,MN,FARIBAULT,Acute Care Hospitals,Voluntary non-profit - Private,3.0,2,1,0.0,0.0,0.0,1.0057,1,Pneumonia,1.0231,24,0.587
240006,OLMSTED MEDICAL CENTER,MN,ROCHESTER,Acute Care Hospitals,Voluntary non-profit - Private,4.0,3,1,0.0,0.0,0.0,1.0078,1,Hip/knee replacement,1.0728,24,0.605
240084,ESSENTIA HEALTH VIRGINIA,MN,VIRGINIA,Acute Care Hospitals,Government - Local,4.0,1,1,0.0,0.0,0.0,1.0123,1,Heart failure,1.0123,24,0.641
240052,LAKE REGION HEALTHCARE CORPORATION,MN,,,,,3,1,116.0,0.0,0.0,1.0161,1,Hip/knee replacement,1.1127,24,0.675
260020,MERCY HOSPITAL ST LOUIS,MO,SAINT LOUIS,Acute Care Hospitals,Voluntary non-profit - Private,4.0,6,5,2278.0,29.6,449119.0,1.1158,1,Bypass surgery (CABG),1.2812,1,0.984
260077,MERCY HOSPITAL SOUTH,MO,SAINT LOUIS,Acute Care Hospitals,Voluntary non-profit - Private,2.0,6,3,1897.0,21.4,325007.0,1.0545,1,Hip/knee replacement,1.241,2,0.893
260025,HANNIBAL REGIONAL HOSPITAL,MO,HANNIBAL,Acute Care Hospitals,Voluntary non-profit - Other,2.0,5,4,1008.0,19.8,301104.0,1.0713,1,Heart failure,1.1423,3,0.94
260032,BARNES JEWISH HOSPITAL,MO,SAINT LOUIS,Acute Care Hospitals,Voluntary non-profit - Other,4.0,6,3,1668.0,14.7,223764.0,0.9736,1,Heart failure,1.0775,4,0.307
260017,PHELPS COUNTY REGIONAL MEDICAL CENTER,MO,ROLLA,Acute Care Hospitals,Government - Local,2.0,5,5,869.0,14.4,218993.0,1.065,1,Pneumonia,1.1138,5,0.925
260095,CENTERPOINT MEDICAL CENTER,MO,INDEPENDENCE,Acute Care Hospitals,Proprietary,3.0,6,2,990.0,8.7,132315.0,0.9767,1,Pneumonia,1.1128,6,0.334
260023,MERCY HOSPITAL JEFFERSON,MO,CRYSTAL CITY,Acute Care Hospitals,Voluntary non-profit - Private,4.0,5,2,902.0,8.6,131351.0,1.0067,1,Heart failure,1.1094,7,0.597
260179,ST LUKES HOSPITAL,MO,CHESTERFIELD,Acute Care Hospitals,Voluntary non-profit - Private,4.0,6,3,2468.0,8.0,122293.0,1.0376,1,Hip/knee replacement,1.4192,8,0.819
260110,MERCY HOSPITAL SOUTHEAST,MO,CAPE GIRARDEAU,Acute Care Hospitals,Voluntary non-profit - Private,2.0,6,2,874.0,7.9,120503.0,1.0031,1,Heart failure,1.108,9,0.562
260091,SSM HEALTH ST MARY'S HOSPITAL - ST LOUIS,MO,SAINT LOUIS,Acute Care Hospitals,Voluntary non-profit - Private,3.0,4,3,613.0,5.7,86112.0,1.0389,1,Heart failure,1.0793,10,0.826
260105,SSM HEALTH SAINT LOUIS UNIVERSITY HOSPITAL,MO,SAINT LOUIS,Acute Care Hospitals,Voluntary non-profit - Church,1.0,5,5,306.0,5.4,81830.0,1.0579,1,Heart failure,1.1032,11,0.907
260006,MOSAIC LIFE CARE AT ST JOSEPH,MO,SAINT JOSEPH,Acute Care Hospitals,Voluntary non-profit - Private,4.0,5,2,2623.0,5.2,79590.0,0.9708,1,Heart failure,1.0336,12,0.287
260096,NKC HEALTH,MO,NORTH KANSAS CITY,Acute Care Hospitals,Government - Local,4.0,6,3,2328.0,4.9,74423.0,0.9665,1,COPD,1.044,13,0.264
260108,MISSOURI BAPTIST MEDICAL CENTER,MO,SAINT LOUIS,Acute Care Hospitals,Voluntary non-profit - Private,5.0,6,4,2191.0,4.9,74361.0,1.0152,1,Bypass surgery (CABG),1.0745,14,0.665
260193,ST MARY'S MEDICAL CENTER,MO,BLUE SPRINGS,Acute Care Hospitals,Proprietary,3.0,5,3,381.0,4.9,73871.0,1.0124,1,Pneumonia,1.0925,15,0.642
260177,LIBERTY HOSPITAL,MO,LIBERTY,Acute Care Hospitals,Voluntary non-profit - Private,2.0,6,4,995.0,4.8,72798.0,1.0344,1,Hip/knee replacement,1.2018,16,0.801
260141,UNIVERSITY OF MISSOURI HEALTH CARE,MO,COLUMBIA,Acute Care Hospitals,Government - State,3.0,6,5,1219.0,4.7,71651.0,1.0237,1,Hip/knee replacement,1.0764,17,0.732
260081,SSM ST CLARE HEALTH CENTER,MO,FENTON,Acute Care Hospitals,Voluntary non-profit - Private,4.0,5,3,931.0,4.6,69907.0,1.0136,1,Heart failure,1.0537,18,0.654
260011,SSM HEALTH ST. MARY'S HOSPITAL - JEFFERSON CITY,MO,JEFFERSON CITY,Acute Care Hospitals,Proprietary,3.0,5,3,549.0,4.5,69146.0,1.0095,1,Heart failure,1.1245,19,0.62
260005,SSM ST JOSEPH HEALTH CENTER,MO,SAINT CHARLES,Acute Care Hospitals,Voluntary non-profit - Private,3.0,4,3,589.0,4.2,64009.0,1.0339,1,COPD,1.0921,20,0.797
260191,BARNES-JEWISH ST PETERS HOSPITAL,MO,SAINT PETERS,Acute Care Hospitals,Voluntary non-profit - Other,3.0,5,3,695.0,4.2,63820.0,1.022,1,Hip/knee replacement,1.1015,21,0.722
260065,MERCY HOSPITAL SPRINGFIELD,MO,SPRINGFIELD,Acute Care Hospitals,Voluntary non-profit - Private,3.0,6,3,2055.0,4.2,63752.0,1.0088,1,Bypass surgery (CABG),1.0644,22,0.613
260040,COX MEDICAL CENTERS,MO,SPRINGFIELD,Acute Care Hospitals,Voluntary non-profit - Private,3.0,6,1,1862.0,4.2,63431.0,0.9659,1,Heart attack,1.1272,23,0.26
260001,MERCY HOSPITAL JOPLIN,MO,JOPLIN,Acute Care Hospitals,Voluntary non-profit - Church,1.0,5,4,1104.0,4.1,62045.0,1.033,1,Bypass surgery (CABG),1.1311,24,0.793
260119,POPLAR BLUFF REGIONAL MEDICAL CENTER,MO,POPLAR BLUFF,Acute Care Hospitals,Proprietary,2.0,4,2,1181.0,3.3,49667.0,0.9972,1,Heart failure,1.0362,25,0.517
260009,BOTHWELL REGIONAL HEALTH CENTER,MO,SEDALIA,Acute Care Hospitals,Government - Local,4.0,3,2,566.0,2.9,43685.0,1.0047,1,COPD,1.0647,26,0.575
260085,ST JOSEPH MEDICAL CENTER,MO,KANSAS CITY,Acute Care Hospitals,Proprietary,3.0,6,2,498.0,2.7,40522.0,1.0159,1,Hip/knee replacement,1.1884,27,0.674
260068,BOONE HOSPITAL CENTER,MO,COLUMBIA,Acute Care Hospitals,Voluntary non-profit - Other,4.0,6,2,1826.0,2.4,37095.0,0.9669,1,Heart attack,1.0454,28,0.266
260214,BELTON REGIONAL MEDICAL CENTER,MO,BELTON,Acute Care Hospitals,Voluntary non-profit - Private,2.0,4,4,238.0,2.1,31960.0,1.0657,1,Hip/knee replacement,1.1382,29,0.926
260190,LEE'S SUMMIT MEDICAL CENTER,MO,LEES SUMMIT,Acute Care Hospitals,Proprietary,3.0,5,4,313.0,1.7,25504.0,1.0131,1,Pneumonia,1.0575,30,0.647
260027,RESEARCH MEDICAL CENTER,MO,KANSAS CITY,Acute Care Hospitals,Proprietary,2.0,5,3,415.0,1.6,25029.0,1.0255,1,Bypass surgery (CABG),1.0927,31,0.745
260216,SAINT LUKE'S EAST  HOSPITAL,MO,LEES SUMMIT,Acute Care Hospitals,Voluntary non-profit - Private,4.0,5,2,1741.0,1.5,22318.0,0.9872,1,Hip/knee replacement,1.1243,32,0.43
260097,WESTERN MISSOURI MEDICAL CENTER,MO,WARRENSBURG,Acute Care Hospitals,Government - Local,4.0,4,3,243.0,1.4,21365.0,1.0224,1,Heart failure,1.0839,33,0.724
260176,ST LUKE'S DES PERES HOSPITAL,MO,,,,,3,2,231.0,1.3,19069.0,1.0373,1,Hip/knee replacement,1.1045,34,0.817
260162,BARNES-JEWISH WEST COUNTY HOSPITAL,MO,CREVE COEUR,Acute Care Hospitals,Voluntary non-profit - Private,5.0,3,2,116.0,1.0,14536.0,0.9927,1,Heart failure,1.0819,35,0.474
260186,LAKE REGIONAL HEALTH SYSTEM,MO,OSAGE BEACH,Acute Care Hospitals,Voluntary non-profit - Other,3.0,5,1,794.0,0.9,14081.0,0.9765,1,Heart attack,1.0326,36,0.332
260180,CHRISTIAN HOSPITAL NORTHEAST,MO,SAINT LOUIS,Acute Care Hospitals,Voluntary non-profit - Private,4.0,6,3,978.0,0.8,12739.0,1.0006,1,Hip/knee replacement,1.0493,37,0.539
260074,MOBERLY REGIONAL MEDICAL CENTER,MO,MOBERLY,Acute Care Hospitals,Proprietary,2.0,3,3,108.0,0.7,10006.0,1.0212,1,Pneumonia,1.0421,38,0.715
260113,MISSOURI DELTA MEDICAL CENTER,MO,SIKESTON,Acute Care Hospitals,Voluntary non-profit - Private,2.0,3,1,382.0,0.7,9829.0,0.9924,1,Heart failure,1.0243,39,0.472
260142,FITZGIBBON HOSPITAL,MO,MARSHALL,Acute Care Hospitals,Voluntary non-profit - Private,2.0,3,3,169.0,0.5,7718.0,1.0259,1,Heart failure,1.042,40,0.748
260195,CITIZENS MEMORIAL HOSPITAL,MO,BOLIVAR,Acute Care Hospitals,Government - Hospital District or Authority,3.0,4,1,72.0,0.5,7630.0,0.9827,1,Heart attack,1.0579,41,0.384
260094,COX MEDICAL CENTER BRANSON,MO,BRANSON,Acute Care Hospitals,Voluntary non-profit - Private,4.0,4,1,682.0,0.5,6948.0,0.943,1,Heart attack,1.025,42,0.165
260137,FREEMAN HEALTH SYSTEM - FREEMAN WEST,MO,JOPLIN,Acute Care Hospitals,Voluntary non-profit - Private,2.0,6,1,1344.0,0.3,4280.0,0.9461,1,Pneumonia,1.0051,43,0.174
260022,NORTHEAST REGIONAL MEDICAL CENTER,MO,KIRKSVILLE,Acute Care Hospitals,Proprietary,2.0,4,3,218.0,0.2,3605.0,1.0015,1,Heart attack,1.0306,44,0.55
260175,GOLDEN VALLEY MEMORIAL HOSPITAL,MO,CLINTON,Acute Care Hospitals,Government - Hospital District or Authority,3.0,4,1,213.0,0.2,3083.0,0.9863,1,Pneumonia,1.0119,45,0.423
260078,OZARKS HEALTHCARE,MO,WEST PLAINS,Acute Care Hospitals,Voluntary non-profit - Private,2.0,5,1,578.0,0.1,1194.0,0.9544,1,Heart attack,1.0054,46,0.204
260183,SAINT FRANCIS MEDICAL CENTER,MO,CAPE GIRARDEAU,Acute Care Hospitals,Voluntary non-profit - Private,3.0,6,2,1002.0,0.1,686.0,0.9469,1,Bypass surgery (CABG),1.0363,47,0.176
260057,CAMERON REGIONAL MEDICAL CENTER,MO,CAMERON,Acute Care Hospitals,Voluntary non-profit - Private,1.0,4,0,162.0,0.0,0.0,0.9107,0,COPD,0.9785,48,0.106
260104,SSM HEALTH DEPAUL HOSPITAL ST LOUIS,MO,BRIDGETON,Acute Care Hospitals,Voluntary non-profit - Church,4.0,6,0,749.0,0.0,0.0,0.9567,0,COPD,0.9793,48,0.212
260200,SSM ST JOSEPH HOSPITAL WEST,MO,LAKE SAINT LOUIS,Acute Care Hospitals,Voluntary non-profit - Church,3.0,4,0,983.0,0.0,0.0,0.957,0,Heart failure,0.9743,48,0.213
260219,PROGRESS WEST HOSPITAL,MO,OFALLON,Acute Care Hospitals,Voluntary non-profit - Private,4.0,5,0,304.0,0.0,0.0,0.9596,0,COPD,0.9739,48,0.227
260062,SAINT LUKES NORTH HOSPITAL,MO,KANSAS CITY,Acute Care Hospitals,Voluntary non-profit - Private,5.0,4,0,643.0,0.0,0.0,0.9597,0,Heart attack,0.9928,48,0.227
260059,MERCY HOSPITAL LEBANON,MO,LEBANON,Acute Care Hospitals,Voluntary non-profit - Church,4.0,2,0,0.0,0.0,0.0,0.9628,0,Heart failure,0.973,48,0.242
260138,ST LUKES HOSPITAL OF KANSAS CITY,MO,KANSAS CITY,Acute Care Hospitals,Voluntary non-profit - Private,5.0,6,1,1326.0,0.0,0.0,0.9679,1,Hip/knee replacement,1.052,48,0.272
260163,PARKLAND HEALTH CENTER,MO,FARMINGTON,Acute Care Hospitals,Voluntary non-profit - Private,4.0,4,0,590.0,0.0,0.0,0.9733,0,COPD,0.9945,48,0.305
260061,NEVADA REGIONAL MEDICAL CENTER,MO,NEVADA,Acute Care Hospitals,Government - Local,,1,0,0.0,0.0,0.0,0.9803,0,Pneumonia,0.9803,48,0.363
260034,BATES COUNTY MEMORIAL HOSPITAL,MO,BUTLER,Acute Care Hospitals,Government - Local,3.0,2,1,0.0,0.0,0.0,0.9826,1,Pneumonia,1.0054,48,0.383
260160,MERCY HOSPITAL STODDARD,MO,DEXTER,Acute Care Hospitals,Voluntary non-profit - Private,2.0,2,1,0.0,0.0,0.0,0.9859,1,COPD,1.0082,48,0.419
260024,TEXAS COUNTY MEMORIAL HOSPITAL,MO,HOUSTON,Acute Care Hospitals,Government - Local,2.0,3,1,0.0,0.0,0.0,0.9867,1,Heart failure,1.0174,48,0.425
260048,TRUMAN MEDICAL CENTER HOSPITAL HILL,MO,KANSAS CITY,Acute Care Hospitals,Voluntary non-profit - Private,3.0,2,1,0.0,0.0,0.0,0.9946,1,Pneumonia,1.0075,48,0.496
260052,MERCY HOSPITAL WASHINGTON,MO,WASHINGTON,Acute Care Hospitals,Voluntary non-profit - Private,4.0,5,1,493.0,0.0,0.0,0.9965,1,Hip/knee replacement,1.153,48,0.512
260070,PEMISCOT COUNTY MEMORIAL HOSPITAL,MO,HAYTI,Acute Care Hospitals,Voluntary non-profit - Other,,2,1,0.0,0.0,0.0,1.0162,1,Pneumonia,1.0431,48,0.676
260102,UNIVERSITY HEALTH LAKEWOOD MEDICAL CENTER,MO,KANSAS CITY,Acute Care Hospitals,Voluntary non-profit - Private,4.0,1,1,0.0,0.0,0.0,1.0455,1,Hip/knee replacement,1.0455,48,0.859
250034,BAPTIST MEMORIAL HOSPITAL NORTH MS,MS,OXFORD,Acute Care Hospitals,Voluntary non-profit - Private,4.0,6,5,2066.0,25.2,383039.0,1.0692,1,Hip/knee replacement,1.1789,1,0.934
250048,ST DOMINIC-JACKSON MEMORIAL HOSPITAL,MS,JACKSON,Acute Care Hospitals,Voluntary non-profit - Church,2.0,6,4,2326.0,23.6,357982.0,1.0281,1,Pneumonia,1.1221,2,0.766
250141,BAPTIST MEMORIAL HOSPITAL DESOTO,MS,SOUTHAVEN,Acute Care Hospitals,Proprietary,3.0,5,3,1715.0,21.7,330048.0,1.0191,1,Pneumonia,1.106,3,0.698
250102,MISSISSIPPI BAPTIST MEDICAL CENTER,MS,JACKSON,Acute Care Hospitals,Voluntary non-profit - Private,2.0,6,3,2050.0,19.4,294199.0,0.9841,1,Pneumonia,1.1351,4,0.398
250019,MEMORIAL HOSPITAL AT GULFPORT,MS,GULFPORT,Acute Care Hospitals,Government - Local,3.0,6,3,1931.0,17.7,269593.0,1.02,1,Hip/knee replacement,1.115,5,0.706
250040,SINGING RIVER HEALTH SYSTEM,MS,PASCAGOULA,Acute Care Hospitals,Government - Local,1.0,6,5,1528.0,16.2,246744.0,1.042,1,Heart failure,1.1187,6,0.843
250078,FORREST GENERAL HOSPITAL,MS,HATTIESBURG,Acute Care Hospitals,Government - Local,2.0,6,5,2590.0,15.1,229242.0,1.0357,1,Heart attack,1.0669,7,0.807
250058,SOUTH CENTRAL REG MED CTR,MS,LAUREL,Acute Care Hospitals,Government - Local,1.0,5,4,731.0,14.0,212727.0,1.0851,1,Pneumonia,1.1513,8,0.959
250104,ANDERSON REGIONAL MEDICAL CENTER,MS,MERIDIAN,Acute Care Hospitals,Voluntary non-profit - Private,2.0,6,3,1140.0,7.5,113487.0,0.9775,1,Pneumonia,1.0928,9,0.338
250009,MAGNOLIA REGIONAL HEALTH CENTER,MS,CORINTH,Acute Care Hospitals,Voluntary non-profit - Other,2.0,6,3,1415.0,7.4,112616.0,1.0335,1,Hip/knee replacement,1.3049,10,0.795
250004,NORTH MISSISSIPPI MEDICAL CENTER,MS,TUPELO,Acute Care Hospitals,Voluntary non-profit - Private,2.0,6,1,2564.0,5.2,78512.0,0.9454,1,Pneumonia,1.0385,11,0.171
250001,UNIVERSITY OF MISSISSIPPI MED CENTER,MS,JACKSON,Acute Care Hospitals,Government - State,2.0,6,5,746.0,4.9,73804.0,1.0227,1,Bypass surgery (CABG),1.0865,12,0.726
250097,SOUTHWEST MS REGIONAL MEDICAL CENTER,MS,MCCOMB,Acute Care Hospitals,Government - Local,2.0,4,4,602.0,4.6,69793.0,1.0481,1,Heart attack,1.0574,13,0.868
250082,DELTA HEALTH SYSTEM - THE MEDICAL CENTER,MS,GREENVILLE,Acute Care Hospitals,Government - Local,1.0,4,4,411.0,3.3,50679.0,1.0566,1,COPD,1.1143,14,0.899
250031,MERIT HEALTH RIVER REGION,MS,VICKSBURG,Acute Care Hospitals,Proprietary,2.0,5,5,612.0,2.4,37126.0,1.036,1,Bypass surgery (CABG),1.0975,15,0.808
250093,BOLIVAR MEDICAL CENTER,MS,CLEVELAND,Acute Care Hospitals,Proprietary,1.0,3,2,407.0,2.3,34737.0,1.0216,1,Pneumonia,1.0527,16,0.718
250123,SINGING RIVER GULFPORT,MS,GULFPORT,Acute Care Hospitals,Proprietary,2.0,4,3,228.0,2.2,33262.0,1.0323,1,Heart failure,1.0689,17,0.788
250168,UNIVERSITY OF MISSISSIPPI MEDICAL CENTER- GRENADA,MS,GRENADA,Acute Care Hospitals,Government - State,1.0,3,3,241.0,2.1,31611.0,1.0486,1,Pneumonia,1.0583,18,0.871
250007,Memorial Hospital Biloxi,MS,BILOXI,Acute Care Hospitals,Proprietary,1.0,3,2,144.0,1.9,29055.0,1.0509,1,Pneumonia,1.0832,19,0.879
250138,MERIT HEALTH RIVER OAKS,MS,FLOWOOD,Acute Care Hospitals,Proprietary,1.0,5,4,307.0,1.9,28943.0,1.042,1,Heart attack,1.1007,20,0.843
250094,MERIT HEALTH WESLEY,MS,HATTIESBURG,Acute Care Hospitals,Voluntary non-profit - Private,2.0,6,3,459.0,1.8,26923.0,1.0092,1,Pneumonia,1.0686,21,0.618
250117,HIGHLAND COMMUNITY  HOSPITAL,MS,PICAYUNE,Acute Care Hospitals,Government - Local,1.0,3,2,166.0,1.6,25031.0,1.0254,1,Heart failure,1.0764,22,0.745
250025,NORTH MISSISSIPPI MEDICAL CENTER-GILMORE AMORY,MS,AMORY,Acute Care Hospitals,Proprietary,3.0,3,2,231.0,1.4,21847.0,1.0242,1,Heart failure,1.0786,23,0.736
250084,MERIT HEALTH NATCHEZ,MS,NATCHEZ,Acute Care Hospitals,Proprietary,2.0,3,2,245.0,1.3,19334.0,1.02,1,Pneumonia,1.0457,24,0.706
250038,MERIT HEALTH MADISON,MS,CANTON,Acute Care Hospitals,Proprietary,3.0,3,3,107.0,0.9,14157.0,1.043,1,Heart failure,1.0692,25,0.849
250096,CROSSGATES RIVER OAKS HOSPITAL,MS,BRANDON,Acute Care Hospitals,Proprietary,2.0,3,3,105.0,0.7,10751.0,1.0359,1,Heart failure,1.0474,26,0.808
250050,BAPTIST MEMORIAL HOSPITAL-OKTIBBEHA COUNTY,MS,STARKVILLE,Acute Care Hospitals,Government - Local,2.0,2,1,178.0,0.6,8550.0,1.0212,1,Heart failure,1.0773,27,0.715
250077,WAYNE GENERAL HOSPITAL,MS,WAYNESBORO,Acute Care Hospitals,Government - Local,3.0,3,3,161.0,0.5,7106.0,1.0283,1,COPD,1.0445,28,0.767
250162,OCHSNER MEDICAL CENTER-HANCOCK,MS,BAY SAINT LOUIS,Acute Care Hospitals,Government - Local,3.0,2,2,31.0,0.4,6043.0,1.0487,1,Heart failure,1.0695,29,0.872
250072,MERIT HEALTH CENTRAL,MS,JACKSON,Acute Care Hospitals,Proprietary,3.0,3,2,57.0,0.3,4405.0,0.9941,1,Pneumonia,1.0341,30,0.49
250020,WEBSTER GENERAL HOSPITAL/ SWING BED,MS,EUPORA,Acute Care Hospitals,Voluntary non-profit - Other,4.0,3,1,225.0,0.3,4092.0,0.9958,1,Heart failure,1.0187,31,0.506
250006,BAPTIST MEMORIAL HOSPITAL UNION COUNTY,MS,NEW ALBANY,Acute Care Hospitals,Voluntary non-profit - Other,4.0,3,1,354.0,0.2,3234.0,0.9841,1,Heart failure,1.0088,32,0.398
250100,BMH-GOLDEN TRIANGLE,MS,COLUMBUS,Acute Care Hospitals,Voluntary non-profit - Private,3.0,5,1,1201.0,0.1,1801.0,0.9484,1,COPD,1.0068,33,0.183
250124,MAGEE GENERAL HOSPITAL,MS,MAGEE,Acute Care Hospitals,Voluntary non-profit - Private,2.0,2,2,79.0,0.1,1649.0,1.0072,1,Pneumonia,1.0106,34,0.601
250002,TISHOMINGO HEALTH SERVICES INC,MS,IUKA,Acute Care Hospitals,Voluntary non-profit - Private,2.0,3,1,180.0,0.0,606.0,0.9788,1,Heart failure,1.0034,35,0.351
250085,MARION GENERAL HOSPITAL,MS,COLUMBIA,Acute Care Hospitals,Government - Local,1.0,2,2,79.0,0.0,225.0,1.0121,1,Heart failure,1.023,36,0.639
250017,PROGRESSIVE HEALTH GROUP OF HOUSTON,MS,HOUSTON,Acute Care Hospitals,Proprietary,,0,0,0.0,0.0,0.0,,0,,,37,0.0
250018,JASPER GENERAL HOSPITAL,MS,BAY SPRINGS,Acute Care Hospitals,Government - Local,,0,0,0.0,0.0,0.0,,0,,,37,0.0
250081,ANDERSON REGIONAL MEDICAL CENTER SOUTH CAMPUS,MS,MERIDIAN,Acute Care Hospitals,Proprietary,,0,0,0.0,0.0,0.0,,0,,,37,0.0
250127,CHOCTAW HEALTH CENTER,MS,PHILADELPHIA,Acute Care Hospitals,Government - Federal,,0,0,0.0,0.0,0.0,,0,,,37,0.0
250134,WHITFIELD MEDICAL SURGICAL HOSPITAL,MS,WHITFIELD,Acute Care Hospitals,Government - State,,0,0,0.0,0.0,0.0,,0,,,37,0.0
250136,MERIT HEALTH WOMEN'S HOSPITAL,MS,FLOWOOD,Acute Care Hospitals,Proprietary,,0,0,0.0,0.0,0.0,,0,,,37,0.0
250151,ALLIANCE HEALTH CENTER,MS,MERIDIAN,Acute Care Hospitals,Proprietary,,0,0,0.0,0.0,0.0,,0,,,37,0.0
250152,MISSISSIPPI METHODIST REHAB CTR,MS,JACKSON,Acute Care Hospitals,Voluntary non-profit - Private,,0,0,0.0,0.0,0.0,,0,,,37,0.0
250174,"ALLIANCE HEALTHCARE SYSTEM, INC",MS,HOLLY SPRINGS,Acute Care Hospitals,Proprietary,,0,0,0.0,0.0,0.0,,0,,,37,0.0
250027,WINSTON MEDICAL CENTER,MS,LOUISVILLE,Acute Care Hospitals,Voluntary non-profit - Private,,1,0,0.0,0.0,0.0,0.9308,0,Pneumonia,0.9308,37,0.134
250069,OCHSNER RUSH HOSPITAL,MS,MERIDIAN,Acute Care Hospitals,Voluntary non-profit - Private,3.0,5,0,485.0,0.0,0.0,0.961,0,Heart failure,0.9998,37,0.233
250044,BAPTIST MEMORIAL HOSPITAL BOONEVILLE,MS,BOONEVILLE,Acute Care Hospitals,Voluntary non-profit - Church,3.0,3,1,111.0,0.0,0.0,0.9671,1,COPD,1.0047,37,0.268
250036,GEORGE REGIONAL HEALTH SYSTEM,MS,LUCEDALE,Acute Care Hospitals,Government - Local,1.0,2,1,0.0,0.0,0.0,0.98,1,Heart failure,1.0328,37,0.361
250042,NORTHWEST MISSISSISSIPPI REGIONAL MEDICAL CENTER,MS,CLARKSDALE,Acute Care Hospitals,Proprietary,3.0,2,0,0.0,0.0,0.0,0.9811,0,Pneumonia,0.9846,37,0.371
250057,KING'S DAUGHTERS MEDICAL CENTER-BROOKHAVEN,MS,BROOKHAVEN,Acute Care Hospitals,Voluntary non-profit - Other,3.0,3,1,214.0,0.0,0.0,0.9834,1,COPD,1.0423,37,0.391
250043,NESHOBA COUNTY GENERAL HOSPITAL,MS,PHILADELPHIA,Acute Care Hospitals,Government - Local,3.0,3,2,120.0,0.0,0.0,0.9878,1,COPD,1.0044,37,0.435
250167,METHODIST HEALTHCARE - OLIVE BRANCH HOSPITAL,MS,OLIVE BRANCH,Acute Care Hospitals,Voluntary non-profit - Private,4.0,4,1,470.0,0.0,0.0,0.9932,1,Heart attack,1.0027,37,0.481
250049,BEACHAM MEMORIAL HOSPITAL,MS,MAGNOLIA,Acute Care Hospitals,Proprietary,,1,0,0.0,0.0,0.0,0.9934,0,Heart failure,0.9934,37,0.484
250067,CLAY COUNTY MEDICAL CORPORATION,MS,WEST POINT,Acute Care Hospitals,Voluntary non-profit - Private,3.0,2,0,83.0,0.0,0.0,0.9953,0,Pneumonia,0.9999,37,0.504
250095,SOUTH SUNFLOWER COUNTY HOSPITAL,MS,INDIANOLA,Acute Care Hospitals,Government - Local,2.0,2,1,0.0,0.0,0.0,0.9988,1,Pneumonia,1.0038,37,0.529
250172,HIGHLAND HILLS MEDICAL CENTER,MS,SENATOBIA,Acute Care Hospitals,Voluntary non-profit - Private,,1,1,0.0,0.0,0.0,1.0009,1,Pneumonia,1.0009,37,0.544
250099,GREENWOOD LEFLORE HOSPITAL,MS,GREENWOOD,Acute Care Hospitals,Government - Local,1.0,3,1,59.0,0.0,0.0,1.0018,1,Hip/knee replacement,1.0299,37,0.553
250061,YALOBUSHA GENERAL HOSPITAL,MS,WATER VALLEY,Acute Care Hospitals,Government - Local,,3,2,0.0,0.0,0.0,1.0124,1,Heart failure,1.0301,37,0.642
270004,BILLINGS CLINIC HOSPITAL,MT,BILLINGS,Acute Care Hospitals,Voluntary non-profit - Private,4.0,6,2,1791.0,1.0,15812.0,0.9284,1,Bypass surgery (CABG),1.0591,1,0.13
270014,ST. PATRICK HOSPITAL,MT,MISSOULA,Acute Care Hospitals,Voluntary non-profit - Church,5.0,6,2,1172.0,0.7,10633.0,0.9683,1,Bypass surgery (CABG),1.0405,2,0.274
270023,COMMUNITY MEDICAL CENTER,MT,MISSOULA,Acute Care Hospitals,Voluntary non-profit - Private,3.0,4,1,183.0,0.7,10289.0,0.9846,1,Heart failure,1.0414,3,0.405
270074,P H S INDIAN HOSPITAL AT BROWNING - BLACKFEET,MT,BROWNING,Acute Care Hospitals,Government - Federal,,0,0,0.0,0.0,0.0,,0,,,4,0.0
270049,INTERMOUNTAIN HEALTH ST VINCENT REGIONAL HOSPITAL,MT,BILLINGS,Acute Care Hospitals,Voluntary non-profit - Church,4.0,6,0,1292.0,0.0,0.0,0.9111,0,COPD,0.9814,4,0.106
270051,LOGAN HEALTH MEDICAL CENTER,MT,KALISPELL,Acute Care Hospitals,Voluntary non-profit - Private,3.0,5,0,814.0,0.0,0.0,0.9204,0,Bypass surgery (CABG),0.9703,4,0.117
270057,BOZEMAN HEALTH DEACONESS HOSPITAL,MT,BOZEMAN,Acute Care Hospitals,Voluntary non-profit - Private,4.0,5,0,545.0,0.0,0.0,0.9225,0,Heart failure,0.9854,4,0.12
270012,BENEFIS HOSPITALS INC,MT,GREAT FALLS,Acute Care Hospitals,Voluntary non-profit - Private,2.0,6,1,858.0,0.0,0.0,0.9442,1,Bypass surgery (CABG),1.0249,4,0.168
270003,ST PETERS HEALTH,MT,HELENA,Acute Care Hospitals,Voluntary non-profit - Private,3.0,5,1,619.0,0.0,0.0,0.9713,1,Hip/knee replacement,1.047,4,0.29
270086,GREAT FALLS CLINIC HOSPITAL,MT,GREAT FALLS,Acute Care Hospitals,Proprietary,2.0,6,1,88.0,0.0,0.0,0.9823,1,Bypass surgery (CABG),1.0814,4,0.382
270017,ST JAMES HOSPITAL,MT,BUTTE,Acute Care Hospitals,Voluntary non-profit - Private,2.0,4,2,269.0,0.0,0.0,1.0374,1,Hip/knee replacement,1.1461,4,0.818
340040,ECU HEALTH MEDICAL CENTER,NC,GREENVILLE,Acute Care Hospitals,Voluntary non-profit - Private,2.0,6,5,3938.0,26.4,401069.0,1.1065,1,Hip/knee replacement,1.4851,1,0.977
340028,CAPE FEAR VALLEY MEDICAL CENTER,NC,FAYETTEVILLE,Acute Care Hospitals,Voluntary non-profit - Private,2.0,6,4,1899.0,25.9,394038.0,1.017,1,Pneumonia,1.1016,2,0.682
340032,CAROMONT REGIONAL MEDICAL CENTER,NC,GASTONIA,Acute Care Hospitals,Voluntary non-profit - Private,4.0,6,5,1790.0,17.1,259442.0,1.0776,1,Hip/knee replacement,1.2476,3,0.951
340147,UNC HEALTH NASH,NC,ROCKY MOUNT,Acute Care Hospitals,Government - Hospital District or Authority,4.0,5,3,1150.0,10.8,164154.0,1.0099,1,Heart failure,1.0946,4,0.621
340142,CARTERET GENERAL HOSPITAL,NC,MOREHEAD CITY,Acute Care Hospitals,Proprietary,2.0,5,5,1306.0,10.1,153552.0,1.0591,1,COPD,1.1048,5,0.911
340098,ATRIUM HEALTH PINEVILLE,NC,CHARLOTTE,Acute Care Hospitals,Government - Hospital District or Authority,3.0,6,4,2259.0,8.7,132522.0,1.0055,1,Hip/knee replacement,1.1462,6,0.584
340050,SOUTHEASTERN REGIONAL MEDICAL CENTER,NC,LUMBERTON,Acute Care Hospitals,Voluntary non-profit - Private,2.0,4,3,683.0,7.5,114075.0,1.0246,1,Heart failure,1.1187,7,0.74
340115,FIRSTHEALTH MOORE REGIONAL HOSPITAL,NC,PINEHURST,Acute Care Hospitals,Voluntary non-profit - Private,4.0,6,4,2779.0,7.5,113893.0,1.038,1,Hip/knee replacement,1.233,8,0.821
340126,WILSON MEDICAL CENTER,NC,WILSON,Acute Care Hospitals,Voluntary non-profit - Private,1.0,5,3,699.0,6.9,105043.0,1.0268,1,Pneumonia,1.1144,9,0.754
340042,ONSLOW MEMORIAL HOSPITAL,NC,JACKSONVILLE,Acute Care Hospitals,Government - Hospital District or Authority,1.0,3,2,639.0,6.1,92710.0,1.032,1,Pneumonia,1.1315,10,0.786
340090,JOHNSTON HEALTH,NC,SMITHFIELD,Acute Care Hospitals,Government - Hospital District or Authority,4.0,5,3,1159.0,6.1,91981.0,1.0183,1,Heart failure,1.0494,11,0.693
340130,ATRIUM HEALTH UNION,NC,MONROE,Acute Care Hospitals,Government - Hospital District or Authority,4.0,5,3,1266.0,5.0,76604.0,1.0209,1,Hip/knee replacement,1.0828,12,0.711
340001,CAROLINAS MEDICAL CENTER-NORTHEAST,NC,CONCORD,Acute Care Hospitals,Government - Hospital District or Authority,4.0,6,3,2072.0,4.7,70782.0,0.9771,1,Heart attack,1.0226,13,0.336
340047,NORTH CAROLINA BAPTIST HOSPITAL,NC,WINSTON-SALEM,Acute Care Hospitals,Voluntary non-profit - Private,4.0,6,3,1538.0,4.4,66219.0,0.9836,1,Heart attack,1.0567,14,0.394
340004,HIGH POINT REGIONAL HEALTH SYSTEM,NC,HIGH POINT,Acute Care Hospitals,Voluntary non-profit - Private,2.0,4,3,772.0,3.9,59549.0,1.0179,1,Pneumonia,1.0659,15,0.691
340116,FRYE REGIONAL MEDICAL CENTER,NC,HICKORY,Acute Care Hospitals,Proprietary,2.0,5,5,1062.0,3.9,59389.0,1.0402,1,Bypass surgery (CABG),1.1115,16,0.835
340107,VIDANT EDGECOMBE HOSPITAL,NC,TARBORO,Acute Care Hospitals,Government - Local,3.0,3,1,249.0,3.7,55773.0,1.0285,1,Heart failure,1.1544,17,0.768
340109,SENTARA ALBEMARLE MEDICAL CENTER,NC,ELIZABETH CITY,Acute Care Hospitals,Government - Hospital District or Authority,3.0,4,1,814.0,3.3,49946.0,0.9937,1,Heart failure,1.0423,18,0.487
340099,VIDANT ROANOKE CHOWAN HOSPITAL,NC,AHOSKIE,Acute Care Hospitals,Voluntary non-profit - Private,2.0,3,2,287.0,3.1,47166.0,1.023,1,Heart failure,1.0813,19,0.727
340021,ATRIUM HEALTH CLEVELAND,NC,SHELBY,Acute Care Hospitals,Government - Hospital District or Authority,3.0,4,2,1006.0,3.1,46896.0,1.0055,1,Hip/knee replacement,1.0707,20,0.584
340129,DUKE HEALTH LAKE NORMAN HOSPITAL,NC,MOORESVILLE,Acute Care Hospitals,Proprietary,1.0,5,4,325.0,3.0,46065.0,1.0763,1,Hip/knee replacement,1.2015,21,0.948
340024,SAMPSON REGIONAL MEDICAL CENTER,NC,CLINTON,Acute Care Hospitals,Government - Local,2.0,3,3,263.0,2.9,44839.0,1.0566,1,Heart failure,1.1102,22,0.899
340151,ECU HEALTH NORTH HOSPITAL,NC,ROANOKE RAPIDS,Acute Care Hospitals,Voluntary non-profit - Private,2.0,5,2,485.0,2.9,44634.0,1.0091,1,Pneumonia,1.0873,23,0.617
340120,VIDANT DUPLIN HOSPITAL,NC,KENANSVILLE,Acute Care Hospitals,Government - Local,3.0,3,2,395.0,2.8,42200.0,1.0342,1,Heart failure,1.0707,24,0.8
340091,"MOSES H. CONE MEMORIAL HOSPITAL, THE",NC,GREENSBORO,Acute Care Hospitals,Voluntary non-profit - Private,3.0,6,2,2468.0,2.8,41741.0,0.96,1,Hip/knee replacement,1.0556,25,0.228
340020,CENTRAL CAROLINA HOSPITAL,NC,SANFORD,Acute Care Hospitals,Voluntary non-profit - Private,2.0,3,2,364.0,2.6,39550.0,1.0194,1,Heart failure,1.083,26,0.701
340027,UNC LENOIR HEALTH CARE,NC,KINSTON,Acute Care Hospitals,Voluntary non-profit - Private,4.0,4,1,532.0,2.6,39526.0,0.9994,1,Heart failure,1.0492,27,0.533
340132,MARIA PARHAM MEDICAL CENTER,NC,HENDERSON,Acute Care Hospitals,Proprietary,2.0,4,2,307.0,2.5,38559.0,1.027,1,COPD,1.1083,28,0.755
340070,ALAMANCE REGIONAL MEDICAL CENTER,NC,BURLINGTON,Acute Care Hospitals,Voluntary non-profit - Private,3.0,5,2,806.0,2.4,37096.0,1.0407,1,Hip/knee replacement,1.2353,29,0.838
340008,SCOTLAND MEMORIAL HOSPITAL,NC,LAURINBURG,Acute Care Hospitals,Voluntary non-profit - Private,3.0,5,2,348.0,2.1,32681.0,0.9745,1,Pneumonia,1.085,30,0.313
340071,BETSY JOHNSON REGIONAL HOSPITAL,NC,DUNN,Acute Care Hospitals,Voluntary non-profit - Private,3.0,4,2,444.0,2.1,31850.0,0.9883,1,Heart failure,1.0695,31,0.438
340183,NOVANT HEALTH HUNTERSVILLE MEDICAL CENTER,NC,HUNTERSVILLE,Acute Care Hospitals,Voluntary non-profit - Private,4.0,5,1,732.0,1.9,29325.0,0.9747,1,Heart failure,1.0312,32,0.315
340145,ATRIUM HEALTH LINCOLN,NC,LINCOLNTON,Acute Care Hospitals,Government - Hospital District or Authority,3.0,3,2,614.0,1.9,28917.0,1.0119,1,Heart failure,1.0477,33,0.637
340114,REX HOSPITAL,NC,RALEIGH,Acute Care Hospitals,Government - State,5.0,6,2,3133.0,1.8,27155.0,0.9752,1,Hip/knee replacement,1.1217,34,0.32
340069,"WAKEMED, RALEIGH CAMPUS",NC,RALEIGH,Acute Care Hospitals,Voluntary non-profit - Private,4.0,6,1,2384.0,1.7,26158.0,0.9388,1,COPD,1.0346,35,0.153
340141,NOVANT HEALTH NEW HANOVER REGIONAL MEDICAL CENTER,NC,WILMINGTON,Acute Care Hospitals,Government - Local,3.0,6,2,4295.0,1.5,23116.0,0.9325,1,Heart attack,1.0145,36,0.138
340096,LEXINGTON MEMORIAL HOSPITAL INC,NC,LEXINGTON,Acute Care Hospitals,Voluntary non-profit - Private,2.0,4,2,290.0,1.4,21844.0,0.9843,1,COPD,1.067,37,0.4
340131,CAROLINA EAST MEDICAL CENTER,NC,NEW BERN,Acute Care Hospitals,Government - Hospital District or Authority,4.0,6,3,2108.0,1.3,19554.0,0.9927,1,Hip/knee replacement,1.0575,38,0.474
340171,NOVANT HEALTH MATTHEWS MEDICAL CENTER,NC,MATTHEWS,Acute Care Hospitals,Voluntary non-profit - Other,5.0,5,2,1087.0,1.3,19154.0,1.0026,1,Heart attack,1.0732,39,0.559
340087,THE MCDOWELL HOSPITAL,NC,MARION,Acute Care Hospitals,Voluntary non-profit - Private,3.0,3,2,187.0,1.2,17603.0,1.0178,1,Heart failure,1.0824,40,0.69
340155,DUKE REGIONAL HOSPITAL,NC,DURHAM,Acute Care Hospitals,Government - Local,5.0,6,3,1013.0,1.1,16748.0,1.0122,1,Bypass surgery (CABG),1.0831,41,0.64
340068,COLUMBUS REGIONAL HEALTHCARE SYSTEM,NC,WHITEVILLE,Acute Care Hospitals,Voluntary non-profit - Other,1.0,4,3,315.0,1.1,16283.0,1.0579,1,Hip/knee replacement,1.1822,42,0.907
340051,WATAUGA MEDICAL CENTER,NC,BOONE,Acute Care Hospitals,Government - Local,3.0,5,3,546.0,1.1,16035.0,1.0211,1,Hip/knee replacement,1.1221,43,0.713
340158,NOVANT HEALTH BRUNSWICK MEDICAL CENTER,NC,SUPPLY,Acute Care Hospitals,Voluntary non-profit - Other,4.0,4,2,768.0,1.0,15496.0,0.9737,1,COPD,1.0535,44,0.308
340173,"WAKEMED, CARY HOSPITAL",NC,CARY,Acute Care Hospitals,Voluntary non-profit - Private,5.0,5,1,1192.0,1.0,14621.0,0.9573,1,COPD,1.0302,45,0.215
340188,CAPE FEAR VALLEY HOKE HOSPITAL,NC,RAEFORD,Acute Care Hospitals,Voluntary non-profit - Private,4.0,3,2,146.0,0.9,14524.0,1.0096,1,Pneumonia,1.0629,46,0.621
340119,STANLY REGIONAL MEDICAL CENTER,NC,ALBEMARLE,Acute Care Hospitals,Voluntary non-profit - Private,3.0,3,1,526.0,0.8,12388.0,1.01,1,COPD,1.0661,47,0.622
340064,WILKES REGIONAL MEDICAL CENTER,NC,NORTH WILKESBORO,Acute Care Hospitals,Government - Local,3.0,3,2,272.0,0.8,11758.0,1.0119,1,COPD,1.04,48,0.637
340159,PERSON MEMORIAL HOSPITAL,NC,ROXBORO,Acute Care Hospitals,Proprietary,3.0,2,1,58.0,0.7,11092.0,1.024,1,Heart failure,1.0699,49,0.735
340097,HUGH CHATHAM MEMORIAL HOSPITAL,NC,ELKIN,Acute Care Hospitals,Voluntary non-profit - Private,3.0,4,4,278.0,0.7,10437.0,1.0277,1,Hip/knee replacement,1.0595,50,0.762
340060,UNC ROCKINGHAM,NC,EDEN,Acute Care Hospitals,Voluntary non-profit - Private,4.0,3,3,122.0,0.4,6287.0,1.0208,1,Pneumonia,1.0329,51,0.71
340166,ATRIUM HEALTH UNIVERSITY CITY,NC,CHARLOTTE,Acute Care Hospitals,Government - Hospital District or Authority,3.0,3,1,364.0,0.4,5709.0,1.01,1,COPD,1.0596,52,0.622
340030,DUKE UNIVERSITY HOSPITAL,NC,DURHAM,Acute Care Hospitals,Proprietary,5.0,6,1,2458.0,0.3,4560.0,0.912,1,COPD,1.0097,53,0.107
340127,GRANVILLE HEALTH SYSTEMS,NC,OXFORD,Acute Care Hospitals,Government - Local,2.0,2,1,101.0,0.3,4383.0,0.9815,1,Pneumonia,1.0186,54,0.374
340014,NOVANT HEALTH FORSYTH MEDICAL CENTER,NC,WINSTON-SALEM,Acute Care Hospitals,Voluntary non-profit - Private,4.0,6,1,3647.0,0.1,2091.0,0.9028,1,Bypass surgery (CABG),1.0094,55,0.1
340017,PARDEE HOSPITAL HENDERSON COUNTY,NC,HENDERSONVILLE,Acute Care Hospitals,Government - Local,5.0,5,1,1111.0,0.1,1574.0,0.9234,1,Heart attack,1.0053,56,0.121
340143,CATAWBA VALLEY MEDICAL CENTER,NC,HICKORY,Acute Care Hospitals,Voluntary non-profit - Other,2.0,5,1,709.0,0.1,1118.0,0.9555,1,Heart attack,1.007,57,0.208
340184,HAYWOOD REGIONAL MEDICAL CENTER,NC,CLYDE,Acute Care Hospitals,Government - Hospital District or Authority,3.0,4,2,641.0,0.0,556.0,0.9844,1,Heart attack,1.0243,58,0.402
340148,NOVANT HEALTH MEDICAL PARK HOSPITAL,NC,WINSTON-SALEM,Acute Care Hospitals,Voluntary non-profit - Other,5.0,0,0,0.0,0.0,0.0,,0,,,59,0.0
340156,CHEROKEE INDIAN HOSPITAL AUTHORITY,NC,CHEROKEE,Acute Care Hospitals,Government - Federal,,0,0,0.0,0.0,0.0,,0,,,59,0.0
340168,WILMINGTON TREATMENT CENTER,NC,WILMINGTON,Acute Care Hospitals,Voluntary non-profit - Private,,0,0,0.0,0.0,0.0,,0,,,59,0.0
340002,MEMORIAL MISSION HOSPITAL AND ASHEVILLE SURGERY CE,NC,ASHEVILLE,Acute Care Hospitals,Voluntary non-profit - Private,3.0,6,0,4070.0,0.0,0.0,0.9002,0,COPD,0.9846,59,0.097
340053,NOVANT HEALTH PRESBYTERIAN MEDICAL CENTER,NC,CHARLOTTE,Acute Care Hospitals,Voluntary non-profit - Private,5.0,6,0,1670.0,0.0,0.0,0.9009,0,Heart failure,0.964,59,0.098
340113,CAROLINAS MEDICAL CENTER/BEHAV HEALTH,NC,CHARLOTTE,Acute Care Hospitals,Government - Hospital District or Authority,4.0,6,0,1417.0,0.0,0.0,0.9219,0,Heart failure,0.9816,59,0.119
340023,ADVENTHEALTH HENDERSONVILLE,NC,HENDERSONVILLE,Acute Care Hospitals,Voluntary non-profit - Private,5.0,3,0,373.0,0.0,0.0,0.9545,0,COPD,0.9951,59,0.205
340015,NOVANT HEALTH ROWAN MEDICAL CENTER,NC,SALISBURY,Acute Care Hospitals,Voluntary non-profit - Private,4.0,5,0,554.0,0.0,0.0,0.96,0,Pneumonia,0.9928,59,0.228
340061,UNC HOSPITALS,NC,CHAPEL HILL,Acute Care Hospitals,Government - State,5.0,6,2,1165.0,0.0,0.0,0.9607,1,Hip/knee replacement,1.0596,59,0.231
340190,NOVANT HEALTH MINT HILL MEDICAL CENTER,NC,CHARLOTTE,Acute Care Hospitals,Voluntary non-profit - Private,5.0,3,0,247.0,0.0,0.0,0.9626,0,COPD,0.9949,59,0.24
340016,HARRIS REGIONAL HOSPITAL,NC,SYLVA,Acute Care Hospitals,Proprietary,3.0,4,0,173.0,0.0,0.0,0.9639,0,Heart failure,0.9804,59,0.248
340195,NOVANT HEALTH BALLANTYNE MEDICAL CENTER,NC,CHARLOTTE,Acute Care Hospitals,Voluntary non-profit - Private,,2,0,0.0,0.0,0.0,0.9639,0,Heart failure,0.9723,59,0.248
340010,UNC HEALTH CARE WAYNE,NC,GOLDSBORO,Acute Care Hospitals,Voluntary non-profit - Private,3.0,4,0,991.0,0.0,0.0,0.9651,0,COPD,0.9807,59,0.254
340075,"BLUE RIDGE HEALTHCARE HOSPITALS, INC",NC,MORGANTON,Acute Care Hospitals,Proprietary,4.0,4,0,568.0,0.0,0.0,0.9705,0,Pneumonia,0.9901,59,0.286
340003,NORTHERN REGIONAL HOSPITAL,NC,MOUNT AIRY,Acute Care Hospitals,Government - Hospital District or Authority,4.0,3,0,433.0,0.0,0.0,0.9716,0,Heart failure,0.993,59,0.291
340085,NOVANT HEALTH THOMASVILLE MEDICAL CENTER,NC,THOMASVILLE,Acute Care Hospitals,Voluntary non-profit - Private,3.0,3,0,182.0,0.0,0.0,0.9747,0,Heart failure,0.9873,59,0.315
340013,RUTHERFORD REGIONAL MEDICAL CENTER,NC,RUTHERFORDTON,Acute Care Hospitals,Proprietary,2.0,4,1,228.0,0.0,0.0,0.9799,1,Hip/knee replacement,1.0062,59,0.36
340123,RANDOLPH HOSPITAL,NC,ASHEBORO,Acute Care Hospitals,Voluntary non-profit - Private,4.0,3,0,275.0,0.0,0.0,0.9849,0,Pneumonia,0.9878,59,0.408
340039,IREDELL MEMORIAL HOSPITAL INC,NC,STATESVILLE,Acute Care Hospitals,Voluntary non-profit - Private,3.0,5,1,836.0,0.0,0.0,1.0063,1,Hip/knee replacement,1.1311,59,0.594
340084,ATRIUM HEALTH ANSON,NC,WADESBORO,Acute Care Hospitals,Government - Hospital District or Authority,,1,1,0.0,0.0,0.0,1.0139,1,Pneumonia,1.0139,59,0.656
340041,CALDWELL MEMORIAL HOSPITAL,NC,LENOIR,Acute Care Hospitals,Voluntary non-profit - Other,3.0,5,2,241.0,0.0,0.0,1.028,1,Hip/knee replacement,1.1822,59,0.764
340049,NORTH CAROLINA SPECIALTY HOSPITAL,NC,DURHAM,Acute Care Hospitals,Proprietary,,1,1,0.0,0.0,0.0,1.0611,1,Hip/knee replacement,1.0611,59,0.916
350006,TRINITY HOSPITALS,ND,MINOT,Acute Care Hospitals,Voluntary non-profit - Private,3.0,5,1,969.0,1.0,15334.0,0.9947,1,COPD,1.0529,1,0.497
350015,SANFORD MEDICAL CENTER BISMARCK,ND,BISMARCK,Acute Care Hospitals,Voluntary non-profit - Private,4.0,5,1,1557.0,0.7,10171.0,0.9437,1,Bypass surgery (CABG),1.0694,2,0.166
350011,SANFORD MEDICAL CENTER FARGO,ND,FARGO,Acute Care Hospitals,Voluntary non-profit - Private,4.0,6,1,2281.0,0.2,3476.0,0.9049,1,Bypass surgery (CABG),1.0102,3,0.101
350019,ALTRU HOSPITAL,ND,GRAND FORKS,Acute Care Hospitals,Government - Local,3.0,5,0,1113.0,0.0,0.0,0.8937,0,COPD,0.9442,4,0.093
350002,CHI ST ALEXIUS HEALTH,ND,BISMARCK,Acute Care Hospitals,Voluntary non-profit - Church,4.0,6,1,410.0,0.0,0.0,0.9494,1,Hip/knee replacement,1.0069,4,0.188
350070,ESSENTIA HEALTH,ND,FARGO,Acute Care Hospitals,Voluntary non-profit - Private,3.0,6,1,927.0,0.0,0.0,0.9692,1,Bypass surgery (CABG),1.0793,4,0.279
350063,P H S INDIAN HOSP AT BELCOURT-QUENTIN N BURDICK,ND,BELCOURT,Acute Care Hospitals,Government - Federal,3.0,2,1,0.0,0.0,0.0,1.016,1,COPD,1.0525,4,0.675
280065,GREAT PLAINS HEALTH,NE,NORTH PLATTE,Acute Care Hospitals,Voluntary non-profit - Private,3.0,5,3,668.0,6.0,91654.0,0.9731,1,Pneumonia,1.0915,1,0.303
280132,BELLEVUE MEDICAL CENTER,NE,BELLEVUE,Acute Care Hospitals,Proprietary,4.0,5,5,936.0,5.2,79286.0,1.0427,1,Hip/knee replacement,1.1034,2,0.848
280013,THE NEBRASKA MEDICAL CENTER,NE,OMAHA,Acute Care Hospitals,Voluntary non-profit - Private,4.0,6,2,1240.0,4.8,73393.0,0.9529,1,Heart failure,1.0515,3,0.199
280061,REGIONAL WEST MEDICAL CENTER,NE,SCOTTSBLUFF,Acute Care Hospitals,Voluntary non-profit - Private,2.0,4,2,543.0,3.4,51490.0,1.0185,1,Pneumonia,1.0681,4,0.694
280009,CHI HEALTH GOOD SAMARITAN,NE,KEARNEY,Acute Care Hospitals,Voluntary non-profit - Church,4.0,5,3,258.0,2.4,36549.0,1.0117,1,Heart failure,1.0747,5,0.635
280003,BRYAN MEDICAL CENTER,NE,LINCOLN,Acute Care Hospitals,Voluntary non-profit - Private,3.0,6,2,2790.0,1.9,28303.0,0.9693,1,Hip/knee replacement,1.1985,6,0.279
280077,METHODIST FREMONT HEALTH,NE,FREMONT,Acute Care Hospitals,Voluntary non-profit - Private,2.0,5,2,377.0,1.6,24559.0,1.0074,1,COPD,1.0764,7,0.603
280139,GRAND ISLAND REGIONAL MEDICAL CENTER,NE,GRAND ISLAND,Acute Care Hospitals,Voluntary non-profit - Private,2.0,3,3,137.0,1.2,18560.0,1.0504,1,Pneumonia,1.0803,8,0.877
280081,CHI HEALTH IMMANUEL,NE,OMAHA,Acute Care Hospitals,Voluntary non-profit - Private,3.0,4,2,234.0,1.1,16324.0,1.0059,1,Pneumonia,1.0518,9,0.59
280023,CHI HEALTH ST. FRANCIS,NE,GRAND ISLAND,Acute Care Hospitals,Voluntary non-profit - Church,4.0,4,1,301.0,0.4,6743.0,0.9846,1,Pneumonia,1.022,10,0.405
280134,KEARNEY REGIONAL MEDICAL CENTER,NE,KEARNEY,Acute Care Hospitals,Proprietary,4.0,6,2,352.0,0.4,6290.0,0.9627,1,Hip/knee replacement,1.0963,11,0.241
280020,CHI HEALTH ST. ELIZABETH,NE,LINCOLN,Acute Care Hospitals,Voluntary non-profit - Private,4.0,4,2,269.0,0.3,5362.0,0.9919,1,Pneumonia,1.0112,12,0.466
280111,"COLUMBUS COMMUNITY HOSPITAL, INC",NE,COLUMBUS,Acute Care Hospitals,Voluntary non-profit - Other,3.0,4,1,71.0,0.2,3287.0,0.9609,1,Pneumonia,1.0233,13,0.232
280125,FAITH HEALTH,NE,NORFOLK,Acute Care Hospitals,Voluntary non-profit - Church,3.0,5,2,555.0,0.0,170.0,0.9839,1,Bypass surgery (CABG),1.0734,14,0.396
280059,TWELVE CLANS UNITY HOSPITAL,NE,WINNEBAGO,Acute Care Hospitals,Tribal,,0,0,0.0,0.0,0.0,,0,,,15,0.0
280129,NEBRASKA ORTHOPAEDIC HOSPITAL,NE,OMAHA,Acute Care Hospitals,Physician,,0,0,0.0,0.0,0.0,,0,,,15,0.0
280133,"NEBRASKA SPINE HOSPITAL, LLC",NE,OMAHA,Acute Care Hospitals,Proprietary,,0,0,0.0,0.0,0.0,,0,,,15,0.0
280131,MIDWEST SURGICAL HOSPITAL LLC,NE,OMAHA,Acute Care Hospitals,Physician,,1,0,0.0,0.0,0.0,0.8717,0,Hip/knee replacement,0.8717,15,0.087
280060,CHI HEALTH BERGAN MERCY,NE,OMAHA,Acute Care Hospitals,Voluntary non-profit - Private,4.0,5,0,755.0,0.0,0.0,0.9215,0,COPD,0.9739,15,0.118
280128,CHI HEALTH NEBRASKA HEART,NE,LINCOLN,Acute Care Hospitals,Voluntary non-profit - Private,4.0,3,0,590.0,0.0,0.0,0.9328,0,Heart failure,0.9941,15,0.139
280032,MARY LANNING HEALTHCARE,NE,HASTINGS,Acute Care Hospitals,Voluntary non-profit - Other,2.0,4,0,135.0,0.0,0.0,0.9505,0,COPD,0.9806,15,0.191
280040,THE NEBRASKA METHODIST HOSPITAL,NE,OMAHA,Acute Care Hospitals,Voluntary non-profit - Private,4.0,6,0,2177.0,0.0,0.0,0.963,0,COPD,0.9992,15,0.243
280130,CHI HEALTH LAKESIDE,NE,OMAHA,Acute Care Hospitals,Voluntary non-profit - Church,4.0,5,1,571.0,0.0,0.0,0.9641,1,Hip/knee replacement,1.0459,15,0.25
280105,CHI HEALTH MIDLANDS,NE,PAPILLION,Acute Care Hospitals,Voluntary non-profit - Church,4.0,2,0,0.0,0.0,0.0,0.979,0,Pneumonia,0.9858,15,0.352
280127,LINCOLN SURGICAL HOSPITAL,NE,LINCOLN,Acute Care Hospitals,Proprietary,,1,0,0.0,0.0,0.0,0.9812,0,Hip/knee replacement,0.9812,15,0.372
300018,WENTWORTH-DOUGLASS HOSPITAL,NH,DOVER,Acute Care Hospitals,Voluntary non-profit - Private,4.0,5,2,1352.0,9.4,142629.0,1.0102,1,Pneumonia,1.122,1,0.625
300001,CONCORD HOSPITAL,NH,CONCORD,Acute Care Hospitals,Voluntary non-profit - Private,3.0,6,3,1479.0,8.6,130796.0,1.0076,1,Heart failure,1.079,2,0.604
300029,PORTSMOUTH REGIONAL HOSPITAL,NH,PORTSMOUTH,Acute Care Hospitals,Proprietary,3.0,6,4,1185.0,6.7,102056.0,1.0478,1,Hip/knee replacement,1.1535,3,0.866
300034,CATHOLIC MEDICAL CENTER,NH,MANCHESTER,Acute Care Hospitals,Voluntary non-profit - Private,4.0,6,3,2217.0,3.3,50455.0,0.9823,1,Bypass surgery (CABG),1.0814,4,0.382
300017,PARKLAND MEDICAL CENTER,NH,DERRY,Acute Care Hospitals,Proprietary,4.0,4,3,758.0,2.9,43441.0,1.0185,1,Heart failure,1.0381,5,0.694
300012,ELLIOT HOSPITAL,NH,MANCHESTER,Acute Care Hospitals,Voluntary non-profit - Private,2.0,5,2,1247.0,1.4,22100.0,1.0323,1,Hip/knee replacement,1.2121,6,0.788
300020,SOUTHERN NH MEDICAL CENTER,NH,NASHUA,Acute Care Hospitals,Voluntary non-profit - Private,2.0,5,3,999.0,1.1,17444.0,1.0299,1,Hip/knee replacement,1.1842,7,0.775
300023,EXETER HOSPITAL INC,NH,EXETER,Acute Care Hospitals,Voluntary non-profit - Private,4.0,5,2,855.0,1.0,14966.0,0.9865,1,COPD,1.0428,8,0.424
300014,FRISBIE MEMORIAL HOSPITAL,NH,ROCHESTER,Acute Care Hospitals,Proprietary,3.0,3,3,178.0,0.5,7742.0,1.0229,1,Pneumonia,1.0358,9,0.727
300003,MARY HITCHCOCK MEMORIAL HOSPITAL,NH,LEBANON,Acute Care Hospitals,Voluntary non-profit - Private,3.0,6,1,1915.0,0.4,5499.0,0.9201,1,Pneumonia,1.0068,10,0.117
300011,ST JOSEPH HOSPITAL,NH,NASHUA,Acute Care Hospitals,Voluntary non-profit - Other,4.0,5,1,900.0,0.3,4767.0,0.9442,1,Heart attack,1.035,11,0.168
300005,CONCORD HOSPITAL- LACONIA,NH,LACONIA,Acute Care Hospitals,Voluntary non-profit - Private,3.0,3,1,668.0,0.3,3911.0,0.9852,1,COPD,1.0178,12,0.411
300019,CHESHIRE MEDICAL CENTER,NH,KEENE,Acute Care Hospitals,Voluntary non-profit - Private,4.0,4,0,559.0,0.0,0.0,0.9623,0,Pneumonia,0.9828,13,0.238
310041,COMMUNITY MEDICAL CENTER,NJ,TOMS RIVER,Acute Care Hospitals,Voluntary non-profit - Private,1.0,5,5,3920.0,92.6,1407248.0,1.1122,1,Heart failure,1.1729,1,0.982
310022,WEST JERSEY HOSPITAL,NJ,VOORHEES,Acute Care Hospitals,Voluntary non-profit - Private,3.0,5,4,3190.0,82.5,1254643.0,1.0947,1,Heart failure,1.1999,2,0.971
310086,JEFFERSON STRATFORD HOSPITAL,NJ,STRATFORD,Acute Care Hospitals,Voluntary non-profit - Private,2.0,5,5,2503.0,69.7,1059368.0,1.1551,1,Pneumonia,1.2278,3,0.993
310038,ROBERT WOOD JOHNSON UNIVERSITY HOSPITAL,NJ,NEW BRUNSWICK,Acute Care Hospitals,Voluntary non-profit - Private,2.0,6,4,2715.0,35.3,536695.0,1.1265,1,Bypass surgery (CABG),1.4237,4,0.986
310032,INSPIRA MEDICAL CENTER VINELAND,NJ,VINELAND,Acute Care Hospitals,Voluntary non-profit - Private,3.0,4,4,1588.0,32.7,497373.0,1.0916,1,Pneumonia,1.1596,5,0.968
310048,ROBERT WOOD JOHNSON UNIVERSITY HOSPITAL - SOMERSET,NJ,SOMERVILLE,Acute Care Hospitals,Voluntary non-profit - Private,3.0,5,5,1724.0,30.1,456877.0,1.0956,1,Hip/knee replacement,1.1656,6,0.972
310050,SAINT CLARE'S HOSPITAL/ DENVILLE CAMPUS,NJ,DENVILLE,Acute Care Hospitals,Proprietary,2.0,5,4,1303.0,24.4,370691.0,1.0423,1,Heart failure,1.1984,7,0.845
310069,INSPIRA MEDICAL CENTER MULLICA HILL,NJ,ELMER,Acute Care Hospitals,Voluntary non-profit - Private,3.0,4,2,1766.0,23.9,363032.0,1.0588,1,Heart failure,1.1734,8,0.91
310111,CENTRASTATE MEDICAL CENTER,NJ,FREEHOLD,Acute Care Hospitals,Voluntary non-profit - Private,4.0,4,4,1913.0,23.4,355013.0,1.0639,1,Pneumonia,1.1612,9,0.922
310084,MONMOUTH MEDICAL CENTER-SOUTHERN CAMPUS,NJ,LAKEWOOD,Acute Care Hospitals,Voluntary non-profit - Private,3.0,3,3,808.0,18.6,283189.0,1.1016,1,Pneumonia,1.1871,10,0.976
310019,ST JOSEPH'S UNIVERSITY MEDICAL CENTER INC,NJ,PATERSON,Acute Care Hospitals,Voluntary non-profit - Church,3.0,6,4,1353.0,18.4,279638.0,1.0568,1,Heart failure,1.1666,11,0.901
310014,COOPER UNIVERSITY HOSPITAL,NJ,CAMDEN,Acute Care Hospitals,Voluntary non-profit - Private,2.0,6,4,1575.0,16.0,243086.0,1.0777,1,Hip/knee replacement,1.2401,12,0.951
310110,ROBERT WOOD JOHNSON UNIVERSITY HOSPITAL AT HAMILTON,NJ,HAMILTON,Acute Care Hospitals,Voluntary non-profit - Private,4.0,5,4,984.0,15.9,242467.0,1.0484,1,Pneumonia,1.1214,13,0.869
310064,ATLANTICARE REGIONAL MEDICAL CENTER - CITY CAMPUS,NJ,ATLANTIC CITY,Acute Care Hospitals,Voluntary non-profit - Private,4.0,6,4,2587.0,12.7,192942.0,0.9926,1,Heart attack,1.0682,14,0.473
310060,ST LUKE'S WARREN HOSPITAL,NJ,PHILLIPSBURG,Acute Care Hospitals,Voluntary non-profit - Private,5.0,4,4,742.0,11.1,169165.0,1.0673,1,COPD,1.1051,15,0.931
310010,UNIVERSITY MEDICAL CENTER OF PRINCETON AT PLAINSBORO,NJ,PLAINSBORO,Acute Care Hospitals,Voluntary non-profit - Private,4.0,5,5,1496.0,10.5,160179.0,1.1067,1,Hip/knee replacement,1.3835,16,0.978
310005,HUNTERDON MEDICAL CENTER,NJ,FLEMINGTON,Acute Care Hospitals,Voluntary non-profit - Private,4.0,5,4,1401.0,10.5,159176.0,1.0409,1,Pneumonia,1.111,17,0.839
310045,ENGLEWOOD HOSPITAL AND MEDICAL CENTER,NJ,ENGLEWOOD,Acute Care Hospitals,Voluntary non-profit - Private,4.0,6,4,1968.0,9.4,142829.0,1.0089,1,Hip/knee replacement,1.0994,18,0.614
310039,RARITAN BAY MEDICAL CENTER,NJ,PERTH AMBOY,Acute Care Hospitals,Voluntary non-profit - Private,4.0,4,3,1150.0,9.4,142820.0,1.0221,1,Pneumonia,1.0666,19,0.723
310029,VIRTUA OUR LADY OF LOURDES HOSPITAL,NJ,CAMDEN,Acute Care Hospitals,Government - State,2.0,5,3,1313.0,9.3,141124.0,1.0135,1,Heart failure,1.0706,20,0.652
310076,COOPERMAN BARNABAS MEDICAL CENTER,NJ,LIVINGSTON,Acute Care Hospitals,Voluntary non-profit - Private,3.0,6,5,1881.0,8.7,131765.0,1.0463,1,Heart attack,1.1309,21,0.862
310112,BAYSHORE MEDICAL CENTER,NJ,HOLMDEL,Acute Care Hospitals,Voluntary non-profit - Private,4.0,4,1,1320.0,8.6,129904.0,1.0047,1,Pneumonia,1.0721,22,0.575
310031,DEBORAH HEART AND LUNG CENTER,NJ,BROWNS MILLS,Acute Care Hospitals,Voluntary non-profit - Private,3.0,5,5,880.0,8.4,127494.0,1.0376,1,Bypass surgery (CABG),1.0663,23,0.819
310001,HACKENSACK UNIVERSITY MEDICAL CENTER,NJ,HACKENSACK,Acute Care Hospitals,Voluntary non-profit - Private,5.0,6,1,3167.0,8.3,125899.0,0.9258,1,Pneumonia,1.0375,24,0.126
310006,ST MARY'S GENERAL HOSPITAL,NJ,PASSAIC,Acute Care Hospitals,Proprietary,3.0,4,3,364.0,7.4,111818.0,1.0482,1,Heart failure,1.1529,25,0.868
310011,CAPE REGIONAL MEDICAL CENTER INC,NJ,CAPE MAY COURT HOUSE,Acute Care Hospitals,Voluntary non-profit - Private,3.0,4,3,1136.0,7.3,110508.0,1.0236,1,COPD,1.0526,26,0.732
310003,PALISADES MEDICAL CENTER,NJ,NORTH BERGEN,Acute Care Hospitals,Voluntary non-profit - Private,2.0,3,3,594.0,7.0,106895.0,1.0557,1,Heart failure,1.1131,27,0.897
310115,AHS HOSPITAL CORP,NJ,HACKETTSTOWN,Acute Care Hospitals,Voluntary non-profit - Private,4.0,3,1,735.0,7.0,106421.0,1.0069,1,Pneumonia,1.1302,28,0.598
310108,JFK UNIVERSITY MEDICAL CENTER,NJ,EDISON,Acute Care Hospitals,Voluntary non-profit - Private,3.0,4,2,2070.0,6.5,98734.0,1.0102,1,COPD,1.0483,29,0.625
310025,CAREPOINT HEALTH - BAYONNE MEDICAL CENTER,NJ,BAYONNE,Acute Care Hospitals,Voluntary non-profit - Private,1.0,5,5,553.0,5.8,88845.0,1.0755,1,Hip/knee replacement,1.1393,30,0.947
310034,RIVERVIEW MEDICAL CENTER,NJ,RED BANK,Acute Care Hospitals,Voluntary non-profit - Private,3.0,5,3,1664.0,5.8,87853.0,1.0303,1,Hip/knee replacement,1.1696,31,0.777
310074,JERSEY CITY MEDICAL CENTER,NJ,JERSEY CITY,Acute Care Hospitals,Voluntary non-profit - Private,3.0,5,4,518.0,5.5,84199.0,1.0233,1,Heart failure,1.0968,32,0.729
310054,HACKENSACK MERIDIAN MOUNTAINSIDE MEDICAL,NJ,MONTCLAIR,Acute Care Hospitals,Proprietary,4.0,5,2,1083.0,5.5,83111.0,0.9914,1,Pneumonia,1.0417,33,0.462
310002,NEWARK BETH ISRAEL MEDICAL CENTER,NJ,NEWARK,Acute Care Hospitals,Voluntary non-profit - Private,2.0,5,4,393.0,5.2,79133.0,1.0626,1,Bypass surgery (CABG),1.1405,34,0.92
310070,SAINT PETER'S UNIVERSITY HOSPITAL,NJ,NEW BRUNSWICK,Acute Care Hospitals,Voluntary non-profit - Private,3.0,5,3,842.0,5.1,77406.0,1.0066,1,Pneumonia,1.0735,35,0.597
310044,CAPITAL HEALTH MEDICAL CENTER - HOPEWELL,NJ,PENNINGTON,Acute Care Hospitals,Voluntary non-profit - Private,2.0,5,4,769.0,4.4,67018.0,1.0452,1,Hip/knee replacement,1.0963,36,0.858
310024,ROBERT WOOD JOHNSON UNIVERSITY HOSPITAL AT RAHWAY,NJ,RAHWAY,Acute Care Hospitals,Voluntary non-profit - Private,4.0,4,3,572.0,4.3,65982.0,1.0269,1,Pneumonia,1.0734,37,0.754
310113,SOUTHERN OCEAN MEDICAL CENTER,NJ,MANAHAWKIN,Acute Care Hospitals,Voluntary non-profit - Private,4.0,4,2,1406.0,4.0,61621.0,1.0077,1,COPD,1.0828,38,0.604
310027,TRINITAS REGIONAL MEDICAL CENTER,NJ,ELIZABETH,Acute Care Hospitals,Voluntary non-profit - Private,3.0,3,3,352.0,4.0,61244.0,1.0579,1,Pneumonia,1.102,39,0.907
310083,CAREWELL HEALTH MEDICAL CENTER,NJ,EAST ORANGE,Acute Care Hospitals,Proprietary,1.0,2,2,113.0,3.7,56499.0,1.1467,1,Pneumonia,1.2061,40,0.992
310008,HOLY NAME MEDICAL CENTER,NJ,TEANECK,Acute Care Hospitals,Voluntary non-profit - Private,5.0,5,3,1395.0,3.5,53801.0,0.9899,1,Pneumonia,1.0356,41,0.451
310075,MONMOUTH MEDICAL CENTER,NJ,LONG BRANCH,Acute Care Hospitals,Voluntary non-profit - Private,3.0,5,3,596.0,3.4,51956.0,1.0156,1,Pneumonia,1.0643,42,0.67
310047,SHORE MEDICAL CENTER,NJ,SOMERS POINT,Acute Care Hospitals,Voluntary non-profit - Private,3.0,4,3,1039.0,3.1,47522.0,1.0461,1,Hip/knee replacement,1.1413,43,0.861
310073,JERSEY SHORE UNIVERSITY MEDICAL CENTER,NJ,NEPTUNE,Acute Care Hospitals,Voluntary non-profit - Private,4.0,6,2,4380.0,3.0,45903.0,1.0044,1,Hip/knee replacement,1.0934,44,0.572
310009,CLARA MAASS MEDICAL CENTER,NJ,BELLEVILLE,Acute Care Hospitals,Voluntary non-profit - Private,3.0,4,2,805.0,2.9,43942.0,0.9932,1,Heart failure,1.0401,45,0.481
310061,VIRTUA WILLINGBORO HOSPITAL,NJ,WILLINGBORO,Acute Care Hospitals,Voluntary non-profit - Private,3.0,3,2,390.0,2.7,40505.0,1.0425,1,COPD,1.1118,46,0.846
310052,OCEAN MEDICAL CENTER,NJ,BRICK,Acute Care Hospitals,Voluntary non-profit - Other,4.0,5,3,2785.0,2.1,32288.0,1.0306,1,Hip/knee replacement,1.2375,47,0.779
310040,CAREPOINT HEALTH-HOBOKEN UNIVERSITY MEDICAL CENTER,NJ,HOBOKEN,Acute Care Hospitals,Voluntary non-profit - Church,1.0,3,2,142.0,1.9,28121.0,1.0087,1,Pneumonia,1.0885,48,0.611
310096,SAINT MICHAEL'S MEDICAL CENTER,NJ,NEWARK,Acute Care Hospitals,Voluntary non-profit - Private,4.0,3,3,218.0,1.5,22209.0,1.0267,1,Heart failure,1.0347,49,0.753
310118,HUDSON REGIONAL HOSPITAL,NJ,SECAUCUS,Acute Care Hospitals,Proprietary,2.0,4,3,134.0,1.4,22010.0,1.0011,1,Heart failure,1.1014,50,0.545
310016,HEIGHTS UNIVERSITY HOSPITAL,NJ,JERSEY CITY,Acute Care Hospitals,Voluntary non-profit - Church,2.0,4,3,133.0,0.8,12146.0,1.0133,1,Heart attack,1.0295,51,0.65
310057,VIRTUA MOUNT HOLLY HOSPITAL,NJ,MOUNT HOLLY,Acute Care Hospitals,Voluntary non-profit - Private,3.0,4,2,1147.0,0.7,11177.0,0.972,1,COPD,1.0234,52,0.294
310119,THE UNIVERSITY HOSPITAL,NJ,NEWARK,Acute Care Hospitals,Government - State,1.0,3,2,113.0,0.5,7417.0,1.0215,1,Pneumonia,1.0477,53,0.717
310092,CAPITAL HEALTH REGIONAL MEDICAL CENTER,NJ,TRENTON,Acute Care Hospitals,Voluntary non-profit - Private,2.0,3,2,345.0,0.4,6172.0,1.0047,1,Heart failure,1.0118,54,0.575
310058,BERGEN NEW BRIDGE MEDICAL CENTER,NJ,PARAMUS,Acute Care Hospitals,Voluntary non-profit - Private,,1,1,61.0,0.4,5535.0,1.0355,1,Pneumonia,1.0355,55,0.806
310028,NEWTON MEDICAL CENTER,NJ,NEWTON,Acute Care Hospitals,Voluntary non-profit - Private,4.0,5,2,1388.0,0.1,2013.0,0.9898,1,Hip/knee replacement,1.1369,56,0.449
310012,VALLEY HOSPITAL,NJ,PARAMUS,Acute Care Hospitals,Voluntary non-profit - Private,4.0,6,2,2702.0,0.1,1533.0,1.0079,1,Hip/knee replacement,1.3278,57,0.606
310015,MORRISTOWN MEDICAL CENTER,NJ,MORRISTOWN,Acute Care Hospitals,Voluntary non-profit - Private,5.0,6,0,5202.0,0.0,0.0,0.854,0,COPD,0.9842,58,0.084
310017,CHILTON MEDICAL CENTER,NJ,POMPTON PLAINS,Acute Care Hospitals,Voluntary non-profit - Private,5.0,4,0,1232.0,0.0,0.0,0.8833,0,COPD,0.954,58,0.089
310051,OVERLOOK MEDICAL CENTER,NJ,SUMMIT,Acute Care Hospitals,Voluntary non-profit - Private,5.0,5,0,1968.0,0.0,0.0,0.8987,0,Heart attack,0.9888,58,0.097
310130,HACKENSACK MERIDIAN HEALTH PASCACK VALLEY MEDICAL,NJ,WESTWOOD,Acute Care Hospitals,Proprietary,5.0,4,0,477.0,0.0,0.0,0.936,0,COPD,0.9652,58,0.145
320085,MOUNTAIN VIEW REGIONAL MEDICAL CENTER,NM,LAS CRUCES,Acute Care Hospitals,Proprietary,2.0,5,5,689.0,5.1,78056.0,1.0478,1,Heart attack,1.0825,1,0.866
320009,LOVELACE MEDICAL CENTER,NM,ALBUQUERQUE,Acute Care Hospitals,Proprietary,2.0,6,2,1249.0,2.7,41054.0,0.9669,1,Bypass surgery (CABG),1.066,2,0.266
320018,MEMORIAL MEDICAL CENTER,NM,LAS CRUCES,Acute Care Hospitals,Proprietary,2.0,5,4,518.0,2.0,30799.0,1.025,1,Heart attack,1.0785,3,0.742
320091,THREE CROSSES REGIONAL HOSPITAL LLC,NM,LAS CRUCES,Acute Care Hospitals,Proprietary,3.0,4,3,181.0,2.0,30036.0,0.9858,1,Pneumonia,1.077,4,0.418
320006,EASTERN NEW MEXICO MEDICAL CENTER,NM,ROSWELL,Acute Care Hospitals,Proprietary,1.0,4,3,567.0,1.9,29246.0,1.028,1,Heart attack,1.0705,5,0.764
320005,SAN JUAN REGIONAL MEDICAL CENTER INC,NM,FARMINGTON,Acute Care Hospitals,Voluntary non-profit - Private,2.0,4,1,972.0,1.9,29137.0,0.967,1,COPD,1.0819,6,0.267
320033,LOS ALAMOS MEDICAL CENTER,NM,LOS ALAMOS,Acute Care Hospitals,Proprietary,,2,1,84.0,0.2,2642.0,1.0049,1,Pneumonia,1.0179,7,0.579
320063,CARLSBAD MEDICAL CENTER,NM,CARLSBAD,Acute Care Hospitals,Voluntary non-profit - Other,1.0,4,2,288.0,0.1,1925.0,1.0037,1,Heart attack,1.0137,8,0.566
320004,CHRISTUS SOUTHERN NEW MEXICO,NM,ALAMOGORDO,Acute Care Hospitals,Voluntary non-profit - Private,3.0,5,1,660.0,0.1,1373.0,0.9675,1,Heart attack,1.0078,9,0.27
320001,UNM HOSPITAL,NM,ALBUQUERQUE,Acute Care Hospitals,Government - State,2.0,4,1,411.0,0.0,623.0,0.9838,1,COPD,1.0035,10,0.395
320057,SANTA FE PHS INDIAN HOSPITAL,NM,SANTA FE,Acute Care Hospitals,Government - Federal,,0,0,0.0,0.0,0.0,,0,,,11,0.0
320060,ZUNI COMPREHENSIVE COMMUNITY HEALTH CENTER,NM,ZUNI,Acute Care Hospitals,Government - Federal,,0,0,0.0,0.0,0.0,,0,,,11,0.0
320062,CROWNPOINT HEALTHCARE FACILITY,NM,CROWNPOINT,Acute Care Hospitals,Government - Federal,,0,0,0.0,0.0,0.0,,0,,,11,0.0
320002,CHRISTUS ST VINCENT REGIONAL MEDICAL CENTER,NM,SANTA FE,Acute Care Hospitals,Voluntary non-profit - Private,4.0,4,0,1096.0,0.0,0.0,0.8843,0,COPD,0.9375,11,0.09
320021,PRESBYTERIAN HOSPITAL,NM,ALBUQUERQUE,Acute Care Hospitals,Voluntary non-profit - Private,2.0,6,1,2165.0,0.0,0.0,0.9309,1,Hip/knee replacement,1.0539,11,0.134
320011,PRESBYTERIAN ESPANOLA HOSPITAL,NM,ESPANOLA,Acute Care Hospitals,Voluntary non-profit - Private,,1,0,0.0,0.0,0.0,0.9387,0,Pneumonia,0.9387,11,0.152
320074,LOVELACE WESTSIDE HOSPITAL,NM,ALBUQUERQUE,Acute Care Hospitals,Proprietary,4.0,2,0,0.0,0.0,0.0,0.948,0,Heart failure,0.9548,11,0.182
320065,COVENANT HEALTH HOBBS HOSPITAL,NM,HOBBS,Acute Care Hospitals,Voluntary non-profit - Private,3.0,2,0,0.0,0.0,0.0,0.9786,0,Heart failure,0.9965,11,0.349
320090,PRESBYTERIAN SANTA FE MEDICAL CENTER,NM,SANTA FE,Acute Care Hospitals,Voluntary non-profit - Private,5.0,2,0,0.0,0.0,0.0,0.9821,0,Pneumonia,0.9876,11,0.38
320017,LOVELACE WOMEN'S HOSPITAL,NM,ALBUQUERQUE,Acute Care Hospitals,Proprietary,4.0,2,1,0.0,0.0,0.0,0.9826,1,Pneumonia,1.0053,11,0.383
320022,PLAINS REGIONAL MEDICAL CENTER,NM,CLOVIS,Acute Care Hospitals,Voluntary non-profit - Private,2.0,4,1,178.0,0.0,0.0,0.9847,1,Hip/knee replacement,1.0102,11,0.407
320084,ROOSEVELT GENERAL HOSPITAL,NM,PORTALES,Acute Care Hospitals,Government - Hospital District or Authority,,1,0,0.0,0.0,0.0,0.9894,0,Pneumonia,0.9894,11,0.446
320086,LOVELACE REGIONAL HOSPITAL - ROSWELL,NM,ROSWELL,Acute Care Hospitals,Proprietary,2.0,2,0,0.0,0.0,0.0,0.9925,0,Pneumonia,0.9932,11,0.473
320061,GALLUP INDIAN MEDICAL CENTER,NM,GALLUP,Acute Care Hospitals,Government - Federal,2.0,2,1,0.0,0.0,0.0,0.9953,1,Heart failure,1.0301,11,0.504
320059,NORTHERN NAVAJO MEDICAL CENTER,NM,SHIPROCK,Acute Care Hospitals,Government - Federal,3.0,2,1,0.0,0.0,0.0,1.0198,1,Heart failure,1.0556,11,0.705
320030,ARTESIA GENERAL HOSPITAL,NM,ARTESIA,Acute Care Hospitals,Voluntary non-profit - Private,,3,1,0.0,0.0,0.0,1.034,1,Hip/knee replacement,1.1317,11,0.798
290045,SAINT ROSE DOMINICAN HOSPITALS - SIENA CAMPUS,NV,HENDERSON,Acute Care Hospitals,Voluntary non-profit - Private,3.0,6,2,1803.0,23.2,352755.0,0.9659,1,Pneumonia,1.138,1,0.26
290041,SUMMERLIN HOSPITAL MEDICAL CENTER,NV,LAS VEGAS,Acute Care Hospitals,Proprietary,3.0,5,4,1064.0,18.3,278765.0,1.0594,1,Pneumonia,1.1733,2,0.912
290039,MOUNTAINVIEW HOSPITAL,NV,LAS VEGAS,Acute Care Hospitals,Proprietary,4.0,6,4,2291.0,12.8,194626.0,1.0086,1,Heart attack,1.0993,3,0.611
290057,HENDERSON HOSPITAL,NV,HENDERSON,Acute Care Hospitals,Proprietary,2.0,5,4,1039.0,11.3,172362.0,1.0456,1,Heart failure,1.1084,4,0.859
290003,SUNRISE HOSPITAL AND MEDICAL CENTER,NV,LAS VEGAS,Acute Care Hospitals,Proprietary,2.0,6,4,1288.0,10.7,162691.0,1.0545,1,Bypass surgery (CABG),1.1159,5,0.893
290046,SPRING VALLEY HOSPITAL MEDICAL CENTER,NV,LAS VEGAS,Acute Care Hospitals,Proprietary,3.0,6,3,793.0,9.7,147676.0,1.002,1,Pneumonia,1.0946,6,0.554
290047,SOUTHERN HILLS HOSPITAL AND MEDICAL CENTER,NV,LAS VEGAS,Acute Care Hospitals,Proprietary,4.0,5,1,802.0,8.7,131607.0,0.996,1,Pneumonia,1.1125,7,0.508
290054,CENTENNIAL HILLS HOSPITAL MEDICAL CENTER,NV,LAS VEGAS,Acute Care Hospitals,Proprietary,2.0,5,3,830.0,6.9,104979.0,1.0219,1,Pneumonia,1.0912,8,0.72
290007,UNIVERSITY MEDICAL CENTER,NV,LAS VEGAS,Acute Care Hospitals,Voluntary non-profit - Other,2.0,6,3,429.0,5.6,84760.0,1.0243,1,Heart failure,1.1129,9,0.737
290053,SAINT ROSE DOMINICAN HOSPITALS - SAN MARTIN CAMPUS,NV,LAS VEGAS,Acute Care Hospitals,Voluntary non-profit - Private,4.0,5,3,529.0,3.6,54146.0,1.0313,1,Bypass surgery (CABG),1.1758,10,0.782
290005,NORTH VISTA HOSPITAL,NV,NORTH LAS VEGAS,Acute Care Hospitals,Voluntary non-profit - Private,3.0,3,3,254.0,3.0,45472.0,1.0613,1,Heart failure,1.1121,11,0.917
290021,VALLEY HOSPITAL MEDICAL CENTER,NV,LAS VEGAS,Acute Care Hospitals,Proprietary,2.0,6,4,521.0,2.0,30849.0,1.0336,1,Hip/knee replacement,1.0831,12,0.796
290019,CARSON TAHOE REGIONAL MEDICAL CENTER,NV,CARSON CITY,Acute Care Hospitals,Voluntary non-profit - Private,2.0,5,3,1668.0,1.7,25765.0,0.9822,1,Bypass surgery (CABG),1.1368,13,0.38
290032,NORTHERN NEVADA MEDICAL CENTER,NV,SPARKS,Acute Care Hospitals,Voluntary non-profit - Private,3.0,5,2,356.0,1.0,14652.0,1.0385,1,Hip/knee replacement,1.2523,14,0.824
290009,SAINT MARY'S REGIONAL MEDICAL CENTER,NV,RENO,Acute Care Hospitals,Proprietary,4.0,5,2,962.0,0.7,10200.0,0.9757,1,COPD,1.0248,15,0.324
290001,RENOWN REGIONAL MEDICAL CENTER,NV,RENO,Acute Care Hospitals,Voluntary non-profit - Private,3.0,5,1,2083.0,0.4,5437.0,0.9349,1,Pneumonia,1.0041,16,0.143
290012,SAINT ROSE DOMINICAN HOSPITALS - ROSE DE LIMA,NV,HENDERSON,Acute Care Hospitals,Voluntary non-profit - Private,,0,0,0.0,0.0,0.0,,0,,,17,0.0
290042,HARMON HOSPITAL,NV,LAS VEGAS,Acute Care Hospitals,Proprietary,,0,0,0.0,0.0,0.0,,0,,,17,0.0
290062,WEST HENDERSON HOSPITAL,NV,HENDERSON,Acute Care Hospitals,Proprietary,,0,0,0.0,0.0,0.0,,0,,,17,0.0
290008,NORTHEASTERN NEVADA REGIONAL HOSPITAL,NV,ELKO,Acute Care Hospitals,Proprietary,3.0,5,0,189.0,0.0,0.0,0.9493,0,Heart failure,0.9755,17,0.187
290049,RENOWN SOUTH MEADOWS MEDICAL CENTER,NV,RENO,Acute Care Hospitals,Voluntary non-profit - Private,3.0,4,1,412.0,0.0,0.0,1.0365,1,Hip/knee replacement,1.2152,17,0.811
290058,SAINT ROSE DOMINICAN HOSPITALS - NORTH LAS VEGAS,NV,NORTH LAS VEGAS,Acute Care Hospitals,Proprietary,,1,1,0.0,0.0,0.0,1.0387,1,Pneumonia,1.0387,17,0.825
330194,MAIMONIDES MEDICAL CENTER,NY,BROOKLYN,Acute Care Hospitals,Voluntary non-profit - Private,2.0,6,5,2776.0,86.5,1315568.0,1.0896,1,Pneumonia,1.3011,1,0.965
330140,ST JOSEPH'S HOSPITAL HEALTH CENTER,NY,SYRACUSE,Acute Care Hospitals,Voluntary non-profit - Church,2.0,6,5,2506.0,51.2,778557.0,1.0794,1,Heart failure,1.207,2,0.954
330198,MOUNT SINAI SOUTH NASSAU,NY,OCEANSIDE,Acute Care Hospitals,Voluntary non-profit - Private,3.0,5,3,2377.0,40.0,607582.0,1.0804,1,Hip/knee replacement,1.2584,3,0.955
330019,"NEW YORK COMMUNITY HOSPITAL OF BROOKLYN, INC.",NY,BROOKLYN,Acute Care Hospitals,Voluntary non-profit - Private,1.0,3,3,992.0,35.6,541214.0,1.1778,1,Heart failure,1.2419,4,0.996
330393,SUNY/STONY BROOK UNIVERSITY HOSPITAL,NY,STONY BROOK,Acute Care Hospitals,Government - State,5.0,6,1,5346.0,34.3,520957.0,0.9278,1,Heart failure,1.1051,5,0.129
330196,SOUTH BROOKLYN HEALTH,NY,BROOKLYN,Acute Care Hospitals,Voluntary non-profit - Other,2.0,4,4,1285.0,33.4,508387.0,1.1079,1,Pneumonia,1.198,6,0.979
330106,NORTH SHORE UNIVERSITY HOSPITAL,NY,MANHASSET,Acute Care Hospitals,Voluntary non-profit - Private,5.0,6,3,4856.0,32.4,492722.0,0.9859,1,COPD,1.1017,7,0.419
330158,GOOD SAMARITAN HOSPITAL OF SUFFERN,NY,SUFFERN,Acute Care Hospitals,Voluntary non-profit - Private,3.0,6,4,1795.0,32.3,491245.0,1.0314,1,Pneumonia,1.1515,8,0.783
330057,ST PETER'S HOSPITAL,NY,ALBANY,Acute Care Hospitals,Voluntary non-profit - Private,2.0,6,4,2414.0,32.0,486344.0,1.0664,1,Hip/knee replacement,1.1857,9,0.927
330126,GARNET HEALTH MEDICAL CENTER,NY,MIDDLETOWN,Acute Care Hospitals,Voluntary non-profit - Private,4.0,6,3,2681.0,29.3,444557.0,1.0268,1,Pneumonia,1.1083,10,0.754
330195,LONG ISLAND JEWISH MEDICAL CENTER,NY,NEW HYDE PARK,Acute Care Hospitals,Voluntary non-profit - Private,4.0,5,4,3189.0,28.5,433618.0,1.0239,1,Pneumonia,1.074,11,0.734
330023,VASSAR BROTHERS MEDICAL CENTER,NY,POUGHKEEPSIE,Acute Care Hospitals,Voluntary non-profit - Private,3.0,5,4,2939.0,21.1,320923.0,1.0495,1,Bypass surgery (CABG),1.1125,12,0.874
330104,NYACK HOSPITAL,NY,NYACK,Acute Care Hospitals,Voluntary non-profit - Private,2.0,5,4,1456.0,20.7,314480.0,1.0805,1,Hip/knee replacement,1.2247,13,0.955
330182,ST FRANCIS HOSPITAL - THE HEART CENTER,NY,ROSLYN,Acute Care Hospitals,Voluntary non-profit - Church,5.0,6,2,5547.0,20.6,313427.0,0.9459,1,Heart attack,1.0939,14,0.173
330005,KALEIDA HEALTH,NY,BUFFALO,Acute Care Hospitals,Voluntary non-profit - Private,3.0,6,3,2074.0,19.5,295901.0,1.0028,1,Heart failure,1.1166,15,0.561
330169,MOUNT SINAI BETH ISRAEL,NY,NEW YORK,Acute Care Hospitals,Voluntary non-profit - Private,3.0,4,2,1376.0,17.7,268801.0,1.0604,1,Pneumonia,1.1652,16,0.915
330045,NS/LIJ HS HUNTINGTON HOSPITAL,NY,HUNTINGTON,Acute Care Hospitals,Voluntary non-profit - Private,5.0,5,3,3276.0,17.6,267573.0,0.9734,1,Pneumonia,1.076,17,0.306
330395,ST JOHN'S EPISCOPAL HOSPITAL AT SOUTH SHORE,NY,FAR ROCKAWAY,Acute Care Hospitals,Voluntary non-profit - Private,1.0,3,3,426.0,17.5,265827.0,1.1635,1,Pneumonia,1.3274,18,0.994
330226,UNITY HOSPITAL,NY,ROCHESTER,Acute Care Hospitals,Voluntary non-profit - Private,2.0,5,4,835.0,17.2,261763.0,1.1007,1,Hip/knee replacement,1.1529,19,0.975
330046,MOUNT SINAI WEST,NY,NEW YORK,Acute Care Hospitals,Voluntary non-profit - Church,4.0,6,3,1621.0,15.7,238357.0,1.0312,1,Hip/knee replacement,1.2596,20,0.781
330059,MONTEFIORE MEDICAL CENTER,NY,BRONX,Acute Care Hospitals,Voluntary non-profit - Private,3.0,6,3,2806.0,14.7,222814.0,1.0363,1,COPD,1.1556,21,0.81
330125,ROCHESTER GENERAL HOSPITAL,NY,ROCHESTER,Acute Care Hospitals,Voluntary non-profit - Private,2.0,6,5,993.0,12.4,188382.0,1.0619,1,Pneumonia,1.1211,22,0.918
330028,RICHMOND UNIVERSITY MEDICAL CENTER,NY,STATEN ISLAND,Acute Care Hospitals,Voluntary non-profit - Private,1.0,5,5,510.0,11.6,176000.0,1.0749,1,Pneumonia,1.213,23,0.946
330203,CROUSE HOSPITAL,NY,SYRACUSE,Acute Care Hospitals,Voluntary non-profit - Private,2.0,5,5,1239.0,11.2,170911.0,1.0532,1,Pneumonia,1.1096,24,0.889
330208,ST JOHN'S RIVERSIDE HOSPITAL,NY,YONKERS,Acute Care Hospitals,Voluntary non-profit - Private,3.0,4,2,830.0,10.7,163056.0,1.0044,1,Heart failure,1.1035,25,0.572
330279,MERCY HOSPITAL OF BUFFALO,NY,BUFFALO,Acute Care Hospitals,Voluntary non-profit - Private,2.0,5,4,932.0,10.1,154350.0,1.0437,1,Pneumonia,1.1054,26,0.852
330235,AUBURN  COMMUNITY  HOSPITAL,NY,AUBURN,Acute Care Hospitals,Voluntary non-profit - Private,2.0,4,4,736.0,9.8,148918.0,1.0783,1,Hip/knee replacement,1.1121,27,0.952
330107,PECONIC BAY MEDICAL CENTER,NY,RIVERHEAD,Acute Care Hospitals,Voluntary non-profit - Other,2.0,5,2,2536.0,9.8,148239.0,0.993,1,Heart failure,1.0977,28,0.479
330264,MONTEFIORE ST LUKE'S CORNWALL,NY,NEWBURGH,Acute Care Hospitals,Voluntary non-profit - Private,2.0,5,5,1063.0,9.0,137192.0,1.0398,1,Pneumonia,1.0937,29,0.832
330160,STATEN ISLAND UNIVERSITY HOSPITAL,NY,STATEN ISLAND,Acute Care Hospitals,Voluntary non-profit - Private,3.0,6,4,2545.0,9.0,136060.0,1.0219,1,Hip/knee replacement,1.2066,30,0.72
330014,JAMAICA HOSPITAL MEDICAL CENTER,NY,JAMAICA,Acute Care Hospitals,Voluntary non-profit - Private,1.0,4,4,487.0,7.6,115501.0,1.0579,1,Heart failure,1.1576,31,0.907
330043,NS/LIJ HS SOUTHSIDE HOSPITAL,NY,BAY SHORE,Acute Care Hospitals,Voluntary non-profit - Private,3.0,6,4,2308.0,7.1,107942.0,0.9896,1,Bypass surgery (CABG),1.0593,32,0.448
330027,NASSAU UNIVERSITY MEDICAL CENTER,NY,EAST MEADOW,Acute Care Hospitals,Government - State,1.0,3,3,321.0,6.1,92625.0,1.0907,1,Pneumonia,1.1579,33,0.967
330250,THE UNIVERSITY OF VERMONT HEALTH NETWORK  - CHAMPL,NY,PLATTSBURGH,Acute Care Hospitals,Voluntary non-profit - Private,2.0,5,4,1275.0,5.6,85092.0,1.0048,1,Hip/knee replacement,1.0849,34,0.577
330141,LONG ISLAND COMMUNITY HOSPITAL,NY,PATCHOGUE,Acute Care Hospitals,Voluntary non-profit - Private,4.0,5,2,1425.0,5.3,80553.0,0.9513,1,Pneumonia,1.0282,35,0.196
330030,NEWARK-WAYNE COMMUNITY HOSPITAL,NY,NEWARK,Acute Care Hospitals,Voluntary non-profit - Private,2.0,3,3,297.0,5.2,79044.0,1.0921,1,Pneumonia,1.1873,36,0.969
330009,BRONXCARE HOSPITAL CENTER,NY,BRONX,Acute Care Hospitals,Voluntary non-profit - Private,1.0,3,3,281.0,4.9,74273.0,1.0893,1,Heart failure,1.1867,37,0.964
330184,MONTEFIORE NEW ROCHELLE HOSPITAL,NY,NEW ROCHELLE,Acute Care Hospitals,Voluntary non-profit - Private,1.0,4,3,714.0,4.7,71039.0,1.0318,1,Heart failure,1.068,38,0.786
330304,WHITE PLAINS HOSPITAL CENTER,NY,WHITE PLAINS,Acute Care Hospitals,Voluntary non-profit - Private,5.0,6,3,2835.0,4.6,69302.0,0.971,1,Pneumonia,1.0162,39,0.289
330074,F F THOMPSON HOSPITAL,NY,CANANDAIGUA,Acute Care Hospitals,Voluntary non-profit - Private,2.0,3,3,295.0,4.4,66530.0,1.0714,1,Heart failure,1.1586,40,0.94
330056,BROOKLYN HOSPITAL CENTER - DOWNTOWN CAMPUS,NY,BROOKLYN,Acute Care Hospitals,Voluntary non-profit - Other,2.0,5,5,369.0,4.0,61457.0,1.0456,1,Heart failure,1.0833,41,0.859
330233,BROOKDALE HOSPITAL MEDICAL CENTER,NY,BROOKLYN,Acute Care Hospitals,Voluntary non-profit - Private,1.0,4,3,440.0,4.0,60750.0,1.0123,1,Heart failure,1.1096,42,0.641
330153,ELLIS HOSPITAL,NY,SCHENECTADY,Acute Care Hospitals,Voluntary non-profit - Private,3.0,5,2,1107.0,3.8,57246.0,0.9976,1,COPD,1.0539,43,0.521
330222,SARATOGA HOSPITAL,NY,SARATOGA SPRINGS,Acute Care Hospitals,Voluntary non-profit - Private,3.0,5,2,864.0,3.6,54938.0,0.9931,1,COPD,1.1008,44,0.48
330044,WYNN HOSPITAL,NY,UTICA,Acute Care Hospitals,Voluntary non-profit - Private,1.0,4,3,897.0,3.5,53688.0,1.0137,1,COPD,1.0506,45,0.654
330135,BON SECOURS COMMUNITY HOSPITAL,NY,PORT JERVIS,Acute Care Hospitals,Voluntary non-profit - Private,2.0,3,2,408.0,3.4,51303.0,1.032,1,COPD,1.0772,46,0.786
330218,OSWEGO HOSPITAL,NY,OSWEGO,Acute Care Hospitals,Voluntary non-profit - Private,3.0,3,3,409.0,3.2,48953.0,1.0284,1,Pneumonia,1.0705,47,0.768
330277,CORNING HOSPITAL,NY,CORNING,Acute Care Hospitals,Voluntary non-profit - Private,3.0,3,2,397.0,3.2,48735.0,1.0288,1,Heart failure,1.0999,48,0.769
330164,HIGHLAND HOSPITAL,NY,ROCHESTER,Acute Care Hospitals,Voluntary non-profit - Private,3.0,4,4,643.0,3.1,47634.0,1.0322,1,Hip/knee replacement,1.0468,49,0.787
330175,GUTHRIE CORTLAND REGIONAL MEDICAL CENTER,NY,CORTLAND,Acute Care Hospitals,Voluntary non-profit - Private,3.0,3,2,441.0,3.1,47184.0,1.026,1,Heart failure,1.0916,50,0.748
330058,GENEVA GENERAL HOSPITAL,NY,GENEVA,Acute Care Hospitals,Voluntary non-profit - Other,2.0,4,3,329.0,2.9,44776.0,1.0088,1,Heart failure,1.0807,51,0.613
330162,NORTHERN WESTCHESTER HOSPITAL,NY,MOUNT KISCO,Acute Care Hospitals,Voluntary non-profit - Private,5.0,5,4,891.0,2.9,44517.0,1.0221,1,Hip/knee replacement,1.073,52,0.723
330103,OLEAN GENERAL HOSPITAL,NY,OLEAN,Acute Care Hospitals,Proprietary,1.0,5,3,811.0,2.9,44461.0,1.0171,1,COPD,1.0573,53,0.683
330011,"OUR LADY OF LOURDES MEMORIAL HOSPITAL, INC",NY,BINGHAMTON,Acute Care Hospitals,Voluntary non-profit - Private,3.0,5,3,570.0,2.9,43362.0,1.0263,1,Hip/knee replacement,1.093,54,0.75
330090,ARNOT OGDEN MEDICAL CENTER,NY,ELMIRA,Acute Care Hospitals,Voluntary non-profit - Private,2.0,5,1,727.0,2.8,42622.0,0.9923,1,Heart attack,1.1638,55,0.47
330127,JACOBI MEDICAL CENTER,NY,BRONX,Acute Care Hospitals,Government - Local,2.0,3,2,374.0,2.8,42083.0,1.0097,1,Pneumonia,1.0469,56,0.621
330073,UNITED MEMORIAL MEDICAL CENTER,NY,BATAVIA,Acute Care Hospitals,Voluntary non-profit - Private,2.0,3,3,293.0,2.6,39648.0,1.0491,1,Pneumonia,1.0603,57,0.872
330350,SUNY/DOWNSTATE UNIVERSITY HOSPITAL OF BROOKLYN,NY,BROOKLYN,Acute Care Hospitals,Government - State,1.0,4,2,157.0,2.6,39068.0,1.0285,1,Heart failure,1.1005,58,0.768
330188,MOUNT ST. MARY'S HOSPITAL & HEALTH CENTER,NY,LEWISTON,Acute Care Hospitals,Voluntary non-profit - Private,2.0,3,3,294.0,2.5,38402.0,1.0543,1,Pneumonia,1.1262,59,0.892
330024,MOUNT SINAI HOSPITAL,NY,NEW YORK,Acute Care Hospitals,Voluntary non-profit - Private,4.0,6,2,1978.0,2.5,38319.0,0.9057,1,COPD,1.0378,60,0.102
330197,CANTON-POTSDAM HOSPITAL,NY,POTSDAM,Acute Care Hospitals,Voluntary non-profit - Private,2.0,4,2,489.0,2.4,36190.0,1.0234,1,Heart failure,1.076,61,0.731
330241,UNIVERSITY HOSPITAL S U N Y HEALTH SCIENCE CENTER,NY,SYRACUSE,Acute Care Hospitals,Government - State,3.0,6,3,1131.0,2.2,33663.0,0.9613,1,Pneumonia,1.0198,62,0.234
330078,SISTERS OF CHARITY HOSPITAL,NY,BUFFALO,Acute Care Hospitals,Voluntary non-profit - Private,3.0,3,2,236.0,2.2,33330.0,1.0353,1,Pneumonia,1.0752,63,0.804
330224,HEALTHALLIANCE HOSPITAL MARYS AVENUE CAMPUS,NY,KINGSTON,Acute Care Hospitals,Voluntary non-profit - Private,1.0,5,3,863.0,2.1,32356.0,1.0405,1,Hip/knee replacement,1.1935,64,0.837
330332,CHSLI ST JOSEPH HOSPITAL,NY,BETHPAGE,Acute Care Hospitals,Voluntary non-profit - Private,3.0,5,2,1089.0,2.0,30673.0,0.9879,1,Hip/knee replacement,1.0589,65,0.436
330115,ONEIDA HEALTH HOSPITAL,NY,ONEIDA,Acute Care Hospitals,Voluntary non-profit - Private,2.0,3,3,204.0,1.9,29111.0,1.0551,1,Heart failure,1.1031,66,0.896
330231,QUEENS HOSPITAL CENTER,NY,JAMAICA,Acute Care Hospitals,Voluntary non-profit - Other,2.0,3,2,282.0,1.9,29082.0,1.0119,1,Pneumonia,1.0623,67,0.637
330102,KENMORE MERCY HOSPITAL,NY,KENMORE,Acute Care Hospitals,Voluntary non-profit - Private,3.0,4,2,339.0,1.9,28817.0,1.0289,1,Pneumonia,1.0784,68,0.77
330394,"UNITED HEALTH SERVICES HOSPITALS, INC",NY,BINGHAMTON,Acute Care Hospitals,Voluntary non-profit - Private,2.0,6,3,1181.0,1.8,26865.0,0.9843,1,Pneumonia,1.0215,69,0.4
330234,WESTCHESTER MEDICAL CENTER,NY,VALHALLA,Acute Care Hospitals,Voluntary non-profit - Other,2.0,6,2,1143.0,1.8,26863.0,0.9627,1,Bypass surgery (CABG),1.0917,70,0.241
330240,HARLEM HOSPITAL CENTER,NY,NEW YORK,Acute Care Hospitals,Government - State,2.0,3,3,179.0,1.7,25907.0,1.0424,1,Heart failure,1.0621,71,0.846
330219,ERIE COUNTY MEDICAL CENTER,NY,BUFFALO,Acute Care Hospitals,Voluntary non-profit - Private,2.0,4,2,292.0,1.6,24253.0,0.9757,1,Heart failure,1.0676,72,0.324
330157,SAMARITAN MEDICAL CENTER,NY,WATERTOWN,Acute Care Hospitals,Voluntary non-profit - Private,2.0,3,2,527.0,1.6,23605.0,1.0179,1,COPD,1.0384,73,0.691
330286,GOOD SAMARITAN HOSPITAL MEDICAL CENTER,NY,WEST ISLIP,Acute Care Hospitals,Voluntary non-profit - Private,3.0,6,1,2040.0,1.5,23114.0,0.8888,1,Heart attack,1.0365,74,0.091
330204,BELLEVUE HOSPITAL CENTER,NY,NEW YORK,Acute Care Hospitals,Government - Local,2.0,4,2,112.0,1.5,22119.0,1.0059,1,Heart failure,1.0603,75,0.59
330085,AURELIA OSBORN FOX MEMORIAL HOSPITAL,NY,ONEONTA,Acute Care Hospitals,Voluntary non-profit - Private,3.0,3,2,254.0,1.2,18506.0,1.0159,1,Heart failure,1.0478,76,0.674
330386,GARNET HEALTH  MEDICAL CENTER CATSKILLS,NY,HARRIS,Acute Care Hospitals,Voluntary non-profit - Private,2.0,3,2,407.0,1.2,17637.0,1.0092,1,Heart failure,1.0274,77,0.618
330094,COLUMBIA MEMORIAL HOSPITAL,NY,HUDSON,Acute Care Hospitals,Voluntary non-profit - Private,1.0,4,2,404.0,1.1,17018.0,1.0064,1,Heart failure,1.0346,78,0.595
330215,"ROME MEMORIAL HOSPITAL, INC",NY,ROME,Acute Care Hospitals,Voluntary non-profit - Private,2.0,3,3,301.0,1.1,16963.0,1.0207,1,Heart failure,1.0297,79,0.71
330191,GLENS FALLS HOSPITAL,NY,GLENS FALLS,Acute Care Hospitals,Voluntary non-profit - Private,3.0,4,1,951.0,0.9,13955.0,0.9734,1,Heart attack,1.0826,80,0.306
330239,UPMC CHAUTAUQUA AT WCA,NY,JAMESTOWN,Acute Care Hospitals,Voluntary non-profit - Private,2.0,5,2,423.0,0.8,11974.0,0.9949,1,Pneumonia,1.0234,81,0.5
330013,ALBANY MEDICAL CENTER HOSPITAL,NY,ALBANY,Acute Care Hospitals,Voluntary non-profit - Private,1.0,6,1,1271.0,0.7,9898.0,0.9571,1,COPD,1.0227,82,0.214
330047,St Marys Healthcare,NY,AMSTERDAM,Acute Care Hospitals,Voluntary non-profit - Private,3.0,3,2,433.0,0.6,9562.0,1.0064,1,COPD,1.0274,83,0.595
330399,ST BARNABAS HOSPITAL,NY,BRONX,Acute Care Hospitals,Voluntary non-profit - Private,1.0,2,1,49.0,0.6,9349.0,1.0288,1,Heart failure,1.0618,84,0.769
330119,LENOX HILL HOSPITAL,NY,NEW YORK,Acute Care Hospitals,Voluntary non-profit - Private,5.0,6,1,1337.0,0.6,8895.0,0.9362,1,COPD,1.0325,85,0.146
330396,WOODHULL MEDICAL & MENTAL HEALTH CENTER,NY,BROOKLYN,Acute Care Hospitals,Government - Local,2.0,2,2,57.0,0.5,8218.0,1.0247,1,Heart failure,1.0444,86,0.74
330202,KINGS COUNTY HOSPITAL CENTER,NY,BROOKLYN,Acute Care Hospitals,Government - Local,1.0,3,1,212.0,0.5,8198.0,0.9804,1,Pneumonia,1.0388,87,0.364
330331,PLAINVIEW HOSPITAL,NY,PLAINVIEW,Acute Care Hospitals,Voluntary non-profit - Private,4.0,5,3,1270.0,0.5,7778.0,0.9964,1,Hip/knee replacement,1.0619,88,0.511
330151,ST JAMES HOSPITAL,NY,HORNELL,Acute Care Hospitals,Voluntary non-profit - Private,3.0,3,3,120.0,0.4,6681.0,1.0312,1,COPD,1.0562,89,0.781
330006,ST JOSEPH'S MEDICAL CENTER,NY,YONKERS,Acute Care Hospitals,Voluntary non-profit - Private,1.0,2,2,93.0,0.4,6539.0,1.0297,1,Heart failure,1.0299,90,0.774
330193,FLUSHING HOSPITAL MEDICAL CENTER,NY,FLUSHING,Acute Care Hospitals,Voluntary non-profit - Private,2.0,3,1,453.0,0.4,6451.0,0.9947,1,COPD,1.041,91,0.497
330265,CLIFTON SPRINGS HOSPITAL AND CLINIC,NY,CLIFTON SPRINGS,Acute Care Hospitals,Voluntary non-profit - Private,2.0,2,2,27.0,0.4,6342.0,1.0522,1,Pneumonia,1.085,92,0.885
330055,NEW YORK-PRESBYTERIAN/QUEENS,NY,FLUSHING,Acute Care Hospitals,Voluntary non-profit - Private,5.0,5,1,2087.0,0.4,5487.0,0.9386,1,COPD,1.0095,93,0.152
330065,NIAGARA FALLS MEMORIAL MEDICAL CENTER,NY,NIAGARA FALLS,Acute Care Hospitals,Voluntary non-profit - Private,1.0,4,2,54.0,0.4,5414.0,1.0071,1,Heart attack,1.0526,94,0.6
330276,NATHAN LITTAUER HOSPITAL,NY,GLOVERSVILLE,Acute Care Hospitals,Voluntary non-profit - Private,2.0,3,1,154.0,0.3,5240.0,0.9894,1,COPD,1.0465,95,0.446
330079,ADIRONDACK MEDICAL CENTER - SARANAC LAKE,NY,SARANAC LAKE,Acute Care Hospitals,Voluntary non-profit - Other,4.0,4,2,75.0,0.2,3394.0,0.8923,1,Pneumonia,1.0194,96,0.092
330221,WYCKOFF HEIGHTS MEDICAL CENTER,NY,BROOKLYN,Acute Care Hospitals,Voluntary non-profit - Private,2.0,4,1,243.0,0.2,3300.0,0.991,1,Pneumonia,1.0094,97,0.458
330033,CHENANGO MEMORIAL HOSPITAL,NY,NORWICH,Acute Care Hospitals,Voluntary non-profit - Private,2.0,2,1,92.0,0.1,1235.0,0.9794,1,Pneumonia,1.006,98,0.355
330238,NICHOLAS H NOYES MEMORIAL HOSPITAL,NY,DANSVILLE,Acute Care Hospitals,Voluntary non-profit - Private,3.0,3,1,123.0,0.1,804.0,0.9886,1,Pneumonia,1.003,99,0.44
330060,"CARTHAGE AREA HOSPITAL, INC",NY,,,,,0,0,0.0,0.0,0.0,,0,,,100,0.0
330100,NY EYE AND EAR INFIRMARY OF MOUNT SINAI,NY,NEW YORK,Acute Care Hospitals,Voluntary non-profit - Private,,0,0,0.0,0.0,0.0,,0,,,100,0.0
330405,HELEN HAYES HOSPITAL,NY,WEST HAVERSTRAW,Acute Care Hospitals,Government - State,,0,0,0.0,0.0,0.0,,0,,,100,0.0
330406,SUNNYVIEW HOSPITAL AND REHABILITATION CENTER,NY,SCHENECTADY,Acute Care Hospitals,Voluntary non-profit - Private,,0,0,0.0,0.0,0.0,,0,,,100,0.0
330411,UNITY SPECIALTY HOSPITAL,NY,ROCHESTER,Acute Care Hospitals,Voluntary non-profit - Private,,0,0,0.0,0.0,0.0,,0,,,100,0.0
330270,HOSPITAL FOR SPECIAL SURGERY,NY,NEW YORK,Acute Care Hospitals,Voluntary non-profit - Private,5.0,1,0,3253.0,0.0,0.0,0.6738,0,Hip/knee replacement,0.6738,100,0.075
330214,NYU LANGONE HOSPITALS,NY,NEW YORK,Acute Care Hospitals,Voluntary non-profit - Private,5.0,6,0,11138.0,0.0,0.0,0.856,0,COPD,0.9984,100,0.084
330401,ST CATHERINE OF SIENA HOSPITAL,NY,SMITHTOWN,Acute Care Hospitals,Voluntary non-profit - Church,5.0,4,0,1025.0,0.0,0.0,0.8898,0,COPD,0.9796,100,0.091
330246,ST CHARLES HOSPITAL,NY,PORT JEFFERSON,Acute Care Hospitals,Voluntary non-profit - Church,5.0,4,0,421.0,0.0,0.0,0.9009,0,COPD,0.9606,100,0.098
330101,NEW YORK-PRESBYTERIAN HOSPITAL,NY,NEW YORK,Acute Care Hospitals,Voluntary non-profit - Private,5.0,6,0,7865.0,0.0,0.0,0.9051,0,Heart attack,0.9657,100,0.101
330180,"SAMARITAN HOSPITAL OF TROY, NEW YORK",NY,TROY,Acute Care Hospitals,Voluntary non-profit - Private,3.0,4,0,874.0,0.0,0.0,0.9263,0,Heart attack,0.9419,100,0.127
330267,HUDSON VALLEY HOSPITAL CENTER,NY,CORTLANDT MANOR,Acute Care Hospitals,Voluntary non-profit - Private,5.0,5,0,1073.0,0.0,0.0,0.9301,0,COPD,0.9919,100,0.133
330261,PHELPS HOSPITAL,NY,SLEEPY HOLLOW,Acute Care Hospitals,Voluntary non-profit - Private,4.0,4,0,555.0,0.0,0.0,0.9317,0,Pneumonia,0.9538,100,0.136
330181,NORTHWELL HOSPITAL GLEN COVE,NY,GLEN COVE,Acute Care Hospitals,Voluntary non-profit - Private,5.0,4,1,395.0,0.0,0.0,0.9397,1,Heart attack,1.0359,100,0.154
330205,ST ANTHONY COMMUNITY HOSPITAL,NY,WARWICK,Acute Care Hospitals,Voluntary non-profit - Church,4.0,4,1,280.0,0.0,0.0,0.9399,1,COPD,1.032,100,0.156
330259,MERCY MEDICAL CENTER,NY,ROCKVILLE CENTRE,Acute Care Hospitals,Voluntary non-profit - Church,5.0,5,0,647.0,0.0,0.0,0.9466,0,COPD,0.983,100,0.175
330136,BASSETT HEALTHCARE,NY,COOPERSTOWN,Acute Care Hospitals,Voluntary non-profit - Private,2.0,6,0,853.0,0.0,0.0,0.9498,0,Bypass surgery (CABG),0.9907,100,0.19
330185,JOHN T MATHER MEMORIAL HOSPITAL  OF PORT JEFFERSON,NY,PORT JEFFERSON,Acute Care Hospitals,Voluntary non-profit - Private,5.0,5,0,1657.0,0.0,0.0,0.9515,0,Hip/knee replacement,0.9994,100,0.196
330096,JONES MEMORIAL HOSPITAL,NY,WELLSVILLE,Acute Care Hospitals,Voluntary non-profit - Private,4.0,3,0,83.0,0.0,0.0,0.9538,0,Heart failure,0.9957,100,0.202
330285,STRONG MEMORIAL HOSPITAL,NY,ROCHESTER,Acute Care Hospitals,Voluntary non-profit - Private,3.0,5,1,982.0,0.0,0.0,0.9583,1,Bypass surgery (CABG),1.0096,100,0.22
330307,CAYUGA MEDICAL CENTER AT ITHACA,NY,ITHACA,Acute Care Hospitals,Voluntary non-profit - Private,3.0,5,0,423.0,0.0,0.0,0.9621,0,COPD,0.9937,100,0.238
330273,PUTNAM HOSPITAL CENTER,NY,CARMEL,Acute Care Hospitals,Voluntary non-profit - Private,3.0,4,1,529.0,0.0,0.0,0.9679,1,Hip/knee replacement,1.036,100,0.272
330086,MONTEFIORE MOUNT VERNON HOSPITAL,NY,MOUNT VERNON,Acute Care Hospitals,Voluntary non-profit - Private,3.0,1,0,0.0,0.0,0.0,0.969,0,Pneumonia,0.969,100,0.278
330199,METROPOLITAN HOSPITAL CENTER,NY,NEW YORK,Acute Care Hospitals,Government - Local,3.0,1,0,0.0,0.0,0.0,0.977,0,Heart failure,0.977,100,0.335
330128,ELMHURST HOSPITAL CENTER,NY,ELMHURST,Acute Care Hospitals,Government - Local,2.0,4,1,298.0,0.0,0.0,0.9799,1,Heart attack,1.0082,100,0.36
330080,LINCOLN MEDICAL & MENTAL HEALTH CENTER,NY,BRONX,Acute Care Hospitals,Government - Local,2.0,2,0,65.0,0.0,0.0,0.9806,0,Heart failure,0.9848,100,0.365
330049,NORTHERN DUTCHESS HOSPITAL,NY,RHINEBECK,Acute Care Hospitals,Voluntary non-profit - Private,4.0,4,1,711.0,0.0,0.0,0.9815,1,Hip/knee replacement,1.0462,100,0.374
330166,"WESTFIELD MEMORIAL HOSPITAL, INC",NY,WESTFIELD,Acute Care Hospitals,Voluntary non-profit - Private,,1,0,0.0,0.0,0.0,0.9932,0,Pneumonia,0.9932,100,0.481
330111,BERTRAND CHAFFEE HOSPITAL,NY,SPRINGVILLE,Acute Care Hospitals,Voluntary non-profit - Private,,1,0,0.0,0.0,0.0,0.9947,0,Pneumonia,0.9947,100,0.497
330229,"BROOKS-TLC HOSPITAL SYSTEM, INC",NY,DUNKIRK,Acute Care Hospitals,Voluntary non-profit - Private,1.0,3,2,0.0,0.0,0.0,0.996,1,COPD,1.0069,100,0.508
360112,MERCY ST VINCENT MEDICAL CENTER,OH,TOLEDO,Acute Care Hospitals,Voluntary non-profit - Church,3.0,6,4,2140.0,25.4,385993.0,1.0634,1,Bypass surgery (CABG),1.2141,1,0.921
360360,SOIN MEDICAL CENTER,OH,BEAVER CREEK,Acute Care Hospitals,Voluntary non-profit - Private,4.0,4,3,975.0,21.9,332484.0,1.0909,1,Heart failure,1.2443,2,0.967
360079,KETTERING HEALTH MAIN CAMPUS,OH,KETTERING,Acute Care Hospitals,Voluntary non-profit - Church,3.0,5,3,1476.0,19.6,297135.0,1.0507,1,Bypass surgery (CABG),1.1657,3,0.878
360155,SOUTHWEST GENERAL HEALTH CENTER,OH,MIDDLEBURG HEIGHTS,Acute Care Hospitals,Voluntary non-profit - Private,4.0,5,4,1628.0,19.1,290149.0,1.091,1,Hip/knee replacement,1.1614,4,0.968
360179,BETHESDA NORTH,OH,CINCINNATI,Acute Care Hospitals,Voluntary non-profit - Church,3.0,6,5,2441.0,18.8,286283.0,1.0674,1,Hip/knee replacement,1.2344,5,0.931
360051,MIAMI VALLEY HOSPITAL,OH,DAYTON,Acute Care Hospitals,Voluntary non-profit - Private,3.0,6,4,2395.0,18.8,285914.0,1.0707,1,Hip/knee replacement,1.1904,6,0.937
360359,UNIVERSITY HOSPITALS AHUJA MEDICAL CENTER,OH,BEACHWOOD,Acute Care Hospitals,Voluntary non-profit - Private,3.0,6,4,1185.0,17.1,259311.0,1.0061,1,Pneumonia,1.101,7,0.592
360354,WEST CHESTER HOSPITAL,OH,WEST CHESTER,Acute Care Hospitals,Voluntary non-profit - Private,3.0,5,3,989.0,16.0,242685.0,1.0281,1,Heart failure,1.2312,8,0.766
360276,HMHP ST ELIZABETH BOARDMAN HEALTH CENTER,OH,BOARDMAN,Acute Care Hospitals,Voluntary non-profit - Church,2.0,4,3,1155.0,14.5,220149.0,1.0438,1,Pneumonia,1.0866,9,0.853
360064,MH ST ELIZABETH YOUNGSTOWN HOSPITAL,OH,YOUNGSTOWN,Acute Care Hospitals,Voluntary non-profit - Church,3.0,5,3,1450.0,14.4,218598.0,1.0251,1,Heart failure,1.0996,10,0.743
360098,LAKE HEALTH,OH,CONCORD,Acute Care Hospitals,Voluntary non-profit - Private,3.0,6,3,1460.0,12.2,185357.0,1.0212,1,Heart failure,1.1025,11,0.715
360180,CLEVELAND CLINIC,OH,CLEVELAND,Acute Care Hospitals,Voluntary non-profit - Private,4.0,6,3,3057.0,11.1,168313.0,0.9431,1,Pneumonia,1.0817,12,0.165
360145,UNIVERSITY HOSPITALS - ELYRIA MEDICAL CENTER,OH,ELYRIA,Acute Care Hospitals,Voluntary non-profit - Private,4.0,6,4,909.0,10.5,159530.0,1.0126,1,Heart failure,1.1,13,0.645
360077,FAIRVIEW HOSPITAL,OH,CLEVELAND,Acute Care Hospitals,Voluntary non-profit - Private,5.0,6,3,1793.0,10.0,152423.0,0.9908,1,Pneumonia,1.1121,14,0.456
360125,ASHTABULA COUNTY MEDICAL CENTER,OH,ASHTABULA,Acute Care Hospitals,Voluntary non-profit - Private,3.0,4,4,613.0,9.9,151000.0,1.0566,1,Heart failure,1.128,15,0.899
360035,MOUNT CARMEL EAST & WEST,OH,COLUMBUS,Acute Care Hospitals,Voluntary non-profit - Private,2.0,6,4,1591.0,9.2,139376.0,1.022,1,Pneumonia,1.0974,16,0.722
360234,MERCY HEALTH - WEST HOSPITAL,OH,CINCINNATI,Acute Care Hospitals,Voluntary non-profit - Private,4.0,5,4,1088.0,9.1,138276.0,1.0417,1,Heart attack,1.0993,17,0.843
360059,METROHEALTH SYSTEM,OH,CLEVELAND,Acute Care Hospitals,Voluntary non-profit - Other,3.0,4,3,706.0,8.4,127964.0,1.0337,1,Pneumonia,1.0878,18,0.796
360041,PARMA COMMUNITY GENERAL HOSPITAL,OH,PARMA,Acute Care Hospitals,Voluntary non-profit - Private,4.0,5,4,1243.0,8.4,127014.0,1.0595,1,Bypass surgery (CABG),1.1793,19,0.913
360070,MERCY MEDICAL CENTER,OH,CANTON,Acute Care Hospitals,Voluntary non-profit - Private,3.0,6,3,963.0,8.2,124496.0,0.9982,1,Heart failure,1.1138,20,0.527
360147,MARIETTA MEMORIAL HOSPITAL,OH,MARIETTA,Acute Care Hospitals,Voluntary non-profit - Other,3.0,4,2,1157.0,7.6,115026.0,1.0182,1,COPD,1.0755,21,0.693
360020,SUMMA HEALTH SYSTEM,OH,AKRON,Acute Care Hospitals,Voluntary non-profit - Private,3.0,6,4,1441.0,7.4,113089.0,1.0573,1,Heart attack,1.1357,22,0.903
360009,LIMA MEMORIAL HEALTH SYSTEM,OH,LIMA,Acute Care Hospitals,Voluntary non-profit - Other,3.0,5,4,880.0,7.3,111129.0,1.0503,1,Heart attack,1.1246,23,0.877
360211,TRINITY MEDICAL CTR EAST &TRINITY MEDICAL CTR WEST,OH,STEUBENVILLE,Acute Care Hospitals,Voluntary non-profit - Other,2.0,6,5,647.0,7.2,110142.0,1.0386,1,Heart failure,1.0895,24,0.824
360096,EAST LIVERPOOL CITY HOSPITAL,OH,EAST LIVERPOOL,Acute Care Hospitals,Voluntary non-profit - Private,3.0,4,4,414.0,7.2,108952.0,1.0602,1,Heart failure,1.1227,25,0.915
360133,KETTERING HEALTH DAYTON,OH,DAYTON,Acute Care Hospitals,Voluntary non-profit - Other,4.0,6,5,982.0,7.0,106566.0,1.0615,1,Heart attack,1.1633,26,0.917
360143,MARYMOUNT HOSPITAL,OH,GARFIELD HEIGHTS,Acute Care Hospitals,Voluntary non-profit - Private,5.0,4,2,800.0,6.6,100138.0,1.0147,1,Pneumonia,1.1201,27,0.662
360017,GRANT MEDICAL CENTER,OH,COLUMBUS,Acute Care Hospitals,Voluntary non-profit - Church,2.0,6,2,796.0,6.1,93064.0,1.0116,1,Heart failure,1.0624,28,0.634
360011,MARION GENERAL HOSPITAL,OH,MARION,Acute Care Hospitals,Voluntary non-profit - Private,4.0,4,1,1013.0,6.0,91593.0,0.9981,1,Heart failure,1.071,29,0.525
360239,KETTERING HEALTH MIAMISBURG,OH,MIAMISBURG,Acute Care Hospitals,Voluntary non-profit - Church,4.0,3,3,545.0,6.0,91373.0,1.0389,1,Heart failure,1.0927,30,0.826
360218,LICKING MEMORIAL HOSPITAL,OH,NEWARK,Acute Care Hospitals,Voluntary non-profit - Private,2.0,5,3,776.0,6.0,90869.0,1.0067,1,Heart failure,1.0658,31,0.597
360008,SOUTHERN OHIO MEDICAL CENTER,OH,PORTSMOUTH,Acute Care Hospitals,Voluntary non-profit - Other,4.0,6,1,1117.0,5.5,82936.0,0.9534,1,Heart failure,1.0566,32,0.202
360144,SOUTH POINTE HOSPITAL,OH,WARRENSVILLE HEIGHTS,Acute Care Hospitals,Voluntary non-profit - Other,5.0,3,2,541.0,5.4,82460.0,1.031,1,Heart failure,1.0687,33,0.78
360163,CHRIST HOSPITAL,OH,CINCINNATI,Acute Care Hospitals,Voluntary non-profit - Private,5.0,6,3,2080.0,5.3,80454.0,0.9861,1,Pneumonia,1.0576,34,0.421
360072,FAIRFIELD MEDICAL CENTER,OH,LANCASTER,Acute Care Hospitals,Voluntary non-profit - Other,2.0,6,5,953.0,5.3,79919.0,1.1378,1,Hip/knee replacement,1.6297,35,0.99
360078,UNIVERSITY HOSPITALS PORTAGE MEDICAL CENTER,OH,RAVENNA,Acute Care Hospitals,Voluntary non-profit - Private,3.0,4,2,472.0,5.1,78087.0,1.0317,1,Heart failure,1.1039,36,0.785
360065,FISHER-TITUS HOSPITAL,OH,NORWALK,Acute Care Hospitals,Voluntary non-profit - Private,4.0,5,2,476.0,5.0,75408.0,1.0114,1,Heart failure,1.0921,37,0.632
360056,MERCY HEALTH - FAIRFIELD HOSPITAL,OH,FAIRFIELD,Acute Care Hospitals,Voluntary non-profit - Private,3.0,6,4,1053.0,4.8,73432.0,0.9979,1,Bypass surgery (CABG),1.0415,38,0.523
360137,UH CLEVELAND MEDICAL CENTER,OH,CLEVELAND,Acute Care Hospitals,Voluntary non-profit - Private,3.0,6,4,753.0,4.8,72229.0,1.042,1,Hip/knee replacement,1.1424,39,0.843
360174,UPPER VALLEY MEDICAL CENTER,OH,TROY,Acute Care Hospitals,Voluntary non-profit - Private,4.0,4,3,600.0,4.6,70561.0,1.037,1,Heart failure,1.0754,40,0.814
360172,MERCY REGIONAL MEDICAL CENTER,OH,LORAIN,Acute Care Hospitals,Voluntary non-profit - Private,2.0,5,4,669.0,4.4,66947.0,1.0339,1,COPD,1.0802,41,0.797
360003,"UNIVERSITY OF CINCINNATI MEDICAL CENTER, LLC",OH,CINCINNATI,Acute Care Hospitals,Voluntary non-profit - Private,3.0,6,3,557.0,4.3,66137.0,0.9783,1,Pneumonia,1.125,42,0.346
360159,ADENA REGIONAL MEDICAL CENTER,OH,CHILLICOTHE,Acute Care Hospitals,Voluntary non-profit - Private,3.0,6,3,1078.0,4.2,63001.0,0.9849,1,Heart attack,1.1109,43,0.408
360118,OHIOHEALTH MANSFIELD HOSPITAL,OH,MANSFIELD,Acute Care Hospitals,Voluntary non-profit - Private,3.0,5,1,1375.0,4.1,61865.0,0.9896,1,Heart attack,1.1455,44,0.448
360055,INSIGHT HOSPITAL AND MEDICAL CENTER TRUMBULL,OH,WARREN,Acute Care Hospitals,Proprietary,2.0,4,4,667.0,4.0,61212.0,1.0369,1,COPD,1.0508,45,0.814
360123,UH ST JOHN MEDICAL CENTER,OH,WESTLAKE,Acute Care Hospitals,Voluntary non-profit - Private,4.0,5,2,899.0,3.6,54848.0,0.9923,1,COPD,1.051,46,0.47
360086,SPRINGFIELD REGIONAL MEDICAL CENTER,OH,SPRINGFIELD,Acute Care Hospitals,Voluntary non-profit - Private,4.0,5,3,914.0,3.3,49664.0,1.0101,1,Heart attack,1.1195,47,0.623
360016,THE JEWISH HOSPITAL-MERCY HEALTH,OH,CINCINNATI,Acute Care Hospitals,Voluntary non-profit - Private,4.0,6,4,826.0,3.1,47704.0,1.072,1,Hip/knee replacement,1.3086,48,0.941
360364,CLEVELAND CLINIC AVON HOSPITAL,OH,AVON,Acute Care Hospitals,Voluntary non-profit - Private,5.0,4,3,1112.0,2.8,43006.0,1.0071,1,Pneumonia,1.0313,49,0.6
360236,MERCY HEALTH - CLERMONT HOSPITAL,OH,BATAVIA,Acute Care Hospitals,Voluntary non-profit - Church,4.0,3,2,643.0,2.6,40014.0,0.9949,1,Pneumonia,1.0397,50,0.5
360089,MERCY HEALTH - TIFFIN HOSPITAL,OH,TIFFIN,Acute Care Hospitals,Voluntary non-profit - Church,3.0,3,1,379.0,2.6,39000.0,1.0006,1,Heart failure,1.0702,51,0.539
360001,MERCY HEALTH-ANDERSON HOSPITAL,OH,CINCINNATI,Acute Care Hospitals,Voluntary non-profit - Private,4.0,6,2,1141.0,2.4,36971.0,1.0072,1,Bypass surgery (CABG),1.147,52,0.601
360080,EAST OHIO REGIONAL HOSPITAL,OH,MARTINS FERRY,Acute Care Hospitals,Voluntary non-profit - Other,2.0,3,2,145.0,2.3,35207.0,1.0515,1,Pneumonia,1.1155,53,0.883
360170,BERGER HOSPITAL,OH,CIRCLEVILLE,Acute Care Hospitals,Government - Local,3.0,3,2,246.0,2.3,34158.0,1.0109,1,Heart failure,1.1053,54,0.628
360152,DOCTORS HOSPITAL,OH,COLUMBUS,Acute Care Hospitals,Voluntary non-profit - Church,4.0,4,2,452.0,2.2,34127.0,1.0003,1,Pneumonia,1.0609,55,0.537
360076,ATRIUM MEDICAL CENTER,OH,FRANKLIN,Acute Care Hospitals,Voluntary non-profit - Private,4.0,5,3,767.0,2.1,31114.0,1.027,1,Bypass surgery (CABG),1.0995,56,0.755
360006,RIVERSIDE METHODIST HOSPITAL,OH,COLUMBUS,Acute Care Hospitals,Voluntary non-profit - Private,4.0,6,2,2737.0,1.9,28605.0,0.9337,1,Hip/knee replacement,1.0242,57,0.14
360075,UH REGIONAL HOSPITALS,OH,CHARDON,Acute Care Hospitals,Proprietary,4.0,4,2,789.0,1.7,25225.0,0.9758,1,Pneumonia,1.0334,58,0.326
360085,OHIO STATE UNIVERSITY STATE HEALTH SYSTEM,OH,COLUMBUS,Acute Care Hospitals,Government - State,3.0,6,3,1948.0,1.6,24551.0,0.9889,1,Hip/knee replacement,1.0735,59,0.442
360132,FORT HAMILTON HUGHES MEMORIAL HOSPITAL,OH,HAMILTON,Acute Care Hospitals,Voluntary non-profit - Private,3.0,4,2,661.0,1.5,22791.0,1.0137,1,COPD,1.1044,60,0.654
360046,MCCULLOUGH-HYDE MEMORIAL HOSPITAL,OH,OXFORD,Acute Care Hospitals,Voluntary non-profit - Private,3.0,4,3,160.0,1.4,21692.0,1.03,1,Pneumonia,1.0743,61,0.776
360014,OHIOHEALTH O'BLENESS HOSPITAL,OH,ATHENS,Acute Care Hospitals,Voluntary non-profit - Other,3.0,3,1,381.0,1.4,21251.0,0.9922,1,Pneumonia,1.0388,62,0.469
360010,UNION HOSPITAL,OH,DOVER,Acute Care Hospitals,Voluntary non-profit - Other,3.0,3,1,542.0,1.3,20361.0,1.0034,1,COPD,1.0867,63,0.564
360259,BAY PARK COMMUNITY HOSPITAL,OH,OREGON,Acute Care Hospitals,Voluntary non-profit - Other,3.0,3,2,323.0,1.2,18730.0,1.0279,1,Pneumonia,1.0431,64,0.763
360175,TRIHEALTH CLINTON REGIONAL HOSPITAL,OH,WILMINGTON,Acute Care Hospitals,Government - Local,2.0,4,3,194.0,1.2,18446.0,1.0288,1,Heart failure,1.0797,65,0.769
360048,UNIVERSITY OF TOLEDO MEDICAL CENTER,OH,TOLEDO,Acute Care Hospitals,Government - State,3.0,5,4,429.0,1.2,17879.0,1.0211,1,Bypass surgery (CABG),1.0768,66,0.713
360040,KNOX COMMUNITY HOSPITAL,OH,MOUNT VERNON,Acute Care Hospitals,Voluntary non-profit - Other,3.0,4,2,514.0,1.1,16742.0,0.9853,1,Heart failure,1.0294,67,0.413
360134,GOOD SAMARITAN HOSPITAL,OH,CINCINNATI,Acute Care Hospitals,Voluntary non-profit - Private,4.0,5,2,755.0,1.1,16428.0,1.0054,1,Heart attack,1.0845,68,0.583
360230,HILLCREST HOSPITAL,OH,MAYFIELD HEIGHTS,Acute Care Hospitals,Voluntary non-profit - Private,5.0,6,3,2543.0,1.0,15229.0,0.9857,1,Bypass surgery (CABG),1.0223,69,0.417
360002,UNIVERSITY HOSPITALS SAMARITAN MEDICAL CENTER,OH,ASHLAND,Acute Care Hospitals,Voluntary non-profit - Other,4.0,3,3,350.0,1.0,15006.0,1.0178,1,Heart failure,1.0251,70,0.69
360012,MOUNT CARMEL ST ANN'S,OH,WESTERVILLE,Acute Care Hospitals,Voluntary non-profit - Private,3.0,5,2,788.0,1.0,14732.0,0.9947,1,Hip/knee replacement,1.0676,71,0.497
360025,FIRELANDS REGIONAL MEDICAL CENTER,OH,SANDUSKY,Acute Care Hospitals,Voluntary non-profit - Private,4.0,4,2,888.0,0.9,13711.0,0.9896,1,COPD,1.0271,72,0.448
360150,SUMMA WESTERN RESERVE HOSPITAL,OH,CUYAHOGA FALLS,Acute Care Hospitals,Voluntary non-profit - Other,3.0,3,3,199.0,0.8,12651.0,1.0258,1,COPD,1.0392,73,0.746
360082,EUCLID HOSPITAL,OH,EUCLID,Acute Care Hospitals,Voluntary non-profit - Other,4.0,4,2,346.0,0.7,11256.0,1.0155,1,Hip/knee replacement,1.0471,74,0.669
360107,BELLEVUE HOSPITAL,OH,BELLEVUE,Acute Care Hospitals,Voluntary non-profit - Other,4.0,3,1,154.0,0.7,11213.0,0.993,1,Pneumonia,1.0594,75,0.479
360036,WOOSTER COMMUNITY HOSPITAL,OH,WOOSTER,Acute Care Hospitals,Government - Local,4.0,5,2,474.0,0.6,9176.0,0.9844,1,COPD,1.0335,76,0.402
360029,WOOD COUNTY HOSPITAL,OH,BOWLING GREEN,Acute Care Hospitals,Voluntary non-profit - Private,4.0,4,3,193.0,0.5,7563.0,1.0296,1,Hip/knee replacement,1.0925,77,0.773
360095,BLANCHARD VALLEY HOSPITAL,OH,FINDLAY,Acute Care Hospitals,Voluntary non-profit - Other,3.0,6,3,838.0,0.4,6738.0,0.9991,1,Hip/knee replacement,1.1313,78,0.531
360121,COMMUNITY HOSPITALS AND WELLNESS CENTERS,OH,BRYAN,Acute Care Hospitals,Voluntary non-profit - Other,3.0,4,3,88.0,0.4,5574.0,0.9867,1,Heart failure,1.0229,79,0.425
360039,GENESIS HOSPITAL,OH,ZANESVILLE,Acute Care Hospitals,Voluntary non-profit - Private,5.0,5,1,1554.0,0.4,5471.0,0.9551,1,COPD,1.0092,80,0.206
360189,MADISON HEALTH,OH,LONDON,Acute Care Hospitals,Voluntary non-profit - Private,3.0,2,1,40.0,0.4,5403.0,1.0243,1,Heart failure,1.0497,81,0.737
360109,COSHOCTON REGIONAL MEDICAL CENTER,OH,COSHOCTON,Acute Care Hospitals,Voluntary non-profit - Private,4.0,2,1,211.0,0.3,4472.0,0.9782,1,Heart failure,1.0179,82,0.345
360365,AVITA ONTARIO,OH,ONTARIO,Acute Care Hospitals,Voluntary non-profit - Private,4.0,4,1,133.0,0.3,4176.0,0.9912,1,Heart failure,1.0286,83,0.46
360084,AULTMAN HOSPITAL,OH,CANTON,Acute Care Hospitals,Voluntary non-profit - Other,4.0,5,1,1456.0,0.3,3963.0,0.9342,1,Heart attack,1.0072,84,0.141
360026,KETTERING HEALTH GREENE MEMORIAL,OH,XENIA,Acute Care Hospitals,Voluntary non-profit - Private,5.0,2,1,50.0,0.2,2500.0,0.9917,1,Heart failure,1.0171,85,0.465
360156,MEMORIAL HOSPITAL,OH,FREMONT,Acute Care Hospitals,Voluntary non-profit - Other,4.0,3,2,197.0,0.1,1842.0,0.9995,1,COPD,1.0132,86,0.534
360161,MH ST JOSEPH WARREN HOSPITAL,OH,WARREN,Acute Care Hospitals,Voluntary non-profit - Private,3.0,5,2,634.0,0.1,1310.0,1.0153,1,Hip/knee replacement,1.1181,87,0.666
360270,MERCY HEALTH - DEFIANCE HOSPITAL,OH,DEFIANCE,Acute Care Hospitals,Proprietary,4.0,3,1,311.0,0.1,1160.0,0.983,1,Heart failure,1.0031,88,0.387
360013,WILSON MEMORIAL HOSPITAL,OH,SIDNEY,Acute Care Hospitals,Voluntary non-profit - Private,2.0,4,3,66.0,0.1,737.0,0.9948,1,Heart attack,1.0196,89,0.499
360245,GLENBEIGH HEALTH SOURCES,OH,ROCK CREEK,Acute Care Hospitals,Proprietary,,0,0,0.0,0.0,0.0,,0,,,90,0.0
360355,OHIO VALLEY SURGICAL HOSPITAL,OH,SPRINGFIELD,Acute Care Hospitals,Voluntary non-profit - Private,,0,0,0.0,0.0,0.0,,0,,,90,0.0
360358,DILEY RIDGE MEDICAL CENTER,OH,CANAL WINCHESTER,Acute Care Hospitals,Voluntary non-profit - Private,,0,0,0.0,0.0,0.0,,0,,,90,0.0
360361,KINGS DAUGHTERS MEDICAL CENTER OHIO,OH,PORTSMOUTH,Acute Care Hospitals,Voluntary non-profit - Private,,0,0,0.0,0.0,0.0,,0,,,90,0.0
360367,LAKE HEALTH BEACHWOOD MEDICAL CENTER,OH,BEACHWOOD,Acute Care Hospitals,Proprietary,,0,0,0.0,0.0,0.0,,0,,,90,0.0
360374,MERCY HEALTH KINGS MILLS HOSPITAL LLC,OH,MASON,Acute Care Hospitals,Voluntary non-profit - Private,,0,0,0.0,0.0,0.0,,0,,,90,0.0
360375,MOUNT CARMEL DUBLIN,OH,DUBLIN,Acute Care Hospitals,Voluntary non-profit - Church,,0,0,0.0,0.0,0.0,,0,,,90,0.0
360266,MOUNT CARMEL NEW ALBANY SURGICAL HOSPITAL,OH,NEW ALBANY,Acute Care Hospitals,Proprietary,,1,0,0.0,0.0,0.0,0.7567,0,Hip/knee replacement,0.7567,90,0.078
360351,CRYSTAL CLINIC ORTHOPAEDIC CENTER,OH,AKRON,Acute Care Hospitals,Proprietary,5.0,1,0,969.0,0.0,0.0,0.8468,0,Hip/knee replacement,0.8468,90,0.083
360263,INSTITUTE FOR ORTHOPAEDIC SURGERY,OH,LIMA,Acute Care Hospitals,Proprietary,,1,0,373.0,0.0,0.0,0.8619,0,Hip/knee replacement,0.8619,90,0.085
360352,SURGICAL HOSPITAL AT SOUTHWOODS,OH,YOUNGSTOWN,Acute Care Hospitals,Proprietary,4.0,1,0,0.0,0.0,0.0,0.9309,0,Hip/knee replacement,0.9309,90,0.134
360071,VAN WERT COUNTY HOSPITAL,OH,VAN WERT,Acute Care Hospitals,Voluntary non-profit - Private,5.0,3,1,0.0,0.0,0.0,0.9471,1,Heart failure,1.0104,90,0.178
360131,ALLIANCE COMMUNITY HOSPITAL,OH,ALLIANCE,Acute Care Hospitals,Voluntary non-profit - Private,4.0,3,0,0.0,0.0,0.0,0.9556,0,Pneumonia,0.9629,90,0.209
360027,AKRON GENERAL MEDICAL CENTER,OH,AKRON,Acute Care Hospitals,Voluntary non-profit - Private,5.0,6,1,1643.0,0.0,0.0,0.9571,1,Hip/knee replacement,1.0252,90,0.214
360092,MEMORIAL HOSPITAL,OH,MARYSVILLE,Acute Care Hospitals,Government - Local,5.0,3,0,147.0,0.0,0.0,0.9578,0,Pneumonia,0.968,90,0.218
360054,HOLZER MEDICAL CENTER,OH,GALLIPOLIS,Acute Care Hospitals,Voluntary non-profit - Private,4.0,4,0,551.0,0.0,0.0,0.9598,0,COPD,0.9928,90,0.228
360068,PROMEDICA TOLEDO HOSPITAL,OH,TOLEDO,Acute Care Hospitals,Voluntary non-profit - Private,4.0,6,1,2737.0,0.0,0.0,0.9607,1,Hip/knee replacement,1.1047,90,0.231
360032,GRAND LAKE HEALTH SYSTEM,OH,SAINT MARYS,Acute Care Hospitals,Voluntary non-profit - Private,4.0,3,0,239.0,0.0,0.0,0.9648,0,COPD,0.9679,90,0.253
360148,POMERENE HOSPITAL,OH,MILLERSBURG,Acute Care Hospitals,Voluntary non-profit - Private,3.0,2,0,0.0,0.0,0.0,0.966,0,Heart failure,0.9707,90,0.261
360185,SALEM REGIONAL MEDICAL CENTER,OH,SALEM,Acute Care Hospitals,Voluntary non-profit - Private,3.0,3,0,236.0,0.0,0.0,0.9661,0,COPD,0.9822,90,0.262
360203,SOUTHEASTERN OHIO REGIONAL MEDICAL CENTER,OH,CAMBRIDGE,Acute Care Hospitals,Voluntary non-profit - Private,4.0,3,0,273.0,0.0,0.0,0.9667,0,Heart failure,0.9929,90,0.265
360197,MARY RUTAN HOSPITAL,OH,BELLEFONTAINE,Acute Care Hospitals,Voluntary non-profit - Private,4.0,4,0,0.0,0.0,0.0,0.9697,0,COPD,0.995,90,0.282
360348,DUBLIN METHODIST HOSPITAL,OH,DUBLIN,Acute Care Hospitals,Voluntary non-profit - Private,4.0,4,0,471.0,0.0,0.0,0.9725,0,COPD,0.9857,90,0.298
360368,KETTERING HEALTH TROY,OH,TROY,Acute Care Hospitals,Voluntary non-profit - Private,5.0,3,0,233.0,0.0,0.0,0.9746,0,Pneumonia,0.988,90,0.314
360091,MEDINA HOSPITAL,OH,MEDINA,Acute Care Hospitals,Voluntary non-profit - Private,5.0,4,0,1100.0,0.0,0.0,0.983,0,Pneumonia,0.9937,90,0.387
360066,MERCY HEALTH ST RITAS MEDICAL CENTER,OH,LIMA,Acute Care Hospitals,Voluntary non-profit - Private,4.0,6,2,1634.0,0.0,0.0,0.9844,1,Bypass surgery (CABG),1.0423,90,0.402
360210,GRADY MEMORIAL HOSPITAL,OH,DELAWARE,Acute Care Hospitals,Voluntary non-profit - Private,4.0,3,0,219.0,0.0,0.0,0.9855,0,COPD,0.9995,90,0.414
360058,MERCER COUNTY JOINT TOWNSHIP COMMUNITY HOSPITAL,OH,COLDWATER,Acute Care Hospitals,Government - Hospital District or Authority,3.0,3,1,382.0,0.0,0.0,0.9857,1,COPD,1.0071,90,0.417
360087,LUTHERAN HOSPITAL,OH,CLEVELAND,Acute Care Hospitals,Voluntary non-profit - Private,3.0,3,3,0.0,0.0,0.0,1.0257,1,Hip/knee replacement,1.0416,90,0.746
370014,ALLIANCEHEALTH DURANT,OK,DURANT,Acute Care Hospitals,Proprietary,1.0,5,5,975.0,31.8,483503.0,1.1735,1,Pneumonia,1.2349,1,0.995
370056,MEMORIAL HEALTH,OK,LAWTON,Acute Care Hospitals,Government - Hospital District or Authority,2.0,6,5,1438.0,25.9,392996.0,1.0712,1,Heart failure,1.1801,2,0.939
370025,SAINT FRANCIS HOSPITAL MUSKOGEE,OK,MUSKOGEE,Acute Care Hospitals,Voluntary non-profit - Private,3.0,5,4,1122.0,8.9,135498.0,1.1196,1,Hip/knee replacement,1.5217,3,0.985
370008,NORMAN REGIONAL,OK,NORMAN,Acute Care Hospitals,Government - Hospital District or Authority,2.0,6,3,1332.0,7.5,113289.0,1.0536,1,Hip/knee replacement,1.2192,4,0.89
370094,SSM HEALTH ST ANTHONY HOSPITAL - MIDWEST,OK,MIDWEST CITY,Acute Care Hospitals,Voluntary non-profit - Private,2.0,5,4,618.0,6.3,96548.0,1.1295,1,Hip/knee replacement,1.4128,5,0.988
370020,MERCY HOSPITAL ADA,OK,ADA,Acute Care Hospitals,Voluntary non-profit - Private,4.0,4,4,539.0,6.1,92506.0,1.0392,1,Pneumonia,1.0798,6,0.829
370047,"MERCY HOSPITAL ARDMORE, INC",OK,ARDMORE,Acute Care Hospitals,Voluntary non-profit - Church,4.0,4,3,875.0,5.9,89356.0,1.0131,1,Heart failure,1.0591,7,0.647
370215,"OKLAHOMA HEART HOSPITAL, LLC",OK,OKLAHOMA CITY,Acute Care Hospitals,Physician,4.0,5,3,2930.0,4.9,74574.0,1.007,1,Pneumonia,1.0326,8,0.599
370049,STILLWATER MEDICAL CENTER,OK,STILLWATER,Acute Care Hospitals,Government - Hospital District or Authority,4.0,5,3,1041.0,4.8,73455.0,0.9928,1,Heart failure,1.1092,9,0.476
370089,NORTHEASTERN HEALTH SYSTEM,OK,TAHLEQUAH,Acute Care Hospitals,Government - Hospital District or Authority,2.0,5,4,401.0,4.0,61040.0,1.0412,1,Heart failure,1.1018,10,0.841
370028,"INTEGRIS BAPTIST MEDICAL CENTER, INC",OK,OKLAHOMA CITY,Acute Care Hospitals,Voluntary non-profit - Private,3.0,6,2,2193.0,3.5,53568.0,0.9862,1,Heart attack,1.0647,11,0.422
370091,"SAINT FRANCIS HOSPITAL, INC",OK,TULSA,Acute Care Hospitals,Voluntary non-profit - Private,5.0,6,1,3139.0,2.5,38224.0,0.9468,1,COPD,1.0326,12,0.176
370218,"SAINT FRANCIS HOSPITAL SOUTH, LLC",OK,TULSA,Acute Care Hospitals,Voluntary non-profit - Private,5.0,5,4,668.0,2.5,37856.0,1.0816,1,Hip/knee replacement,1.3858,13,0.957
370023,"DUNCAN REGIONAL HOSPITAL, INC",OK,DUNCAN,Acute Care Hospitals,Voluntary non-profit - Private,3.0,5,1,804.0,2.3,34652.0,0.9655,1,Pneumonia,1.0406,14,0.257
370078,OKLAHOMA STATE UNIVERSITY MEDICAL CENTER,OK,TULSA,Acute Care Hospitals,Government - Hospital District or Authority,2.0,5,4,352.0,1.9,29483.0,1.0327,1,Bypass surgery (CABG),1.0722,15,0.791
370106,INTEGRIS SOUTHWEST MEDICAL CENTER,OK,OKLAHOMA CITY,Acute Care Hospitals,Voluntary non-profit - Private,2.0,5,2,895.0,1.8,27882.0,1.0005,1,COPD,1.0626,16,0.538
370202,HILLCREST HOSPITAL SOUTH,OK,TULSA,Acute Care Hospitals,Proprietary,3.0,5,2,1018.0,1.7,25886.0,1.0212,1,Hip/knee replacement,1.1992,17,0.715
370097,SOUTHWESTERN MEDICAL CENTER,OK,LAWTON,Acute Care Hospitals,Proprietary,2.0,3,1,257.0,1.5,23434.0,1.0217,1,Heart failure,1.101,18,0.719
370237,"SAINT FRANCIS HOSPITAL VINITA, INC",OK,VINITA,Acute Care Hospitals,Voluntary non-profit - Private,3.0,2,1,210.0,1.5,23317.0,1.0346,1,Pneumonia,1.0786,19,0.802
370093,O U MEDICAL CENTER,OK,OKLAHOMA CITY,Acute Care Hospitals,Voluntary non-profit - Private,2.0,5,2,852.0,1.4,22058.0,0.9989,1,Pneumonia,1.0222,20,0.53
370114,ASCENSION ST JOHN MEDICAL CENTER,OK,TULSA,Acute Care Hospitals,Voluntary non-profit - Private,3.0,5,2,1280.0,1.3,19202.0,0.9491,1,Heart attack,1.0305,21,0.186
370034,MCALESTER REGIONAL HEALTH CENTER,OK,MCALESTER,Acute Care Hospitals,Government - Hospital District or Authority,3.0,5,3,391.0,1.2,17798.0,0.9775,1,COPD,1.0514,22,0.338
370018,ASCENSION ST JOHN JANE PHILLIPS,OK,BARTLESVILLE,Acute Care Hospitals,Voluntary non-profit - Private,3.0,5,2,445.0,1.1,17212.0,0.969,1,Hip/knee replacement,1.0486,23,0.278
370149,SSM HEALTH ST ANTHONY HOSPITAL - SHAWNEE,OK,SHAWNEE,Acute Care Hospitals,Voluntary non-profit - Private,3.0,5,2,334.0,1.0,14725.0,0.9764,1,Pneumonia,1.0302,24,0.331
370236,INTEGRIS HEALTH EDMOND HOSPITAL,OK,EDMOND,Acute Care Hospitals,Voluntary non-profit - Private,2.0,4,1,457.0,0.7,10513.0,0.9619,1,Heart attack,1.0701,25,0.235
370100,CHOCTAW MEMORIAL HOSPITAL,OK,HUGO,Acute Care Hospitals,Voluntary non-profit - Other,1.0,3,2,51.0,0.5,7516.0,1.0093,1,Heart failure,1.0578,26,0.619
370171,CHEROKEE NATION W W HASTINGS INDIAN HOSPITAL,OK,TAHLEQUAH,Acute Care Hospitals,Voluntary non-profit - Other,3.0,4,2,224.0,0.5,7293.0,1.0158,1,COPD,1.0396,27,0.672
370113,INTEGRIS GROVE HOSPITAL,OK,GROVE,Acute Care Hospitals,Voluntary non-profit - Private,4.0,3,1,181.0,0.1,1520.0,0.9865,1,Heart failure,1.0098,28,0.424
370211,INTEGRIS CANADIAN VALLEY HOSPITAL,OK,YUKON,Acute Care Hospitals,Voluntary non-profit - Private,4.0,3,1,350.0,0.1,975.0,0.9798,1,Pneumonia,1.002,29,0.36
370001,HILLCREST MEDICAL CENTER,OK,TULSA,Acute Care Hospitals,Proprietary,3.0,6,1,1559.0,0.0,52.0,0.9656,1,Bypass surgery (CABG),1.0002,30,0.258
370170,LAWTON INDIAN HOSPITAL,OK,LAWTON,Acute Care Hospitals,Tribal,,0,0,0.0,0.0,0.0,,0,,,31,0.0
370173,CLAREMORE INDIAN HOSPITAL,OK,CLAREMORE,Acute Care Hospitals,Government - Federal,,0,0,0.0,0.0,0.0,,0,,,31,0.0
370192,NORTHWEST SURGICAL HOSPITAL,OK,OKLAHOMA CITY,Acute Care Hospitals,Physician,,0,0,0.0,0.0,0.0,,0,,,31,0.0
370199,"LAKESIDE WOMEN'S HOSPITAL, A MEMBER OF INTEGRIS HE",OK,OKLAHOMA CITY,Acute Care Hospitals,Voluntary non-profit - Private,,0,0,0.0,0.0,0.0,,0,,,31,0.0
370206,OKLAHOMA SPINE HOSPITAL,OK,OKLAHOMA CITY,Acute Care Hospitals,Physician,,0,0,0.0,0.0,0.0,,0,,,31,0.0
370214,LINDSAY MUNICIPAL HOSPITAL,OK,LINDSAY,Acute Care Hospitals,Government - Hospital District or Authority,,0,0,0.0,0.0,0.0,,0,,,31,0.0
370225,"SUMMIT MEDICAL CENTER, LLC",OK,EDMOND,Acute Care Hospitals,Physician,,0,0,0.0,0.0,0.0,,0,,,31,0.0
370243,VALLEY COMMUNITY HOSPITAL,OK,PAULS VALLEY,Acute Care Hospitals,Proprietary,,0,0,0.0,0.0,0.0,,0,,,31,0.0
370244,COUNCIL OAK COMPREHENSIVE HEALTHCARE,OK,TULSA,Acute Care Hospitals,Tribal,,0,0,0.0,0.0,0.0,,0,,,31,0.0
370245,CLINTON REGIONAL HOSPITAL,OK,CLINTON,Acute Care Hospitals,Government - Local,,0,0,0.0,0.0,0.0,,0,,,31,0.0
370246,CARRUS LAKESIDE HOSPITAL,OK,BRISTOW,Acute Care Hospitals,Proprietary,,0,0,0.0,0.0,0.0,,0,,,31,0.0
370247,EXCEPTIONAL COMMUNITY HOSPITAL ARDMORE,OK,ARDMORE,Acute Care Hospitals,Proprietary,,0,0,0.0,0.0,0.0,,0,,,31,0.0
370222,MCBRIDE ORTHOPEDIC HOSPITAL,OK,OKLAHOMA CITY,Acute Care Hospitals,Physician,,1,0,1199.0,0.0,0.0,0.6014,0,Hip/knee replacement,0.6014,31,0.074
370210,"OKLAHOMA SURGICAL HOSPITAL, LLC",OK,TULSA,Acute Care Hospitals,Physician,5.0,1,0,732.0,0.0,0.0,0.7393,0,Hip/knee replacement,0.7393,31,0.078
370037,SSM HEALTH ST ANTHONY HOSPITAL - OKLAHOMA CITY,OK,OKLAHOMA CITY,Acute Care Hospitals,Voluntary non-profit - Church,4.0,6,0,1923.0,0.0,0.0,0.9033,0,Bypass surgery (CABG),0.9652,31,0.1
370234,"OKLAHOMA HEART HOSPITAL SOUTH, LLC",OK,OKLAHOMA CITY,Acute Care Hospitals,Physician,5.0,4,0,1100.0,0.0,0.0,0.9338,0,COPD,0.9851,31,0.141
370039,HILLCREST HOSPITAL CLAREMORE,OK,CLAREMORE,Acute Care Hospitals,Proprietary,4.0,3,0,123.0,0.0,0.0,0.9346,0,COPD,0.9856,31,0.142
370002,Integris Health Woodward Hospital,OK,WOODWARD,Acute Care Hospitals,Proprietary,3.0,4,0,110.0,0.0,0.0,0.9368,0,Heart failure,0.9764,31,0.148
370026,ST MARY'S REGIONAL MEDICAL CENTER,OK,ENID,Acute Care Hospitals,Proprietary,3.0,5,1,461.0,0.0,0.0,0.9406,1,COPD,1.0379,31,0.158
370201,SURGICAL HOSPITAL OF OKLAHOMA,OK,OKLAHOMA CITY,Acute Care Hospitals,Physician,,1,0,0.0,0.0,0.0,0.9407,0,Hip/knee replacement,0.9407,31,0.159
370227,ST JOHN OWASSO,OK,OWASSO,Acute Care Hospitals,Voluntary non-profit - Private,5.0,2,0,0.0,0.0,0.0,0.9439,0,Pneumonia,0.9479,31,0.167
370054,GRADY MEMORIAL HOSPITAL,OK,CHICKASHA,Acute Care Hospitals,Government - Hospital District or Authority,2.0,4,0,71.0,0.0,0.0,0.951,0,COPD,0.9946,31,0.194
370013,"MERCY HOSPITAL OKLAHOMA CITY, INC",OK,OKLAHOMA CITY,Acute Care Hospitals,Voluntary non-profit - Church,4.0,4,1,1298.0,0.0,0.0,0.9553,1,Hip/knee replacement,1.1092,31,0.207
370015,HILLCREST HOSPITAL PRYOR,OK,PRYOR,Acute Care Hospitals,Proprietary,4.0,2,1,0.0,0.0,0.0,0.9579,1,Heart failure,1.0071,31,0.219
370180,CHICKASAW NATION MEDICAL CENTER,OK,ADA,Acute Care Hospitals,Tribal,5.0,3,1,0.0,0.0,0.0,0.9627,1,COPD,1.0138,31,0.241
370228,"BAILEY MEDICAL CENTER, LLC",OK,OWASSO,Acute Care Hospitals,Proprietary,5.0,3,0,0.0,0.0,0.0,0.9635,0,Heart failure,0.9978,31,0.245
370172,CHOCTAW NATION HEALTH SERVICES AUTHORITY,OK,TALIHINA,Acute Care Hospitals,Tribal,,2,0,0.0,0.0,0.0,0.9638,0,Pneumonia,0.9787,31,0.247
370057,MUSCOGEE (CREEK) NATION MEDICAL CENTER,OK,OKMULGEE,Acute Care Hospitals,Tribal,,1,0,0.0,0.0,0.0,0.9651,0,Pneumonia,0.9651,31,0.254
370112,SEQUOYAH COUNTY-CITY OF SALLISAW HOSPITAL AUTHORIT,OK,SALLISAW,Acute Care Hospitals,Government - Local,3.0,2,0,0.0,0.0,0.0,0.9717,0,Pneumonia,0.9733,31,0.292
370006,INTEGRIS HEALTH PONCA CITY,OK,PONCA CITY,Acute Care Hospitals,Voluntary non-profit - Other,2.0,4,0,128.0,0.0,0.0,0.973,0,Hip/knee replacement,0.9982,31,0.302
370022,JACKSON COUNTY MEMORIAL HOSPITAL AUTHORITY,OK,ALTUS,Acute Care Hospitals,Voluntary non-profit - Other,3.0,4,1,445.0,0.0,0.0,0.9778,1,COPD,1.0122,31,0.34
370004,INTEGRIS MIAMI HOSPITAL,OK,MIAMI,Acute Care Hospitals,Voluntary non-profit - Other,4.0,3,0,0.0,0.0,0.0,0.9782,0,Pneumonia,0.9933,31,0.345
370099,HILLCREST HOSPITAL CUSHING,OK,CUSHING,Acute Care Hospitals,Proprietary,4.0,2,0,0.0,0.0,0.0,0.9796,0,COPD,0.9848,31,0.357
370016,INTEGRIS HEALTH ENID HOSPITAL,OK,ENID,Acute Care Hospitals,Voluntary non-profit - Private,3.0,4,0,380.0,0.0,0.0,0.9828,0,Heart failure,0.9934,31,0.386
370235,ASCENSION ST JOHN BROKEN ARROW,OK,BROKEN ARROW,Acute Care Hospitals,Voluntary non-profit - Private,4.0,3,1,0.0,0.0,0.0,0.9838,1,Pneumonia,1.0153,31,0.395
370178,MEMORIAL HOSPITAL,OK,STILWELL,Acute Care Hospitals,Voluntary non-profit - Private,4.0,2,0,0.0,0.0,0.0,0.9864,0,COPD,0.987,31,0.423
370166,WAGONER COMMUNITY HOSPITAL,OK,WAGONER,Acute Care Hospitals,Government - Hospital District or Authority,2.0,2,1,0.0,0.0,0.0,0.9915,1,Pneumonia,1.0207,31,0.463
370083,PUSHMATAHA HOSPITAL,OK,ANTLERS,Acute Care Hospitals,Government - Hospital District or Authority,3.0,3,1,0.0,0.0,0.0,0.9966,1,COPD,1.0357,31,0.514
370158,PURCELL MUNICIPAL HOSPITAL,OK,PURCELL,Acute Care Hospitals,Government - Local,3.0,2,2,0.0,0.0,0.0,1.0086,1,Pneumonia,1.0086,31,0.611
370240,INTEGRIS COMMUNITY HOSPITAL - COUNCIL CROSSING,OK,OKLAHOMA CITY,Acute Care Hospitals,Proprietary,,1,1,0.0,0.0,0.0,1.0111,1,Pneumonia,1.0111,31,0.629
370203,"COMMUNITY HOSPITAL, LLC",OK,OKLAHOMA CITY,Acute Care Hospitals,Physician,4.0,1,1,0.0,0.0,0.0,1.0208,1,Hip/knee replacement,1.0208,31,0.71
370183,HILLCREST HOSPITAL HENRYETTA,OK,HENRYETTA,Acute Care Hospitals,Proprietary,,1,1,0.0,0.0,0.0,1.0356,1,Pneumonia,1.0356,31,0.806
370220,ONECORE HEALTH,OK,OKLAHOMA CITY,Acute Care Hospitals,Proprietary,,1,1,0.0,0.0,0.0,1.0437,1,Hip/knee replacement,1.0437,31,0.852
370212,OKLAHOMA CENTER FOR ORTHOPAEDIC & MULTI-SP,OK,OKLAHOMA CITY,Acute Care Hospitals,Physician,,1,1,0.0,0.0,0.0,1.0631,1,Hip/knee replacement,1.0631,31,0.92
370216,TULSA SPINE & SPECIALTY HOSPITAL,OK,TULSA,Acute Care Hospitals,Proprietary,,1,1,0.0,0.0,0.0,1.0973,1,Hip/knee replacement,1.0973,31,0.973
370019,GREAT PLAINS REGIONAL MEDICAL CENTER,OK,ELK CITY,Acute Care Hospitals,Voluntary non-profit - Private,2.0,3,1,104.0,0.0,0.0,1.165,1,Hip/knee replacement,1.5367,31,0.995
380090,BAY AREA HOSPITAL,OR,COOS BAY,Acute Care Hospitals,Government - Hospital District or Authority,2.0,5,4,1026.0,5.7,86103.0,1.0126,1,COPD,1.0572,1,0.645
380050,SKY LAKES MEDICAL CENTER,OR,KLAMATH FALLS,Acute Care Hospitals,Voluntary non-profit - Private,2.0,5,2,485.0,1.4,21337.0,0.9269,1,Heart failure,1.0302,2,0.128
380009,OHSU HOSPITAL AND CLINICS,OR,PORTLAND,Acute Care Hospitals,Voluntary non-profit - Other,3.0,5,2,517.0,1.0,15319.0,0.9887,1,Heart attack,1.0553,3,0.44
380017,LEGACY GOOD SAMARITAN MEDICAL CENTER,OR,PORTLAND,Acute Care Hospitals,Voluntary non-profit - Private,4.0,5,2,287.0,0.7,11380.0,0.9484,1,Pneumonia,1.0191,4,0.183
380007,LEGACY EMANUEL MEDICAL CENTER,OR,PORTLAND,Acute Care Hospitals,Voluntary non-profit - Private,3.0,5,1,245.0,0.8,11365.0,0.961,1,Heart failure,1.0264,5,0.233
380004,PROVIDENCE ST VINCENT MEDICAL CENTER,OR,PORTLAND,Acute Care Hospitals,Voluntary non-profit - Private,4.0,6,2,1657.0,0.7,9876.0,0.965,1,Pneumonia,1.0161,6,0.254
380071,WILLAMETTE VALLEY MEDICAL CENTER,OR,MCMINNVILLE,Acute Care Hospitals,Voluntary non-profit - Private,2.0,4,1,310.0,0.5,8123.0,0.9912,1,COPD,1.0703,7,0.46
380014,GOOD SAMARITAN REGIONAL MEDICAL CENTER,OR,CORVALLIS,Acute Care Hospitals,Voluntary non-profit - Private,3.0,6,2,597.0,0.5,7912.0,0.9641,1,Pneumonia,1.0296,8,0.25
380020,MCKENZIE-WILLAMETTE MEDICAL CENTER,OR,SPRINGFIELD,Acute Care Hospitals,Voluntary non-profit - Private,4.0,6,3,249.0,0.5,6902.0,0.9718,1,Pneumonia,1.0289,9,0.293
380052,SAINT ALPHONSUS MEDICAL CENTER ONTARIO,OR,ONTARIO,Acute Care Hospitals,Voluntary non-profit - Church,2.0,3,1,57.0,0.2,2396.0,0.9964,1,Heart failure,1.0146,10,0.511
380021,HILLSBORO MEDICAL CENTER,OR,HILLSBORO,Acute Care Hospitals,Voluntary non-profit - Private,3.0,4,1,253.0,0.1,1799.0,0.9749,1,Pneumonia,1.0068,11,0.317
380038,PROVIDENCE WILLAMETTE FALLS MEDICAL CENTER,OR,OREGON CITY,Acute Care Hospitals,Voluntary non-profit - Private,4.0,3,2,246.0,0.0,672.0,1.024,1,Hip/knee replacement,1.1384,12,0.735
380027,MERCY MEDICAL CENTER,OR,ROSEBURG,Acute Care Hospitals,Government - Hospital District or Authority,4.0,4,0,573.0,0.0,0.0,0.8791,0,COPD,0.9535,13,0.088
380018,ASANTE ROGUE REGIONAL MEDICAL CENTER,OR,MEDFORD,Acute Care Hospitals,Voluntary non-profit - Private,4.0,5,0,1303.0,0.0,0.0,0.8816,0,COPD,0.9969,13,0.089
380102,SACRED HEART MEDICAL CENTER - RIVERBEND,OR,SPRINGFIELD,Acute Care Hospitals,Voluntary non-profit - Private,4.0,6,0,1813.0,0.0,0.0,0.9107,0,Pneumonia,0.9611,13,0.106
380037,PROVIDENCE NEWBERG MEDICAL CENTER,OR,NEWBERG,Acute Care Hospitals,Voluntary non-profit - Church,4.0,2,0,137.0,0.0,0.0,0.9131,0,Pneumonia,0.9622,13,0.108
380047,ST CHARLES MEDICAL CENTER - BEND,OR,BEND,Acute Care Hospitals,Voluntary non-profit - Private,4.0,6,0,1619.0,0.0,0.0,0.9185,0,COPD,0.9639,13,0.114
380051,SALEM HOSPITAL,OR,SALEM,Acute Care Hospitals,Voluntary non-profit - Other,3.0,6,0,1433.0,0.0,0.0,0.9336,0,Bypass surgery (CABG),0.9996,13,0.14
380002,ASANTE THREE RIVERS MEDICAL CENTER,OR,GRANTS PASS,Acute Care Hospitals,Voluntary non-profit - Other,3.0,4,0,365.0,0.0,0.0,0.9378,0,Heart attack,0.9773,13,0.149
380022,SAMARITAN ALBANY GENERAL HOSPITAL,OR,ALBANY,Acute Care Hospitals,Voluntary non-profit - Church,4.0,4,0,0.0,0.0,0.0,0.9402,0,Hip/knee replacement,0.9696,13,0.157
380091,KAISER SUNNYSIDE MEDICAL CENTER,OR,CLACKAMAS,Acute Care Hospitals,Voluntary non-profit - Other,4.0,3,0,0.0,0.0,0.0,0.9509,0,Heart failure,0.9954,13,0.193
380001,MID-COLUMBIA MEDICAL CENTER,OR,THE DALLES,Acute Care Hospitals,Voluntary non-profit - Other,4.0,3,0,93.0,0.0,0.0,0.9544,0,COPD,0.9739,13,0.204
380061,PROVIDENCE PORTLAND MEDICAL CENTER,OR,PORTLAND,Acute Care Hospitals,Voluntary non-profit - Private,4.0,5,0,679.0,0.0,0.0,0.9551,0,Hip/knee replacement,0.9985,13,0.206
380060,ADVENTIST HEALTH PORTLAND,OR,PORTLAND,Acute Care Hospitals,Voluntary non-profit - Church,4.0,5,1,571.0,0.0,0.0,0.9554,1,COPD,1.0086,13,0.208
380005,ASANTE ASHLAND COMMUNITY HOSPITAL,OR,ASHLAND,Acute Care Hospitals,Government - Local,,2,0,0.0,0.0,0.0,0.9661,0,Heart failure,0.9741,13,0.262
380025,LEGACY MOUNT HOOD MEDICAL CENTER,OR,GRESHAM,Acute Care Hospitals,Voluntary non-profit - Private,3.0,3,0,283.0,0.0,0.0,0.9779,0,Heart failure,0.9858,13,0.342
380082,PROVIDENCE MILWAUKIE HOSPITAL,OR,MILWAUKIE,Acute Care Hospitals,Voluntary non-profit - Church,3.0,2,1,113.0,0.0,0.0,0.9787,1,Pneumonia,1.007,13,0.35
380103,KAISER FOUNDATION HOSPITAL WESTSIDE,OR,HILLSBORO,Acute Care Hospitals,Voluntary non-profit - Private,4.0,2,0,0.0,0.0,0.0,0.9879,0,Pneumonia,0.9959,13,0.436
380056,SANTIAM HOSPITAL & CLINICS,OR,STAYTON,Acute Care Hospitals,Voluntary non-profit - Private,,1,0,0.0,0.0,0.0,0.9932,0,Pneumonia,0.9932,13,0.481
380029,LEGACY SILVERTON MEDICAL CENTER,OR,SILVERTON,Acute Care Hospitals,Voluntary non-profit - Private,,1,1,0.0,0.0,0.0,1.004,1,Pneumonia,1.004,13,0.569
380075,PROVIDENCE MEDFORD MEDICAL CENTER,OR,MEDFORD,Acute Care Hospitals,Voluntary non-profit - Church,2.0,5,2,381.0,0.0,0.0,1.0317,1,Hip/knee replacement,1.1866,13,0.785
380089,LEGACY MERIDIAN PARK MEDICAL CENTER,OR,TUALATIN,Acute Care Hospitals,Voluntary non-profit - Private,2.0,5,2,355.0,0.0,0.0,1.0322,1,Hip/knee replacement,1.2764,13,0.787
390133,LEHIGH VALLEY HOSPITAL,PA,ALLENTOWN,Acute Care Hospitals,Voluntary non-profit - Private,4.0,6,5,5973.0,73.9,1122687.0,1.0906,1,Hip/knee replacement,1.2876,1,0.966
390115,JEFFERSON HEALTH- NORTHEAST,PA,PHILADELPHIA,Acute Care Hospitals,Voluntary non-profit - Private,2.0,6,6,2126.0,52.2,793055.0,1.1096,1,Heart failure,1.2197,2,0.981
390231,JEFFERSON ABINGTON HOSPITAL,PA,ABINGTON,Acute Care Hospitals,Voluntary non-profit - Private,3.0,6,4,2747.0,50.2,762673.0,1.0549,1,Pneumonia,1.161,3,0.895
390049,ST LUKES HOSPITAL,PA,BETHLEHEM,Acute Care Hospitals,Voluntary non-profit - Private,5.0,6,4,2686.0,31.9,485667.0,1.0272,1,Heart failure,1.1156,4,0.757
390258,ST MARY MEDICAL CENTER,PA,LANGHORNE,Acute Care Hospitals,Voluntary non-profit - Private,2.0,6,5,2401.0,30.5,464005.0,1.107,1,Hip/knee replacement,1.2338,5,0.979
390174,THOMAS JEFFERSON UNIVERSITY HOSPITAL,PA,PHILADELPHIA,Acute Care Hospitals,Voluntary non-profit - Private,3.0,6,5,1925.0,29.7,451461.0,1.1138,1,Hip/knee replacement,1.3441,6,0.982
390139,BRYN MAWR HOSPITAL,PA,BRYN MAWR,Acute Care Hospitals,Voluntary non-profit - Private,5.0,5,4,2090.0,19.7,300037.0,1.0732,1,Hip/knee replacement,1.2329,7,0.944
390044,READING HOSPITAL,PA,WEST READING,Acute Care Hospitals,Voluntary non-profit - Private,4.0,6,4,3354.0,19.1,290500.0,0.9928,1,Bypass surgery (CABG),1.1314,8,0.476
390006,GEISINGER MEDICAL CENTER,PA,DANVILLE,Acute Care Hospitals,Voluntary non-profit - Private,4.0,6,3,1738.0,17.4,264962.0,0.9828,1,Pneumonia,1.09,9,0.386
390127,PHOENIXVILLE HOSPITAL,PA,PHOENIXVILLE,Acute Care Hospitals,Voluntary non-profit - Private,3.0,4,4,919.0,15.6,237574.0,1.0999,1,Heart attack,1.1651,10,0.975
390027,TEMPLE UNIVERSITY HOSPITAL,PA,PHILADELPHIA,Acute Care Hospitals,Voluntary non-profit - Private,4.0,6,2,1531.0,15.0,227977.0,0.9813,1,COPD,1.083,11,0.373
390203,DOYLESTOWN HOSPITAL,PA,DOYLESTOWN,Acute Care Hospitals,Voluntary non-profit - Private,4.0,6,5,2977.0,14.2,215638.0,1.0452,1,Bypass surgery (CABG),1.1322,12,0.858
390063,UPMC HAMOT,PA,ERIE,Acute Care Hospitals,Voluntary non-profit - Private,3.0,6,3,1325.0,14.0,213130.0,0.9962,1,Heart failure,1.1106,13,0.51
390330,ST LUKE'S HOSPITAL - MONROE CAMPUS,PA,STROUDSBURG,Acute Care Hospitals,Voluntary non-profit - Private,5.0,5,5,838.0,12.2,185613.0,1.0932,1,COPD,1.1944,14,0.97
390237,REGIONAL HOSPITAL OF SCRANTON,PA,SCRANTON,Acute Care Hospitals,Proprietary,2.0,5,2,1710.0,11.0,167313.0,1.0092,1,Pneumonia,1.079,15,0.618
390145,EXCELA HEALTH WESTMORELAND REGIONAL HOSPITAL,PA,GREENSBURG,Acute Care Hospitals,Voluntary non-profit - Other,3.0,6,3,1167.0,10.5,158964.0,1.0466,1,Hip/knee replacement,1.2573,16,0.863
390067,UPMC PINNACLE HOSPITALS,PA,HARRISBURG,Acute Care Hospitals,Voluntary non-profit - Private,4.0,6,3,3193.0,9.4,143251.0,1.0273,1,Bypass surgery (CABG),1.1892,17,0.758
390228,ST CLAIR HOSPITAL,PA,PITTSBURGH,Acute Care Hospitals,Voluntary non-profit - Private,4.0,5,3,1148.0,9.4,142486.0,0.9997,1,Heart failure,1.0937,18,0.534
390001,GEISINGER-COMMUNITY MEDICAL CENTER,PA,SCRANTON,Acute Care Hospitals,Voluntary non-profit - Private,2.0,6,4,1480.0,9.3,141184.0,1.0391,1,Hip/knee replacement,1.1619,19,0.828
390329,JEFFERSON EINSTEIN MONTGOMERY HOSPITAL,PA,EAST NORRITON,Acute Care Hospitals,Voluntary non-profit - Private,4.0,5,3,1171.0,9.3,140776.0,1.0187,1,Pneumonia,1.0622,20,0.696
390270,GEISINGER WYOMING VALLEY MEDICAL CENTER,PA,WILKES BARRE,Acute Care Hospitals,Voluntary non-profit - Private,4.0,6,2,1599.0,8.5,128527.0,0.9834,1,Pneumonia,1.0906,21,0.391
390110,CONEMAUGH MEMORIAL MEDICAL CENTER,PA,JOHNSTOWN,Acute Care Hospitals,Proprietary,2.0,5,3,613.0,8.3,126522.0,1.0171,1,Pneumonia,1.1529,22,0.683
390111,HOSPITAL OF UNIV OF PENNSYLVANIA,PA,PHILADELPHIA,Acute Care Hospitals,Voluntary non-profit - Private,5.0,5,3,1463.0,6.9,105064.0,1.005,1,Pneumonia,1.0858,23,0.58
390195,MAIN LINE HOSPITAL LANKENAU,PA,WYNNEWOOD,Acute Care Hospitals,Voluntary non-profit - Private,4.0,6,3,2315.0,6.9,104522.0,1.0344,1,Hip/knee replacement,1.2038,24,0.801
390164,UPMC PRESBYTERIAN SHADYSIDE,PA,PITTSBURGH,Acute Care Hospitals,Voluntary non-profit - Private,4.0,6,4,1402.0,6.6,100312.0,1.0173,1,Bypass surgery (CABG),1.2072,25,0.685
390222,RIDDLE MEMORIAL HOSPITAL,PA,MEDIA,Acute Care Hospitals,Voluntary non-profit - Private,4.0,5,3,1893.0,6.5,98959.0,1.0526,1,Hip/knee replacement,1.3126,26,0.886
390097,HOLY REDEEMER HOSPITAL AND MEDICAL CENTER,PA,MEADOWBROOK,Acute Care Hospitals,Voluntary non-profit - Church,3.0,5,3,1346.0,6.2,94591.0,1.0277,1,Hip/knee replacement,1.075,27,0.762
390156,MERCY CATHOLIC MEDICAL CENTER- MERCY FITZGERALD,PA,DARBY,Acute Care Hospitals,Voluntary non-profit - Private,2.0,4,3,391.0,6.0,90302.0,1.0486,1,Heart failure,1.0995,28,0.871
390012,JEFFERSON LANSDALE HOSPITAL,PA,LANSDALE,Acute Care Hospitals,Voluntary non-profit - Private,3.0,3,3,809.0,5.8,88305.0,1.0412,1,Heart failure,1.0489,29,0.841
390100,LANCASTER GENERAL HOSPITAL,PA,LANCASTER,Acute Care Hospitals,Voluntary non-profit - Private,5.0,6,2,3028.0,5.5,84354.0,0.9656,1,Bypass surgery (CABG),1.0986,30,0.258
390102,UPMC ST MARGARET,PA,PITTSBURGH,Acute Care Hospitals,Voluntary non-profit - Private,3.0,4,3,611.0,5.3,80098.0,1.129,1,Hip/knee replacement,1.482,31,0.988
390091,UPMC NORTHWEST,PA,SENECA,Acute Care Hospitals,Voluntary non-profit - Other,4.0,4,2,487.0,4.8,72544.0,1.0072,1,Pneumonia,1.1278,32,0.601
390183,ST LUKE'S MINERS MEMORIAL HOSPITAL,PA,COALDALE,Acute Care Hospitals,Voluntary non-profit - Private,4.0,3,2,440.0,4.5,67938.0,1.0261,1,Heart failure,1.0856,33,0.749
390267,FORBES HOSPITAL,PA,MONROEVILLE,Acute Care Hospitals,Voluntary non-profit - Private,3.0,6,3,853.0,4.2,64031.0,1.0218,1,Bypass surgery (CABG),1.1376,34,0.719
390026,TEMPLE HEALTH - CHESTNUT HILL HOSPITAL,PA,PHILADELPHIA,Acute Care Hospitals,Voluntary non-profit - Private,2.0,4,2,794.0,4.2,63783.0,1.054,1,Hip/knee replacement,1.1752,35,0.891
390201,LEHIGH VALLEY HOSPITAL - POCONO,PA,EAST STROUDSBURG,Acute Care Hospitals,Voluntary non-profit - Private,3.0,6,5,854.0,4.1,61965.0,1.0639,1,Hip/knee replacement,1.2479,36,0.922
390142,JEFFERSON EINSTEIN PHILADELPHIA HOSPITAL,PA,PHILADELPHIA,Acute Care Hospitals,Voluntary non-profit - Other,3.0,6,4,589.0,3.9,58987.0,1.0106,1,Heart attack,1.0593,37,0.627
390256,MILTON S HERSHEY MEDICAL CENTER,PA,HERSHEY,Acute Care Hospitals,Voluntary non-profit - Private,4.0,6,3,1128.0,3.8,57975.0,1.0088,1,Hip/knee replacement,1.1221,38,0.613
390041,UNIONTOWN HOSPITAL,PA,UNIONTOWN,Acute Care Hospitals,Voluntary non-profit - Private,2.0,4,3,514.0,3.7,56507.0,1.0251,1,Heart failure,1.0898,39,0.743
390004,PENN STATE HEALTH HOLY SPIRIT MEDICAL CENTER,PA,CAMP HILL,Acute Care Hospitals,Voluntary non-profit - Private,3.0,6,4,801.0,3.6,55099.0,1.0144,1,Heart attack,1.1173,40,0.658
390046,WELLSPAN YORK HOSPITAL,PA,YORK,Acute Care Hospitals,Voluntary non-profit - Private,4.0,5,2,2255.0,3.6,54955.0,0.9835,1,Heart attack,1.0694,41,0.393
390316,SURGICAL INSTITUTE OF READING,PA,WYOMISSING,Acute Care Hospitals,Physician,,1,1,241.0,3.5,53582.0,1.3097,1,Hip/knee replacement,1.3097,42,1.0
390096,PENN STATE HEALTH ST. JOSEPH,PA,READING,Acute Care Hospitals,Voluntary non-profit - Private,3.0,5,2,847.0,3.2,48372.0,0.9914,1,Bypass surgery (CABG),1.0565,43,0.462
390226,PENNSYLVANIA HOSPITAL,PA,PHILADELPHIA,Acute Care Hospitals,Voluntary non-profit - Private,4.0,5,4,588.0,2.8,43184.0,0.9921,1,Heart failure,1.0314,44,0.467
390265,JEFFERSON HOSPITAL,PA,JEFFERSON HILLS,Acute Care Hospitals,Voluntary non-profit - Private,4.0,6,4,825.0,2.7,41277.0,1.0883,1,Hip/knee replacement,1.2713,45,0.963
390058,UPMC CARLISLE,PA,CARLISLE,Acute Care Hospitals,Voluntary non-profit - Private,4.0,4,1,539.0,2.7,40778.0,0.98,1,Heart failure,1.0531,46,0.361
390079,ROBERT PACKER HOSPITAL,PA,SAYRE,Acute Care Hospitals,Voluntary non-profit - Private,2.0,6,1,1301.0,2.6,38921.0,0.9457,1,COPD,1.0875,47,0.172
390137,WILKES-BARRE GENERAL HOSPITAL,PA,WILKES-BARRE,Acute Care Hospitals,Proprietary,2.0,6,1,1328.0,2.5,37813.0,0.974,1,Heart attack,1.102,48,0.311
390332,GEISINGER ST. LUKE'S  HOSPITAL,PA,ORWIGSBURG,Acute Care Hospitals,Voluntary non-profit - Private,5.0,3,2,499.0,2.4,36787.0,1.017,1,Pneumonia,1.0619,49,0.682
390057,ST LUKE'S HOSPITAL - GRAND VIEW CAMPUS,PA,SELLERSVILLE,Acute Care Hospitals,Voluntary non-profit - Other,4.0,5,2,816.0,2.1,32394.0,0.9921,1,Heart attack,1.0354,50,0.467
390107,UPMC PASSAVANT,PA,PITTSBURGH,Acute Care Hospitals,Voluntary non-profit - Private,4.0,6,4,1010.0,2.0,30789.0,1.0022,1,Bypass surgery (CABG),1.0782,51,0.556
390035,ST LUKE'S HOSPITAL - UPPER BUCKS CAMPUS,PA,QUAKERTOWN,Acute Care Hospitals,Proprietary,5.0,4,3,475.0,2.0,30623.0,1.0144,1,Pneumonia,1.0477,52,0.658
390151,WELLSPAN CHAMBERSBURG HOSPITAL,PA,CHAMBERSBURG,Acute Care Hospitals,Voluntary non-profit - Private,4.0,4,2,1539.0,1.9,29691.0,0.9974,1,Heart attack,1.0447,53,0.518
390180,CROZER CHESTER MEDICAL CENTER,PA,UPLAND,Acute Care Hospitals,Voluntary non-profit - Other,1.0,4,2,808.0,1.9,28632.0,1.0048,1,Heart failure,1.0326,54,0.577
390030,SCHUYLKILL MEDICAL CENTER - SOUTH JACKSON STREET,PA,POTTSVILLE,Acute Care Hospitals,Voluntary non-profit - Private,4.0,4,1,513.0,1.9,28472.0,0.9785,1,Heart failure,1.0405,55,0.348
390016,UPMC JAMESON,PA,NEW CASTLE,Acute Care Hospitals,Voluntary non-profit - Other,3.0,4,2,366.0,1.9,28368.0,0.985,1,Pneumonia,1.0625,56,0.409
390173,INDIANA REGIONAL MEDICAL CENTER,PA,INDIANA,Acute Care Hospitals,Voluntary non-profit - Private,2.0,5,3,254.0,1.8,27870.0,1.0159,1,Heart failure,1.0767,57,0.674
390179,CHESTER COUNTY HOSPITAL,PA,WEST CHESTER,Acute Care Hospitals,Voluntary non-profit - Private,5.0,6,3,2250.0,1.8,27636.0,0.9959,1,Bypass surgery (CABG),1.0754,58,0.507
390146,WARREN GENERAL HOSPITAL,PA,WARREN,Acute Care Hospitals,Voluntary non-profit - Private,3.0,4,2,204.0,1.8,27154.0,0.9871,1,Pneumonia,1.0558,59,0.428
390335,ST LUKE'S HOSPITAL - CARBON CAMPUS,PA,LEHIGHTON,Acute Care Hospitals,Voluntary non-profit - Private,5.0,4,4,458.0,1.7,25974.0,1.042,1,COPD,1.1013,60,0.843
390211,SHARON REGIONAL MEDICAL CENTER,PA,SHARON,Acute Care Hospitals,Proprietary,3.0,5,1,301.0,1.7,25874.0,0.9928,1,Heart failure,1.0447,61,0.476
390045,UPMC WILLIAMSPORT,PA,WILLIAMSPORT,Acute Care Hospitals,Voluntary non-profit - Private,3.0,6,3,1102.0,1.7,25873.0,1.0055,1,Heart attack,1.0522,62,0.584
390223,PENN PRESBYTERIAN MEDICAL CENTER,PA,PHILADELPHIA,Acute Care Hospitals,Voluntary non-profit - Other,4.0,6,2,1668.0,1.7,25192.0,0.9539,1,COPD,1.0527,63,0.203
390042,"WASHINGTON HOSPITAL, THE",PA,WASHINGTON,Acute Care Hospitals,Voluntary non-profit - Private,4.0,6,3,444.0,1.4,21529.0,0.9904,1,COPD,1.0337,64,0.453
390147,PENN HIGHLANDS MON VALLEY,PA,MONONGAHELA,Acute Care Hospitals,Voluntary non-profit - Private,1.0,4,2,87.0,1.4,20957.0,1.0078,1,Heart failure,1.0978,65,0.605
390050,ALLEGHENY GENERAL HOSPITAL,PA,PITTSBURGH,Acute Care Hospitals,Voluntary non-profit - Private,3.0,6,4,828.0,1.4,20687.0,1.0324,1,Hip/knee replacement,1.1174,66,0.79
390268,MOUNT NITTANY MEDICAL CENTER,PA,STATE COLLEGE,Acute Care Hospitals,Voluntary non-profit - Private,5.0,5,2,895.0,1.4,20665.0,1.0056,1,Heart attack,1.0547,67,0.585
390233,UPMC HANOVER,PA,HANOVER,Acute Care Hospitals,Voluntary non-profit - Private,4.0,5,1,1010.0,1.3,20002.0,0.9961,1,Heart attack,1.1205,68,0.509
390163,ACMH HOSPITAL,PA,KITTANNING,Acute Care Hospitals,Voluntary non-profit - Private,3.0,3,2,78.0,1.2,18417.0,1.0244,1,Pneumonia,1.112,69,0.739
390101,UPMC MEMORIAL,PA,YORK,Acute Care Hospitals,Voluntary non-profit - Private,4.0,5,3,464.0,1.1,16982.0,1.0301,1,Hip/knee replacement,1.137,70,0.776
390328,UPMC EAST,PA,MONROEVILLE,Acute Care Hospitals,Voluntary non-profit - Private,4.0,5,4,419.0,1.1,16882.0,1.0082,1,Heart attack,1.0345,71,0.607
390336,PENN STATE HEALTH HAMPDEN MEDICAL CENTER,PA,ENOLA,Acute Care Hospitals,Voluntary non-profit - Private,4.0,4,2,210.0,1.0,15569.0,0.9779,1,Heart failure,1.0534,72,0.342
390168,INDEPENDENCE HEALTH SYSTEM BUTLER MEMORIAL HOSPITA,PA,BUTLER,Acute Care Hospitals,Voluntary non-profit - Private,2.0,5,3,629.0,0.9,13404.0,0.9949,1,COPD,1.0389,73,0.5
390326,ST LUKE'S HOSPITAL - ANDERSON CAMPUS,PA,,,,,4,2,1344.0,0.8,12771.0,1.0185,1,Heart attack,1.0835,74,0.694
390138,WELLSPAN WAYNESBORO HOSPITAL,PA,WAYNESBORO,Acute Care Hospitals,Voluntary non-profit - Private,4.0,3,1,333.0,0.8,11964.0,1.0114,1,COPD,1.0829,75,0.632
390153,PAOLI HOSPITAL,PA,PAOLI,Acute Care Hospitals,Voluntary non-profit - Private,5.0,5,1,1978.0,0.8,11747.0,0.9643,1,COPD,1.0223,76,0.251
390070,LOWER BUCKS HOSPITAL,PA,BRISTOL,Acute Care Hospitals,Voluntary non-profit - Private,3.0,4,2,70.0,0.7,10925.0,1.0201,1,COPD,1.0564,77,0.708
390068,UPMC LITITZ,PA,LITITZ,Acute Care Hospitals,Voluntary non-profit - Other,4.0,4,2,121.0,0.6,9415.0,1.0161,1,Hip/knee replacement,1.083,78,0.675
390123,POTTSTOWN HOSPITAL,PA,POTTSTOWN,Acute Care Hospitals,Voluntary non-profit - Private,2.0,5,3,612.0,0.5,7215.0,1.0162,1,Hip/knee replacement,1.1144,79,0.676
390334,AHN WEXFORD HOSPITAL,PA,WEXFORD,Acute Care Hospitals,Voluntary non-profit - Private,5.0,3,1,301.0,0.5,7084.0,0.972,1,Heart failure,1.0165,80,0.294
390032,ALLEGHENY VALLEY HOSPITAL,PA,NATRONA,Acute Care Hospitals,Voluntary non-profit - Private,4.0,3,2,259.0,0.4,6752.0,1.0057,1,Heart failure,1.0168,81,0.587
390048,GEISINGER-LEWISTOWN HOSPITAL,PA,LEWISTOWN,Acute Care Hospitals,Voluntary non-profit - Private,5.0,3,1,552.0,0.4,5862.0,0.9726,1,Heart failure,1.0088,82,0.3
390178,UPMC HORIZON,PA,GREENVILLE,Acute Care Hospitals,Voluntary non-profit - Private,4.0,4,3,227.0,0.4,5664.0,1.0153,1,Hip/knee replacement,1.0461,83,0.666
390013,WELLSPAN EVANGELICAL COMMUNITY HOSPITAL,PA,LEWISBURG,Acute Care Hospitals,Voluntary non-profit - Private,4.0,5,1,644.0,0.4,5637.0,0.9572,1,Heart attack,1.0337,84,0.214
390056,PENN HIGHLANDS HUNTINGDON,PA,HUNTINGDON,Acute Care Hospitals,Voluntary non-profit - Private,3.0,4,3,163.0,0.3,5316.0,1.0142,1,Heart attack,1.0407,85,0.657
390036,HERITAGE VALLEY BEAVER,PA,BEAVER,Acute Care Hospitals,Voluntary non-profit - Private,3.0,6,3,584.0,0.3,5082.0,1.0018,1,Hip/knee replacement,1.0461,86,0.553
390116,SUBURBAN COMMUNITY HOSPITAL,PA,NORRISTOWN,Acute Care Hospitals,Voluntary non-profit - Private,4.0,2,1,187.0,0.3,4586.0,1.0062,1,Heart failure,1.032,87,0.592
390009,SAINT VINCENT HOSPITAL,PA,ERIE,Acute Care Hospitals,Voluntary non-profit - Private,4.0,6,2,1116.0,0.3,4249.0,0.9922,1,COPD,1.0138,88,0.469
390028,UPMC MERCY,PA,PITTSBURGH,Acute Care Hospitals,Voluntary non-profit - Private,4.0,4,2,249.0,0.3,4104.0,0.9973,1,COPD,1.0329,89,0.518
390112,CHAN SOON- SHIONG MEDICAL CENTER AT WINDBER,PA,WINDBER,Acute Care Hospitals,Voluntary non-profit - Private,2.0,4,4,53.0,0.2,3508.0,1.0365,1,Hip/knee replacement,1.0881,90,0.811
390339,PENN STATE HEALTH LANCASTER MEDICAL CENTER,PA,LANCASTER,Acute Care Hospitals,Voluntary non-profit - Private,3.0,4,2,92.0,0.2,3393.0,0.9992,1,COPD,1.018,91,0.532
390113,MEADVILLE MEDICAL CENTER,PA,MEADVILLE,Acute Care Hospitals,Voluntary non-profit - Private,4.0,5,1,415.0,0.2,3047.0,0.9068,1,Heart failure,1.005,92,0.102
390160,CANONSBURG GENERAL HOSPITAL,PA,CANONSBURG,Acute Care Hospitals,Voluntary non-profit - Private,3.0,2,2,136.0,0.2,2572.0,1.0073,1,Pneumonia,1.0088,93,0.602
390003,GEISINGER-BLOOMSBURG HOSPITAL,PA,BLOOMSBURG,Acute Care Hospitals,Voluntary non-profit - Private,4.0,3,1,74.0,0.2,2517.0,0.9922,1,Heart failure,1.0128,94,0.469
390204,NAZARETH HOSPITAL,PA,PHILADELPHIA,Acute Care Hospitals,Voluntary non-profit - Private,2.0,4,2,597.0,0.2,2389.0,0.9811,1,Heart attack,1.0223,95,0.371
390090,WEST PENN HOSPITAL,PA,PITTSBURGH,Acute Care Hospitals,Voluntary non-profit - Private,3.0,3,1,63.0,0.1,2010.0,0.9809,1,Pneumonia,1.0109,96,0.369
390117,UPMC BEDFORD MEMORIAL,PA,EVERETT,Acute Care Hospitals,Voluntary non-profit - Private,4.0,3,1,142.0,0.1,1509.0,0.9591,1,Pneumonia,1.0044,97,0.225
390073,UPMC ALTOONA,PA,ALTOONA,Acute Care Hospitals,Voluntary non-profit - Private,3.0,6,1,932.0,0.1,1420.0,0.9677,1,Heart attack,1.006,98,0.271
390217,EXCELA HEALTH - FRICK HOSPITAL,PA,MOUNT PLEASANT,Acute Care Hospitals,Voluntary non-profit - Other,3.0,3,2,163.0,0.1,1280.0,0.989,1,COPD,1.0225,99,0.443
390304,ROXBOROUGH MEMORIAL HOSPITAL,PA,PHILADELPHIA,Acute Care Hospitals,Proprietary,2.0,2,1,151.0,0.1,766.0,0.9836,1,Heart failure,1.0032,100,0.394
390037,HERITAGE VALLEY SEWICKLEY,PA,SEWICKLEY,Acute Care Hospitals,Voluntary non-profit - Private,4.0,4,2,249.0,0.0,222.0,0.9871,1,Hip/knee replacement,1.0487,101,0.428
390025,KENSINGTON HOSPITAL,PA,PHILADELPHIA,Acute Care Hospitals,Voluntary non-profit - Other,,0,0,0.0,0.0,0.0,,0,,,102,0.0
390184,PENN HIGHLANDS CONNELLSVILLE,PA,CONNELLSVILLE,Acute Care Hospitals,Voluntary non-profit - Private,,0,0,0.0,0.0,0.0,,0,,,102,0.0
390272,VALLEY FORGE MEDICAL CENTER,PA,NORRISTOWN,Acute Care Hospitals,Proprietary,,0,0,0.0,0.0,0.0,,0,,,102,0.0
390278,EAGLEVILLE HOSPITAL,PA,EAGLEVILLE,Acute Care Hospitals,Voluntary non-profit - Private,,0,0,0.0,0.0,0.0,,0,,,102,0.0
390327,WELLSPAN SURGERY AND REHABILITATION HOSPITAL,PA,YORK,Acute Care Hospitals,Voluntary non-profit - Private,,0,0,0.0,0.0,0.0,,0,,,102,0.0
390331,WILLS EYE HOSPITAL,PA,PHILADELPHIA,Acute Care Hospitals,Voluntary non-profit - Private,,0,0,0.0,0.0,0.0,,0,,,102,0.0
390430,LEHIGH VALLEY HOSPITAL - MACUNGIE,PA,MACUNGIE,Acute Care Hospitals,Proprietary,,0,0,0.0,0.0,0.0,,0,,,102,0.0
390325,OSS ORTHOPAEDIC HOSPITAL,PA,YORK,Acute Care Hospitals,Proprietary,,1,0,811.0,0.0,0.0,0.6843,0,Hip/knee replacement,0.6843,102,0.075
390324,PHYSICIANS CARE SURGICAL HOSPITAL,PA,ROYERSFORD,Acute Care Hospitals,Physician,,1,0,0.0,0.0,0.0,0.7041,0,Hip/knee replacement,0.7041,102,0.076
390322,ROTHMAN ORTHOPAEDIC SPECIALTY HOSPITAL,PA,BENSALEM,Acute Care Hospitals,Proprietary,,1,0,720.0,0.0,0.0,0.7084,0,Hip/knee replacement,0.7084,102,0.076
390323,ADVANCED SURGICAL HOSPITAL,PA,WASHINGTON,Acute Care Hospitals,Physician,,1,0,0.0,0.0,0.0,0.7732,0,Hip/knee replacement,0.7732,102,0.08
390307,EDGEWOOD SURGICAL HOSPITAL,PA,TRANSFER,Acute Care Hospitals,Physician,,1,0,0.0,0.0,0.0,0.8259,0,Hip/knee replacement,0.8259,102,0.083
390065,GETTYSBURG HOSPITAL,PA,GETTYSBURG,Acute Care Hospitals,Voluntary non-profit - Private,4.0,4,0,777.0,0.0,0.0,0.9158,0,COPD,0.9694,102,0.11
390086,PENN HIGHLANDS DUBOIS,PA,DUBOIS,Acute Care Hospitals,Voluntary non-profit - Private,2.0,6,0,1000.0,0.0,0.0,0.9162,0,COPD,0.9893,102,0.111
390066,WELLSPAN GOOD SAMARITAN HOSPITAL,PA,LEBANON,Acute Care Hospitals,Voluntary non-profit - Private,5.0,5,0,605.0,0.0,0.0,0.9222,0,Pneumonia,0.9768,102,0.119
390225,WELLSPAN EPHRATA COMMUNITY HOSPITAL,PA,EPHRATA,Acute Care Hospitals,Voluntary non-profit - Other,5.0,4,1,410.0,0.0,0.0,0.9359,1,COPD,1.0172,102,0.145
390185,LEHIGH VALLEY HOSPITAL - HAZLETON,PA,HAZLETON,Acute Care Hospitals,Voluntary non-profit - Other,2.0,4,0,664.0,0.0,0.0,0.937,0,COPD,0.9797,102,0.149
390062,CONEMAUGH NASON MEDICAL CENTER,PA,ROARING SPRING,Acute Care Hospitals,Voluntary non-profit - Other,5.0,3,0,77.0,0.0,0.0,0.9591,0,Heart failure,0.9748,102,0.225
390150,UPMC GREENE,PA,WAYNESBURG,Acute Care Hospitals,Voluntary non-profit - Private,,1,0,0.0,0.0,0.0,0.9832,0,Pneumonia,0.9832,102,0.389
390219,EXCELA HEALTH LATROBE HOSPITAL,PA,LATROBE,Acute Care Hospitals,Voluntary non-profit - Private,4.0,4,0,319.0,0.0,0.0,0.9834,0,Heart failure,0.9969,102,0.391
390338,LEHIGH VALLEY HOSPITAL - DICKSON CITY,PA,DICKSON CITY,Acute Care Hospitals,Voluntary non-profit - Private,3.0,3,0,0.0,0.0,0.0,0.9834,0,Pneumonia,0.9947,102,0.391
390266,GROVE CITY MEDICAL CENTER,PA,GROVE CITY,Acute Care Hospitals,Voluntary non-profit - Private,4.0,2,1,0.0,0.0,0.0,0.9835,1,Heart failure,1.0117,102,0.393
390039,UPMC SOMERSET,PA,SOMERSET,Acute Care Hospitals,Voluntary non-profit - Private,4.0,3,1,0.0,0.0,0.0,0.9934,1,Heart attack,1.0273,102,0.484
390162,ST LUKE'S HOSPITAL - EASTON CAMPUS,PA,EASTON,Acute Care Hospitals,Voluntary non-profit - Private,4.0,3,1,90.0,0.0,0.0,0.9949,1,COPD,1.0318,102,0.5
390093,INDEPENDENCE HEALTH SYSTEM CLARION HOSPITAL,PA,CLARION,Acute Care Hospitals,Voluntary non-profit - Private,2.0,3,1,68.0,0.0,0.0,0.9961,1,COPD,1.0239,102,0.509
390333,"AHN EMERUS WESTMORELAND, LLC",PA,GREENSBURG,Acute Care Hospitals,Proprietary,,1,0,0.0,0.0,0.0,0.9963,0,Pneumonia,0.9963,102,0.51
390199,PUNXSUTAWNEY AREA HOSPITAL,PA,PUNXSUTAWNEY,Acute Care Hospitals,Voluntary non-profit - Private,2.0,2,1,0.0,0.0,0.0,1.0,1,Pneumonia,1.0035,102,0.535
390002,UPMC MCKEESPORT HOSPITAL,PA,MC KEESPORT,Acute Care Hospitals,Voluntary non-profit - Private,3.0,3,1,139.0,0.0,0.0,1.0008,1,COPD,1.0114,102,0.542
390337,GEISINGER MEDICAL CENTER MUNCY,PA,,,,,2,2,0.0,0.0,0.0,1.0189,1,Heart failure,1.022,102,0.698
390125,WAYNE MEMORIAL HOSPITAL,PA,HONESDALE,Acute Care Hospitals,Voluntary non-profit - Private,2.0,5,1,569.0,0.0,0.0,1.0195,1,Hip/knee replacement,1.1901,102,0.703
390198,LECOM MEDICAL CENTER AND BEHAVIORAL HEALTH PAV,PA,ERIE,Acute Care Hospitals,Voluntary non-profit - Private,1.0,2,2,0.0,0.0,0.0,1.0294,1,Pneumonia,1.0368,102,0.772
390114,MAGEE WOMENS HOSPITAL OF UPMC HEALTH SYSTEM,PA,PITTSBURGH,Acute Care Hospitals,Voluntary non-profit - Other,4.0,3,1,0.0,0.0,0.0,1.0444,1,Hip/knee replacement,1.19,102,0.856
410009,KENT COUNTY MEMORIAL HOSPITAL,RI,WARWICK,Acute Care Hospitals,Proprietary,3.0,5,2,1513.0,10.8,163577.0,0.9942,1,COPD,1.1151,1,0.491
410011,LANDMARK MEDICAL CENTER,RI,WOONSOCKET,Acute Care Hospitals,Voluntary non-profit - Private,2.0,4,4,509.0,7.3,111615.0,1.0805,1,Heart failure,1.0992,2,0.955
410012,THE MIRIAM HOSPITAL,RI,PROVIDENCE,Acute Care Hospitals,Voluntary non-profit - Private,4.0,5,2,1885.0,4.3,65074.0,0.9138,1,Heart attack,1.0708,3,0.109
410007,RHODE ISLAND HOSPITAL,RI,PROVIDENCE,Acute Care Hospitals,Voluntary non-profit - Private,4.0,5,2,1464.0,3.6,54544.0,0.9595,1,Pneumonia,1.0333,4,0.226
410008,SOUTH COUNTY HOSPITAL INC,RI,WAKEFIELD,Acute Care Hospitals,Voluntary non-profit - Private,4.0,4,1,1071.0,1.9,28532.0,0.9947,1,Hip/knee replacement,1.0985,5,0.497
410010,WOMEN & INFANTS HOSPITAL OF RHODE ISLAND,RI,PROVIDENCE,Acute Care Hospitals,Voluntary non-profit - Private,4.0,0,0,0.0,0.0,0.0,,0,,,6,0.0
410004,ROGER WILLIAMS MEDICAL CENTER,RI,PROVIDENCE,Acute Care Hospitals,Proprietary,3.0,3,0,204.0,0.0,0.0,0.9631,0,COPD,0.9832,6,0.244
410013,WESTERLY HOSPITAL,RI,WESTERLY,Acute Care Hospitals,Voluntary non-profit - Private,4.0,3,0,461.0,0.0,0.0,0.9656,0,COPD,0.9941,6,0.258
410006,NEWPORT HOSPITAL,RI,NEWPORT,Acute Care Hospitals,Voluntary non-profit - Private,4.0,4,0,520.0,0.0,0.0,0.966,0,Pneumonia,0.9818,6,0.261
410005,OUR LADY OF FATIMA HOSPITAL,RI,NORTH PROVIDENCE,Acute Care Hospitals,Proprietary,3.0,4,2,286.0,0.0,0.0,1.0784,1,Hip/knee replacement,1.3266,6,0.953
420051,MCLEOD REGIONAL MEDICAL CENTER-PEE DEE,SC,FLORENCE,Acute Care Hospitals,Voluntary non-profit - Private,3.0,6,4,2547.0,38.3,581398.0,1.07,1,Bypass surgery (CABG),1.2401,1,0.936
420073,LEXINGTON MEDICAL CENTER,SC,WEST COLUMBIA,Acute Care Hospitals,Voluntary non-profit - Private,3.0,6,5,3236.0,18.4,279322.0,1.0873,1,Hip/knee replacement,1.2467,2,0.963
420004,MUSC MEDICAL CENTER,SC,CHARLESTON,Acute Care Hospitals,Government - Hospital District or Authority,2.0,6,5,1769.0,16.5,250372.0,1.0656,1,Hip/knee replacement,1.2147,3,0.925
420091,MUSC HEALTH FLORENCE MEDICAL CENTER,SC,FLORENCE,Acute Care Hospitals,Government - State,3.0,4,2,1066.0,12.5,190401.0,1.017,1,Pneumonia,1.1262,4,0.682
420085,GRAND STRAND REGIONAL MEDICAL CENTER,SC,MYRTLE BEACH,Acute Care Hospitals,Proprietary,2.0,6,4,2860.0,12.1,183346.0,1.0688,1,Hip/knee replacement,1.3648,5,0.933
420080,NOVANT HEALTH HILTON HEAD MEDICAL CENTER,SC,HILTON HEAD ISLAND,Acute Care Hospitals,Voluntary non-profit - Other,2.0,6,5,1114.0,11.1,168193.0,1.0421,1,Pneumonia,1.0802,6,0.845
420007,SPARTANBURG MEDICAL CENTER,SC,SPARTANBURG,Acute Care Hospitals,Government - Hospital District or Authority,2.0,6,3,2553.0,9.6,145492.0,0.9984,1,Hip/knee replacement,1.0894,7,0.527
420049,CONWAY MEDICAL CENTER,SC,CONWAY,Acute Care Hospitals,Voluntary non-profit - Private,2.0,4,2,739.0,8.7,132063.0,1.051,1,Pneumonia,1.1685,8,0.88
420067,BEAUFORT COUNTY MEMORIAL HOSPITAL,SC,BEAUFORT,Acute Care Hospitals,Government - Local,4.0,5,4,831.0,6.9,105248.0,1.0047,1,Heart failure,1.0855,9,0.575
420002,PIEDMONT MEDICAL CENTER,SC,ROCK HILL,Acute Care Hospitals,Proprietary,2.0,6,4,1475.0,6.9,104745.0,1.0104,1,Heart attack,1.1289,10,0.626
420105,MCLEOD LORIS  HOSPITAL,SC,LORIS,Acute Care Hospitals,Voluntary non-profit - Private,4.0,5,1,1386.0,6.6,100404.0,0.9655,1,Heart failure,1.0563,11,0.257
420079,TRIDENT MEDICAL CENTER,SC,CHARLESTON,Acute Care Hospitals,Proprietary,3.0,6,4,2041.0,5.4,82140.0,1.0442,1,Hip/knee replacement,1.1687,12,0.855
420009,PRISMA HEALTH OCONEE MEMORIAL HOSPITAL,SC,SENECA,Acute Care Hospitals,Voluntary non-profit - Private,4.0,5,3,802.0,5.3,79819.0,1.0631,1,Hip/knee replacement,1.2388,13,0.92
420107,MCLEOD HEALTH CHERAW,SC,CHERAW,Acute Care Hospitals,Voluntary non-profit - Private,3.0,3,2,250.0,5.2,78885.0,1.0521,1,Pneumonia,1.1605,14,0.885
420078,PRISMA HEALTH GREENVILLE MEMORIAL HOSPITAL,SC,GREENVILLE,Acute Care Hospitals,Voluntary non-profit - Private,4.0,5,1,2073.0,5.0,76378.0,1.0146,1,Bypass surgery (CABG),1.2197,15,0.661
420010,CAROLINA PINES REGIONAL MEDICAL CENTER,SC,HARTSVILLE,Acute Care Hospitals,Proprietary,2.0,3,3,303.0,5.0,76139.0,1.0664,1,Pneumonia,1.1139,16,0.927
420070,PRISMA HEALTH TUOMEY HOSPITAL,SC,SUMTER,Acute Care Hospitals,Voluntary non-profit - Private,3.0,3,2,665.0,4.4,66502.0,1.0124,1,Heart failure,1.0496,17,0.642
420104,MOUNT PLEASANT HOSPITAL,SC,MOUNT PLEASANT,Acute Care Hospitals,Voluntary non-profit - Private,5.0,4,1,378.0,2.4,36482.0,0.9843,1,Heart failure,1.0766,18,0.4
420005,MCLEOD MEDICAL CENTER - DILLON,SC,DILLON,Acute Care Hospitals,Voluntary non-profit - Private,3.0,3,2,197.0,2.3,34309.0,1.0398,1,Heart failure,1.078,19,0.832
420018,PRISMA HEALTH RICHLAND HOSPITAL,SC,COLUMBIA,Acute Care Hospitals,Voluntary non-profit - Private,3.0,5,2,1637.0,2.1,32563.0,0.9862,1,COPD,1.047,20,0.422
420020,TIDELANDS GEORGETOWN MEMORIAL HOSPITAL,SC,GEORGETOWN,Acute Care Hospitals,Voluntary non-profit - Private,2.0,4,1,447.0,1.4,21316.0,1.0194,1,Heart attack,1.0921,21,0.701
420026,MUSC HEALTH COLUMBIA MEDICAL CENTER DOWNTOWN,SC,COLUMBIA,Acute Care Hospitals,Voluntary non-profit - Private,3.0,6,1,1191.0,1.3,19587.0,0.9235,1,Pneumonia,1.0344,22,0.122
420071,SELF REGIONAL HEALTHCARE,SC,GREENWOOD,Acute Care Hospitals,Voluntary non-profit - Private,4.0,6,2,1057.0,1.2,17577.0,1.0019,1,Hip/knee replacement,1.1271,23,0.553
420030,COLLETON MEDICAL CENTER,SC,WALTERBORO,Acute Care Hospitals,Proprietary,3.0,4,4,230.0,1.2,17378.0,1.0549,1,Hip/knee replacement,1.1302,24,0.895
420038,PRISMA HEALTH LAURENS COUNTY HOSPITAL,SC,CLINTON,Acute Care Hospitals,Voluntary non-profit - Private,4.0,3,2,278.0,1.0,15140.0,1.0125,1,Pneumonia,1.0476,25,0.643
420087,ROPER HOSPITAL,SC,CHARLESTON,Acute Care Hospitals,Voluntary non-profit - Private,4.0,6,2,2075.0,0.9,14189.0,0.9931,1,Hip/knee replacement,1.0685,26,0.48
420036,MUSC HEALTH LANCASTER MEDICAL CENTER,SC,LANCASTER,Acute Care Hospitals,Proprietary,4.0,3,1,329.0,0.8,11501.0,0.9961,1,Heart failure,1.0315,27,0.509
420027,ANMED HEALTH,SC,ANDERSON,Acute Care Hospitals,Voluntary non-profit - Private,4.0,5,1,1842.0,0.7,11020.0,0.9764,1,Pneumonia,1.0057,28,0.331
420082,AIKEN REGIONAL MEDICAL CENTER,SC,AIKEN,Acute Care Hospitals,Proprietary,2.0,4,1,783.0,0.7,10227.0,0.9733,1,Heart failure,1.0097,29,0.305
420048,KERSHAWHEALTH,SC,CAMDEN,Acute Care Hospitals,Proprietary,3.0,4,1,338.0,0.6,9468.0,0.938,1,COPD,1.0543,30,0.15
420023,ST FRANCIS-DOWNTOWN,SC,GREENVILLE,Acute Care Hospitals,Voluntary non-profit - Private,4.0,6,2,2168.0,0.5,8219.0,0.9415,1,Bypass surgery (CABG),1.0095,31,0.16
420065,BON SECOURS-ST FRANCIS XAVIER HOSPITAL,SC,CHARLESTON,Acute Care Hospitals,Voluntary non-profit - Private,3.0,3,1,633.0,0.4,6711.0,0.9957,1,Heart failure,1.0094,32,0.505
420103,PELHAM MEDICAL CENTER,SC,GREER,Acute Care Hospitals,Government - Hospital District or Authority,5.0,3,1,268.0,0.4,6610.0,0.9817,1,Heart failure,1.0229,33,0.376
420110,ROPER ST FRANCIS HOSPITAL-BERKELEY INC,SC,SUMMERVILLE,Acute Care Hospitals,Voluntary non-profit - Private,5.0,4,2,319.0,0.4,6451.0,0.9758,1,COPD,1.0289,34,0.326
420043,CHEROKEE MEDICAL CENTER,SC,GAFFNEY,Acute Care Hospitals,Government - Hospital District or Authority,2.0,3,1,35.0,0.4,6031.0,1.0047,1,Heart failure,1.064,35,0.575
420015,PRISMA HEALTH BAPTIST EASLEY HOSPITAL,SC,EASLEY,Acute Care Hospitals,Voluntary non-profit - Private,4.0,3,1,480.0,0.4,5919.0,0.9772,1,COPD,1.0402,36,0.337
420055,MUSC HEALTH MARION MEDICAL CENTER,SC,MULLINS,Acute Care Hospitals,Government - State,3.0,2,2,135.0,0.3,5298.0,1.0167,1,Pneumonia,1.0233,37,0.68
420053,NEWBERRY COUNTY MEMORIAL HOSPITAL,SC,NEWBERRY,Acute Care Hospitals,Voluntary non-profit - Other,3.0,3,1,136.0,0.3,4331.0,0.9576,1,Heart failure,1.0341,38,0.217
420109,MCLEOD HEALTH CLARENDON,SC,MANNING,Acute Care Hospitals,Voluntary non-profit - Private,3.0,3,1,176.0,0.2,3466.0,0.997,1,Pneumonia,1.0144,39,0.515
420033,PRISMA HEALTH GREER MEMORIAL HOSPITAL,SC,SPARTANBURG,Acute Care Hospitals,Voluntary non-profit - Private,5.0,3,0,399.0,0.0,0.0,0.9188,0,COPD,0.9543,40,0.115
420102,PRISMA HEALTH  PATEWOOD HOSPITAL,SC,GREENVILLE,Acute Care Hospitals,Voluntary non-profit - Private,5.0,1,0,0.0,0.0,0.0,0.9472,0,Hip/knee replacement,0.9472,40,0.179
420106,PRISMA HEALTH BAPTIST PARKRIDGE,SC,COLUMBIA,Acute Care Hospitals,Voluntary non-profit - Private,4.0,3,1,399.0,0.0,0.0,0.9562,1,COPD,1.019,40,0.21
420101,COASTAL CAROLINA HOSPITAL,SC,HARDEEVILLE,Acute Care Hospitals,Proprietary,4.0,3,0,276.0,0.0,0.0,0.9608,0,COPD,0.999,40,0.231
420011,CANNON MEMORIAL HOSPITAL,SC,PICKENS,Acute Care Hospitals,Voluntary non-profit - Private,,1,0,0.0,0.0,0.0,0.9643,0,Pneumonia,0.9643,40,0.251
420037,PRISMA HEALTH HILLCREST HOSPITAL,SC,SIMPSONVILLE,Acute Care Hospitals,Voluntary non-profit - Private,4.0,3,0,265.0,0.0,0.0,0.9712,0,Heart failure,0.9804,40,0.289
420072,HAMPTON REGIONAL MEDICAL CENTER,SC,VARNVILLE,Acute Care Hospitals,Voluntary non-profit - Private,,2,0,0.0,0.0,0.0,0.9788,0,Heart failure,0.9925,40,0.351
420108,UNION MEDICAL CENTER,SC,UNION,Acute Care Hospitals,Voluntary non-profit - Other,,1,0,0.0,0.0,0.0,0.986,0,Pneumonia,0.986,40,0.42
420019,MUSC HEALTH CHESTER MEDICAL CENTER,SC,CHESTER,Acute Care Hospitals,Proprietary,,1,1,0.0,0.0,0.0,1.0005,1,Pneumonia,1.0005,40,0.538
420098,TIDELANDS WACCAMAW COMMUNITY HOSPITAL,SC,MURRELLS INLET,Acute Care Hospitals,Voluntary non-profit - Private,4.0,5,2,1038.0,0.0,0.0,1.0011,1,Hip/knee replacement,1.1172,40,0.545
420086,PRISMA HEALTH BAPTIST,SC,COLUMBIA,Acute Care Hospitals,Voluntary non-profit - Private,4.0,4,1,254.0,0.0,0.0,1.0225,1,Hip/knee replacement,1.1336,40,0.725
420089,NOVANT HEALTH EAST COOPER MEDICAL CENTER,SC,MOUNT PLEASANT,Acute Care Hospitals,Proprietary,4.0,3,1,220.0,0.0,0.0,1.0262,1,Hip/knee replacement,1.1271,40,0.75
430090,SIOUX FALLS SPECIALTY HOSPITAL,SD,SIOUX FALLS,Acute Care Hospitals,Proprietary,,1,1,318.0,3.7,56316.0,1.2516,1,Hip/knee replacement,1.2516,1,0.998
430077,MONUMENT HEALTH RAPID CITY HOSPITAL,SD,RAPID CITY,Acute Care Hospitals,Voluntary non-profit - Private,3.0,6,2,1804.0,2.5,37502.0,0.9495,1,Bypass surgery (CABG),1.159,2,0.189
430016,AVERA MCKENNAN HOSPITAL & UNIVERSITY HEALTH CENTER,SD,SIOUX FALLS,Acute Care Hospitals,Voluntary non-profit - Private,4.0,4,1,1420.0,1.7,25287.0,0.968,1,Hip/knee replacement,1.0963,3,0.273
430014,AVERA ST LUKES,SD,ABERDEEN,Acute Care Hospitals,Voluntary non-profit - Church,4.0,5,2,666.0,1.1,16964.0,0.9771,1,Hip/knee replacement,1.0542,4,0.336
430012,AVERA SACRED HEART HOSPITAL,SD,YANKTON,Acute Care Hospitals,Voluntary non-profit - Private,3.0,3,3,269.0,0.8,12474.0,1.0134,1,Heart failure,1.028,5,0.651
430008,BROOKINGS HEALTH SYSTEM,SD,BROOKINGS,Acute Care Hospitals,Government - Local,4.0,3,1,68.0,0.1,2318.0,0.9471,1,Heart failure,1.0128,6,0.178
430005,"PRAIRIE LAKES HEALTHCARE SYSTEM, INC",SD,WATERTOWN,Acute Care Hospitals,Voluntary non-profit - Private,3.0,5,1,65.0,0.1,2124.0,0.9637,1,Heart failure,1.0127,7,0.246
430027,SANFORD USD MEDICAL CENTER,SD,SIOUX FALLS,Acute Care Hospitals,Voluntary non-profit - Private,5.0,6,2,1869.0,0.1,1924.0,0.9566,1,Hip/knee replacement,1.0688,8,0.211
430084,PHS INDIAN HOSPITAL AT ROSEBUD,SD,ROSEBUD,Acute Care Hospitals,Government - Federal,,0,0,0.0,0.0,0.0,,0,,,9,0.0
430093,SAME DAY SURGERY CENTER LLC,SD,RAPID CITY,Acute Care Hospitals,Proprietary,,0,0,0.0,0.0,0.0,,0,,,9,0.0
430091,BLACK HILLS SURGICAL HOSPITAL LLC,SD,RAPID CITY,Acute Care Hospitals,Proprietary,,1,0,1026.0,0.0,0.0,0.6587,0,Hip/knee replacement,0.6587,9,0.074
430095,AVERA HEART HOSPITAL OF SOUTH DAKOTA,SD,SIOUX FALLS,Acute Care Hospitals,Proprietary,5.0,3,0,1143.0,0.0,0.0,0.8814,0,Bypass surgery (CABG),0.9416,9,0.089
430015,AVERA ST MARY'S HOSPITAL,SD,PIERRE,Acute Care Hospitals,Voluntary non-profit - Private,2.0,4,1,109.0,0.0,0.0,0.9464,1,Heart failure,1.0059,9,0.175
430097,SANFORD MEDICAL CENTER ABERDEEN,SD,ABERDEEN,Acute Care Hospitals,Voluntary non-profit - Private,4.0,3,0,165.0,0.0,0.0,0.9744,0,Heart failure,0.9948,9,0.312
430098,PINE RIDGE IHS HOSPITAL,SD,PINE RIDGE,Acute Care Hospitals,Government - Federal,,2,1,0.0,0.0,0.0,0.9964,1,Pneumonia,1.0205,9,0.511
430048,MONUMENT HEALTH SPEARFISH HOSPITAL,SD,SPEARFISH,Acute Care Hospitals,Voluntary non-profit - Private,4.0,2,1,0.0,0.0,0.0,1.0011,1,Heart failure,1.0161,9,0.545
430089,DUNES SURGICAL HOSPITAL,SD,DAKOTA DUNES,Acute Care Hospitals,Proprietary,,1,1,0.0,0.0,0.0,1.1335,1,Hip/knee replacement,1.1335,9,0.989
440048,BAPTIST MEMORIAL HOSPITAL,TN,MEMPHIS,Acute Care Hospitals,Voluntary non-profit - Private,3.0,6,5,3356.0,38.5,584313.0,1.0987,1,Hip/knee replacement,1.3177,1,0.974
440059,COOKEVILLE REGIONAL MEDICAL CENTER,TN,COOKEVILLE,Acute Care Hospitals,Government - Local,2.0,6,6,2281.0,31.8,483430.0,1.0796,1,Bypass surgery (CABG),1.1879,2,0.954
440012,WELLMONT BRISTOL REGIONAL MEDICAL CENTER,TN,BRISTOL,Acute Care Hospitals,Government - Hospital District or Authority,2.0,6,4,1142.0,19.6,297806.0,1.0251,1,Heart failure,1.1493,3,0.743
440035,VANDERBILT CLARKSVILLE HOSPITAL,TN,CLARKSVILLE,Acute Care Hospitals,Proprietary,1.0,4,3,1094.0,17.1,259541.0,1.0706,1,Pneumonia,1.1526,4,0.937
440125,FORT SANDERS REGIONAL MEDICAL CENTER,TN,KNOXVILLE,Acute Care Hospitals,Voluntary non-profit - Private,3.0,6,5,786.0,14.4,218568.0,1.0722,1,COPD,1.1406,5,0.941
440173,PARKWEST MEDICAL CENTER,TN,KNOXVILLE,Acute Care Hospitals,Voluntary non-profit - Private,3.0,6,3,1942.0,9.6,146465.0,1.062,1,Bypass surgery (CABG),1.2266,6,0.918
440030,MORRISTOWN HAMBLEN HOSPITAL ASSOCIATION,TN,MORRISTOWN,Acute Care Hospitals,Government - Local,2.0,4,3,505.0,8.4,127048.0,1.056,1,Heart failure,1.1265,7,0.898
440228,SAINT FRANCIS BARTLETT MEDICAL CENTER,TN,BARTLETT,Acute Care Hospitals,Proprietary,1.0,4,2,783.0,6.6,100610.0,0.9902,1,Heart failure,1.1074,8,0.453
440073,MAURY REGIONAL HOSPITAL,TN,COLUMBIA,Acute Care Hospitals,Government - Local,3.0,5,5,1516.0,6.3,95808.0,1.0637,1,Hip/knee replacement,1.1263,9,0.921
440050,GREENEVILLE COMMUNITY HOSPITAL,TN,GREENEVILLE,Acute Care Hospitals,Voluntary non-profit - Private,2.0,3,3,452.0,5.9,89090.0,1.0685,1,Pneumonia,1.1006,10,0.933
440185,AFFILIATE OF VITRUVIAN HEALTH,TN,CLEVELAND,Acute Care Hospitals,Proprietary,2.0,5,3,871.0,5.8,87572.0,1.0679,1,Hip/knee replacement,1.3115,11,0.931
440150,TRISTAR SUMMIT MEDICAL CENTER,TN,HERMITAGE,Acute Care Hospitals,Proprietary,4.0,5,3,967.0,5.7,86278.0,1.0272,1,COPD,1.1013,12,0.757
440120,PHYSICIANS REGIONAL MEDICAL CENTER,TN,POWELL,Acute Care Hospitals,Proprietary,3.0,6,3,1597.0,5.4,82108.0,1.0516,1,Bypass surgery (CABG),1.3264,13,0.884
440183,ST FRANCIS HOSPITAL,TN,MEMPHIS,Acute Care Hospitals,Proprietary,1.0,6,4,532.0,5.2,78261.0,1.0456,1,Bypass surgery (CABG),1.1164,14,0.859
440034,METHODIST MEDICAL CENTER OF OAK RIDGE,TN,OAK RIDGE,Acute Care Hospitals,Voluntary non-profit - Private,4.0,6,4,889.0,5.0,76781.0,1.0235,1,Hip/knee replacement,1.1428,15,0.731
440006,TRISTAR SKYLINE MEDICAL CENTER,TN,NASHVILLE,Acute Care Hospitals,Voluntary non-profit - Private,2.0,4,4,607.0,4.7,70891.0,1.0404,1,Heart attack,1.0518,16,0.836
440156,PARKRIDGE MEDICAL CENTER,TN,CHATTANOOGA,Acute Care Hospitals,Proprietary,4.0,6,3,1440.0,4.4,66719.0,0.987,1,Pneumonia,1.0545,17,0.427
440063,JOHNSON CITY MEDICAL CENTER,TN,JOHNSON CITY,Acute Care Hospitals,Voluntary non-profit - Private,1.0,6,3,1381.0,4.2,63514.0,1.0299,1,Bypass surgery (CABG),1.2914,18,0.775
440091,"MEMORIAL HEALTHCARE SYSTEM, INC",TN,CHATTANOOGA,Acute Care Hospitals,Voluntary non-profit - Church,5.0,6,2,2440.0,4.1,62897.0,0.9248,1,Bypass surgery (CABG),1.1727,19,0.124
440018,SYCAMORE SHOALS HOSPITAL,TN,ELIZABETHTON,Acute Care Hospitals,Voluntary non-profit - Private,2.0,4,3,209.0,3.9,59414.0,1.0926,1,Hip/knee replacement,1.1996,20,0.97
440065,TRISTAR NORTHCREST MEDICAL CENTER,TN,SPRINGFIELD,Acute Care Hospitals,Voluntary non-profit - Other,3.0,4,3,304.0,3.4,52175.0,1.0233,1,Pneumonia,1.0812,21,0.729
440084,SWEETWATER HOSPITAL ASSOCIATION,TN,SWEETWATER,Acute Care Hospitals,Voluntary non-profit - Private,1.0,3,3,274.0,3.0,45181.0,1.0713,1,COPD,1.1003,22,0.94
440161,TRISTAR CENTENNIAL MEDICAL CENTER,TN,NASHVILLE,Acute Care Hospitals,Proprietary,4.0,6,2,1695.0,2.9,44377.0,0.9537,1,Pneumonia,1.0325,23,0.202
440031,ROANE MEDICAL CENTER,TN,HARRIMAN,Acute Care Hospitals,Government - Hospital District or Authority,4.0,3,3,353.0,2.8,42879.0,1.0399,1,Heart failure,1.0829,24,0.833
440002,JACKSON-MADISON COUNTY GENERAL HOSPITAL,TN,JACKSON,Acute Care Hospitals,Government - Hospital District or Authority,3.0,5,2,3526.0,2.8,42045.0,0.9799,1,Bypass surgery (CABG),1.0314,25,0.36
440227,TRISTAR STONECREST MEDICAL CENTER,TN,SMYRNA,Acute Care Hospitals,Proprietary,4.0,5,4,304.0,2.7,40734.0,1.0263,1,Pneumonia,1.0804,26,0.75
440082,ASCENSION SAINT THOMAS HOSPITAL,TN,NASHVILLE,Acute Care Hospitals,Voluntary non-profit - Private,3.0,6,2,3725.0,2.5,38630.0,0.9784,1,Hip/knee replacement,1.0746,27,0.347
440194,TRISTAR HENDERSONVILLE MEDICAL CENTER,TN,HENDERSONVILLE,Acute Care Hospitals,Proprietary,4.0,5,2,656.0,2.4,35892.0,1.0075,1,Hip/knee replacement,1.0575,28,0.603
440193,VANDERBILT WILSON COUNTY HOSPITAL,TN,LEBANON,Acute Care Hospitals,Voluntary non-profit - Private,5.0,5,1,558.0,2.3,34208.0,0.979,1,Pneumonia,1.0653,29,0.352
440187,LIVINGSTON REGIONAL HOSPITAL,TN,LIVINGSTON,Acute Care Hospitals,Proprietary,2.0,3,2,225.0,2.2,33818.0,1.0383,1,Pneumonia,1.1136,30,0.823
440011,BLOUNT MEMORIAL HOSPITAL,TN,MARYVILLE,Acute Care Hospitals,Government - Local,2.0,5,2,1011.0,2.0,30410.0,1.0006,1,Hip/knee replacement,1.0928,31,0.539
440009,CUMBERLAND MEDICAL CENTER,TN,CROSSVILLE,Acute Care Hospitals,Voluntary non-profit - Private,4.0,5,2,537.0,1.6,24629.0,0.9853,1,Heart failure,1.0263,32,0.413
440016,BAPTIST MEMORIAL HOSPITAL - CARROLL COUNTY,TN,HUNTINGDON,Acute Care Hospitals,Voluntary non-profit - Private,4.0,2,1,192.0,1.4,21811.0,1.0378,1,Pneumonia,1.0829,33,0.82
440049,METHODIST HOSPITALS OF MEMPHIS,TN,MEMPHIS,Acute Care Hospitals,Voluntary non-profit - Church,3.0,6,3,3448.0,1.4,21509.0,0.9755,1,Bypass surgery (CABG),1.0422,34,0.323
440056,TENNOVA HEALTHCARE-JEFFERSON MEMORIAL HOSPITAL,TN,JEFFERSON CITY,Acute Care Hospitals,Proprietary,2.0,3,2,243.0,1.4,21006.0,1.0024,1,Heart failure,1.0888,35,0.557
440072,DYERSBURG REGIONAL MEDICAL CENTER,TN,DYERSBURG,Acute Care Hospitals,Proprietary,4.0,3,2,489.0,1.2,17772.0,0.9975,1,COPD,1.0276,36,0.52
440110,FORT LOUDOUN MEDICAL CENTER,TN,LENOIR CITY,Acute Care Hospitals,Voluntary non-profit - Other,4.0,3,3,231.0,1.0,15224.0,1.0202,1,Heart failure,1.0273,37,0.708
440053,SAINT THOMAS RUTHERFORD HOSPITAL,TN,MURFREESBORO,Acute Care Hospitals,Voluntary non-profit - Church,3.0,6,3,1621.0,1.0,15186.0,0.9724,1,Heart attack,1.0417,38,0.297
440057,CLAIBORNE MEDICAL CENTER,TN,TAZEWELL,Acute Care Hospitals,Government - Local,,2,2,103.0,0.9,14459.0,1.0659,1,Heart failure,1.105,39,0.926
440144,VANDERBILT TULLAHOMA-HARTON HOSPITAL,TN,TULLAHOMA,Acute Care Hospitals,Voluntary non-profit - Other,3.0,4,3,536.0,0.9,14033.0,1.0056,1,COPD,1.023,40,0.585
440176,INDIAN PATH COMMUNITY HOSPITAL,TN,KINGSPORT,Acute Care Hospitals,Voluntary non-profit - Private,,1,1,77.0,0.8,12761.0,1.084,1,Pneumonia,1.084,41,0.958
440151,SAINT THOMAS RIVER PARK HOSPITAL,TN,MCMINNVILLE,Acute Care Hospitals,Voluntary non-profit - Private,3.0,3,1,258.0,0.8,11816.0,0.9869,1,Heart failure,1.0401,42,0.427
440197,TRISTAR SOUTHERN HILLS MEDICAL CENTER,TN,NASHVILLE,Acute Care Hospitals,Proprietary,4.0,3,1,237.0,0.6,9395.0,0.9765,1,Heart failure,1.029,43,0.332
440015,"UNIVERSITY HEALTH SYSTEM, INC",TN,KNOXVILLE,Acute Care Hospitals,Voluntary non-profit - Private,4.0,6,3,2022.0,0.5,8316.0,0.9907,1,Hip/knee replacement,1.1779,44,0.455
440003,HIGHPOINT HEALTH-SUMNER WITH ASCENSION SAINT THOMA,TN,GALLATIN,Acute Care Hospitals,Proprietary,3.0,4,2,543.0,0.5,8182.0,1.0103,1,Heart attack,1.0808,45,0.626
440131,BAPTIST MEMORIAL HOSPITAL TIPTON,TN,COVINGTON,Acute Care Hospitals,Voluntary non-profit - Church,3.0,3,3,212.0,0.5,8046.0,1.0149,1,Heart failure,1.0325,46,0.663
440007,UNITY MEDICAL CENTER,TN,MANCHESTER,Acute Care Hospitals,Voluntary non-profit - Private,3.0,2,1,151.0,0.5,7409.0,1.0136,1,COPD,1.0581,47,0.654
440046,TRISTAR HORIZON MEDICAL CENTER,TN,DICKSON,Acute Care Hospitals,Proprietary,3.0,5,3,687.0,0.4,6276.0,0.9806,1,Hip/knee replacement,1.0195,48,0.365
440132,WEST TENNESSEE HEALTHCARE HENRY COUNTY HOSPITAL,TN,PARIS,Acute Care Hospitals,Government - Hospital District or Authority,3.0,3,1,313.0,0.3,4112.0,0.9744,1,Heart failure,1.0203,49,0.312
440109,HARDIN MEDICAL CENTER,TN,SAVANNAH,Acute Care Hospitals,Government - Local,2.0,2,2,112.0,0.3,3830.0,1.011,1,Pneumonia,1.016,50,0.628
440175,SOUTHERN TENNESSEE REGIONAL HEALTH SYSTEM LAWRENCE,TN,LAWRENCEBURG,Acute Care Hospitals,Voluntary non-profit - Other,3.0,3,1,212.0,0.2,2670.0,0.9833,1,Heart failure,1.0137,51,0.389
440184,FRANKLIN WOODS COMMUNITY HOSPITAL,TN,JOHNSON CITY,Acute Care Hospitals,Voluntary non-profit - Private,3.0,3,1,248.0,0.2,2438.0,0.9948,1,Pneumonia,1.0066,52,0.499
440104,ERLANGER MEDICAL CENTER,TN,CHATTANOOGA,Acute Care Hospitals,Government - Hospital District or Authority,4.0,6,1,1108.0,0.0,282.0,0.9068,1,Bypass surgery (CABG),1.0015,53,0.102
440008,HENDERSON COUNTY COMMUNITY HOSPITAL,TN,LEXINGTON,Acute Care Hospitals,Proprietary,,0,0,0.0,0.0,0.0,,0,,,54,0.0
440111,METRO NASHVILLE GENERAL HOSPITAL,TN,NASHVILLE,Acute Care Hospitals,Government - Hospital District or Authority,4.0,0,0,0.0,0.0,0.0,,0,,,54,0.0
440152,REGIONAL ONE HEALTH,TN,MEMPHIS,Acute Care Hospitals,Government - Hospital District or Authority,1.0,0,0,0.0,0.0,0.0,,0,,,54,0.0
440159,DELTA SPECIALTY HOSPITAL,TN,MEMPHIS,Acute Care Hospitals,Proprietary,,0,0,0.0,0.0,0.0,,0,,,54,0.0
440218,SAINT THOMAS HOSPITAL FOR SPINAL SURGERY,TN,NASHVILLE,Acute Care Hospitals,Voluntary non-profit - Other,,0,0,0.0,0.0,0.0,,0,,,54,0.0
440231,TRUSTPOINT HOSPITAL,TN,MURFREESBORO,Acute Care Hospitals,Proprietary,,0,0,0.0,0.0,0.0,,0,,,54,0.0
440238,HAYWOOD COUNTY COMMUNITY HOSPITAL,TN,BROWNSVILLE,Acute Care Hospitals,Proprietary,,0,0,0.0,0.0,0.0,,0,,,54,0.0
440029,WILLIAMSON MEDICAL CENTER,TN,FRANKLIN,Acute Care Hospitals,Government - Hospital District or Authority,5.0,5,0,969.0,0.0,0.0,0.8957,0,COPD,0.9857,54,0.094
440039,VANDERBILT UNIVERSITY MEDICAL CENTER,TN,NASHVILLE,Acute Care Hospitals,Voluntary non-profit - Private,5.0,6,0,2147.0,0.0,0.0,0.9173,0,Heart attack,0.9521,54,0.112
440060,WEST TENNESSEE HEALTHCARE MILAN HOSPITAL,TN,MILAN,Acute Care Hospitals,Government - Local,,1,0,0.0,0.0,0.0,0.9427,0,Pneumonia,0.9427,54,0.163
440033,LAFOLLETTE MEDICAL CENTER,TN,LA FOLLETTE,Acute Care Hospitals,Voluntary non-profit - Church,3.0,2,0,116.0,0.0,0.0,0.9495,0,Pneumonia,0.9528,54,0.189
440081,LECONTE MEDICAL CENTER,TN,SEVIERVILLE,Acute Care Hospitals,Voluntary non-profit - Other,5.0,3,0,245.0,0.0,0.0,0.9527,0,Heart failure,0.9945,54,0.198
440130,BAPTIST MEMORIAL HOSPITAL UNION CITY,TN,UNION CITY,Acute Care Hospitals,Voluntary non-profit - Private,4.0,3,0,260.0,0.0,0.0,0.9574,0,Pneumonia,0.9755,54,0.216
440032,HAWKINS COUNTY MEMORIAL HOSPITAL,TN,ROGERSVILLE,Acute Care Hospitals,Voluntary non-profit - Private,,1,0,0.0,0.0,0.0,0.9646,0,Pneumonia,0.9646,54,0.252
440058,SOUTHERN TENNESSEE REGIONAL HEALTH SYSTEM WINCHEST,TN,WINCHESTER,Acute Care Hospitals,Proprietary,3.0,5,0,170.0,0.0,0.0,0.9685,0,Pneumonia,0.9979,54,0.275
440017,WELLMONT HOLSTON VALLEY MEDICAL CENTER,TN,KINGSPORT,Acute Care Hospitals,Voluntary non-profit - Private,2.0,6,1,1072.0,0.0,0.0,0.9712,1,Hip/knee replacement,1.0549,54,0.289
440068,STARR REGIONAL MEDICAL CENTER ATHENS,TN,ATHENS,Acute Care Hospitals,Proprietary,3.0,3,0,188.0,0.0,0.0,0.9736,0,Heart failure,0.9866,54,0.307
440020,SOUTHERN TENNESSEE REGIONAL HEALTH SYSTEM PULASKI,TN,PULASKI,Acute Care Hospitals,Proprietary,3.0,3,0,170.0,0.0,0.0,0.9755,0,Hip/knee replacement,0.9849,54,0.323
440102,LINCOLN MEDICAL CENTER,TN,FAYETTEVILLE,Acute Care Hospitals,Government - Local,3.0,2,1,0.0,0.0,0.0,0.981,1,Heart failure,1.0185,54,0.37
440148,DEKALB COMMUNITY HOSPITAL,TN,SMITHVILLE,Acute Care Hospitals,Voluntary non-profit - Church,,1,0,0.0,0.0,0.0,0.983,0,Pneumonia,0.983,54,0.387
440061,VOLUNTEER COMMUNITY HOSPITAL,TN,MARTIN,Acute Care Hospitals,Proprietary,2.0,3,1,0.0,0.0,0.0,0.9833,1,COPD,1.0101,54,0.389
440153,TENNOVA HEALTHCARE - NEWPORT MEDICAL CENTER,TN,NEWPORT,Acute Care Hospitals,Proprietary,4.0,3,0,166.0,0.0,0.0,0.9858,0,Pneumonia,0.9941,54,0.418
440137,VANDERBILT BEDFORD HOSPITAL,TN,SHELBYVILLE,Acute Care Hospitals,Proprietary,4.0,3,1,78.0,0.0,0.0,0.987,1,COPD,1.0061,54,0.427
440192,SAINT THOMAS HIGHLANDS HOSPITAL,TN,SPARTA,Acute Care Hospitals,Proprietary,,2,1,0.0,0.0,0.0,1.0083,1,COPD,1.0172,54,0.608
440200,STONES RIVER HOSPITAL,TN,WOODBURY,Acute Care Hospitals,Proprietary,,1,1,0.0,0.0,0.0,1.0158,1,Pneumonia,1.0158,54,0.672
450324,TEXOMA MEDICAL CENTER,TX,DENISON,Acute Care Hospitals,Proprietary,4.0,6,2,2638.0,45.2,686890.0,1.0091,1,Pneumonia,1.1744,1,0.617
450018,UNIVERSITY OF TEXAS MEDICAL BRANCH GALVESTON,TX,GALVESTON,Acute Care Hospitals,Government - State,3.0,5,4,2008.0,25.0,379458.0,1.0701,1,Heart attack,1.1487,2,0.936
450844,HOUSTON METHODIST WILLOWBROOK HOSPITAL,TX,HOUSTON,Acute Care Hospitals,Voluntary non-profit - Private,5.0,5,5,1700.0,23.2,352634.0,1.0485,1,Pneumonia,1.0824,3,0.87
450388,METHODIST HOSPITAL,TX,SAN ANTONIO,Acute Care Hospitals,Proprietary,4.0,6,4,6202.0,20.1,305044.0,1.0093,1,Heart attack,1.0698,4,0.619
450083,UT HEALTH EAST TEXAS TYLER REGIONAL HOSPITAL,TX,TYLER,Acute Care Hospitals,Proprietary,2.0,6,5,2274.0,19.5,296452.0,1.0416,1,Heart attack,1.1497,5,0.842
450184,MEMORIAL HERMANN HOSPITAL SYSTEM,TX,HOUSTON,Acute Care Hospitals,Voluntary non-profit - Private,3.0,6,5,3922.0,18.6,282260.0,1.0574,1,Hip/knee replacement,1.1718,6,0.904
450032,CHRISTUS GOOD SHEPHERD MEDICAL CENTER,TX,LONGVIEW,Acute Care Hospitals,Voluntary non-profit - Private,4.0,5,4,1748.0,17.8,271113.0,1.0379,1,Pneumonia,1.0762,7,0.82
450617,HCA HOUSTON HEALTHCARE CLEAR LAKE,TX,WEBSTER,Acute Care Hospitals,Proprietary,4.0,6,2,1434.0,17.4,264449.0,0.9789,1,Pneumonia,1.1114,8,0.351
450639,TEXAS HEALTH HARRIS METHODIST HURST-EULESS-BEDFORD,TX,BEDFORD,Acute Care Hospitals,Voluntary non-profit - Private,4.0,5,4,1104.0,16.4,249211.0,1.0541,1,Pneumonia,1.1385,9,0.891
450431,ST DAVID'S MEDICAL CENTER,TX,AUSTIN,Acute Care Hospitals,Proprietary,4.0,6,2,3247.0,15.4,234439.0,0.9975,1,Pneumonia,1.1245,10,0.52
450820,HOUSTON METHODIST SUGARLAND HOSPITAL,TX,SUGAR LAND,Acute Care Hospitals,Voluntary non-profit - Private,5.0,6,3,2282.0,13.5,204456.0,1.0548,1,Hip/knee replacement,1.2191,11,0.894
450010,UNITED REGIONAL HEALTH CARE SYSTEM,TX,WICHITA FALLS,Acute Care Hospitals,Voluntary non-profit - Private,3.0,6,3,2442.0,12.2,185330.0,1.0039,1,Bypass surgery (CABG),1.1265,12,0.568
450742,BAYLOR SCOTT AND WHITE MEDICAL CENTER LAKE POINTE,TX,ROWLETT,Acute Care Hospitals,Voluntary non-profit - Private,4.0,5,3,817.0,12.0,182087.0,1.0233,1,Heart failure,1.1098,13,0.729
450403,MEDICAL CENTER OF MCKINNEY,TX,MCKINNEY,Acute Care Hospitals,Proprietary,3.0,5,3,1243.0,11.9,180796.0,1.0412,1,Hip/knee replacement,1.1382,14,0.841
450634,MEDICAL CITY DENTON,TX,DENTON,Acute Care Hospitals,Proprietary,4.0,6,5,993.0,11.4,172707.0,1.0413,1,Pneumonia,1.0884,15,0.842
450023,CITIZENS MEDICAL CENTER,TX,VICTORIA,Acute Care Hospitals,Voluntary non-profit - Other,3.0,5,4,880.0,9.9,150219.0,1.0373,1,Pneumonia,1.0936,16,0.817
450675,MEDICAL CITY ARLINGTON,TX,ARLINGTON,Acute Care Hospitals,Proprietary,2.0,5,4,749.0,9.7,146970.0,1.0577,1,Pneumonia,1.0996,17,0.906
450137,BAYLOR SCOTT AND WHITE ALL SAINTS MEDICAL CENTER,TX,FORT WORTH,Acute Care Hospitals,Voluntary non-profit - Private,4.0,5,4,828.0,9.6,145430.0,1.0339,1,Heart failure,1.0846,18,0.797
450809,NORTH AUSTIN MEDICAL CENTER,TX,AUSTIN,Acute Care Hospitals,Proprietary,3.0,5,3,1038.0,9.2,140402.0,1.0443,1,Pneumonia,1.108,19,0.856
450044,UT OF TEXAS  SOUTHWESTERN UNIVERSITY HOSPITAL - WILLIAM P. CLEMENTS JR.,TX,DALLAS,Acute Care Hospitals,Government - State,4.0,6,4,1505.0,9.2,139554.0,1.0397,1,Heart attack,1.1005,20,0.831
450033,VHS HARLINGEN HOSPITAL COMPANY LLC,TX,HARLINGEN,Acute Care Hospitals,Proprietary,2.0,5,2,664.0,9.2,139239.0,1.0193,1,Pneumonia,1.1422,21,0.7
450119,SOUTH TEXAS HEALTH SYSTEM,TX,EDINBURG,Acute Care Hospitals,Proprietary,4.0,5,3,775.0,9.1,138507.0,1.0281,1,Pneumonia,1.1132,22,0.766
450672,MEDICAL CITY FORT WORTH,TX,FORT WORTH,Acute Care Hospitals,Proprietary,2.0,6,5,846.0,9.1,137473.0,1.0692,1,Heart attack,1.2367,23,0.934
450079,BAYLOR SCOTT & WHITE MEDICAL CENTER AT IRVING,TX,IRVING,Acute Care Hospitals,Voluntary non-profit - Private,5.0,4,3,635.0,9.0,136440.0,1.0529,1,Pneumonia,1.1032,24,0.887
450107,LAS PALMAS MEDICAL CENTER A CAMPUS OF LPDS HEALTHC,TX,EL PASO,Acute Care Hospitals,Proprietary,2.0,6,4,700.0,9.0,136064.0,1.0273,1,Pneumonia,1.1155,25,0.758
450222,HCA HOUSTON HEALTHCARE CONROE,TX,CONROE,Acute Care Hospitals,Proprietary,2.0,5,5,715.0,8.1,123537.0,1.0617,1,Heart attack,1.1348,26,0.917
450237,CHRISTUS SANTA ROSA MEDICAL CENTER,TX,SAN ANTONIO,Acute Care Hospitals,Voluntary non-profit - Private,3.0,6,3,2333.0,7.8,118914.0,1.0146,1,Bypass surgery (CABG),1.0654,27,0.661
450034,CHRISTUS SOUTHEAST TEXAS- ST ELIZABETH,TX,BEAUMONT,Acute Care Hospitals,Voluntary non-profit - Private,4.0,5,2,1133.0,7.8,118719.0,1.0213,1,Heart attack,1.1667,28,0.716
450771,TEXAS HEALTH PRESBYTERIAN HOSPITAL PLANO,TX,PLANO,Acute Care Hospitals,Voluntary non-profit - Private,4.0,6,3,1148.0,7.6,115706.0,0.9758,1,Heart attack,1.1189,29,0.326
450196,PARIS REGIONAL MEDICAL CENTER,TX,PARIS,Acute Care Hospitals,Proprietary,1.0,5,2,1266.0,7.5,113770.0,0.9891,1,COPD,1.1348,30,0.444
450203,MEDICAL CITY WEATHERFORD,TX,WEATHERFORD,Acute Care Hospitals,Proprietary,2.0,5,5,870.0,7.5,113607.0,1.0495,1,Heart attack,1.0693,31,0.874
450372,BAYLOR SCOTT & WHITE MEDICAL CENTER- WAXAHACHIE,TX,WAXAHACHIE,Acute Care Hospitals,Voluntary non-profit - Private,4.0,4,3,820.0,7.4,111761.0,1.051,1,Heart attack,1.1342,32,0.88
450271,MEDICAL CITY DECATUR,TX,,,,,4,3,677.0,7.2,109654.0,1.0573,1,Heart failure,1.1327,33,0.903
670043,ASCENSION SETON CEDAR PARK,TX,CEDAR PARK,Acute Care Hospitals,Voluntary non-profit - Private,3.0,5,5,595.0,6.9,104506.0,1.0593,1,Heart attack,1.1124,34,0.911
450670,HCA HOUSTON HEALTHCARE TOMBALL,TX,TOMBALL,Acute Care Hospitals,Proprietary,3.0,6,5,660.0,6.6,100527.0,1.0432,1,Heart attack,1.1333,35,0.85
450352,HUNT REGIONAL MEDICAL CENTER,TX,GREENVILLE,Acute Care Hospitals,Government - Hospital District or Authority,2.0,5,3,1027.0,6.1,92877.0,1.0113,1,Heart attack,1.0654,36,0.631
450775,HCA HOUSTON HEALTHCARE KINGWOOD,TX,KINGWOOD,Acute Care Hospitals,Proprietary,3.0,6,4,1868.0,5.7,87165.0,1.0418,1,Bypass surgery (CABG),1.1299,37,0.843
450702,LONGVIEW REGIONAL MEDICAL CENTER,TX,LONGVIEW,Acute Care Hospitals,Proprietary,3.0,6,3,1083.0,5.7,86597.0,1.0331,1,Heart attack,1.1642,38,0.793
450686,UNIVERSITY MEDICAL CENTER,TX,LUBBOCK,Acute Care Hospitals,Government - Hospital District or Authority,2.0,5,3,1092.0,5.7,86324.0,1.0192,1,Bypass surgery (CABG),1.0637,39,0.699
450801,CHRISTUS ST MICHAEL HEALTH SYSTEM,TX,TEXARKANA,Acute Care Hospitals,Voluntary non-profit - Private,3.0,6,3,1961.0,5.4,82334.0,0.9936,1,Heart attack,1.1119,40,0.486
450848,MEMORIAL HERMANN SUGAR LAND HOSPITAL,TX,SUGAR LAND,Acute Care Hospitals,Voluntary non-profit - Private,4.0,4,2,615.0,5.3,80853.0,1.0133,1,Heart failure,1.0448,41,0.65
450011,CHI ST JOSEPH HEALTH REGIONAL HOSPITAL,TX,BRYAN,Acute Care Hospitals,Voluntary non-profit - Private,2.0,6,3,1587.0,5.1,77863.0,0.9804,1,Bypass surgery (CABG),1.0488,42,0.364
450152,ADVENTHEALTH CENTRAL TEXAS,TX,KILLEEN,Acute Care Hospitals,Voluntary non-profit - Church,3.0,4,4,667.0,5.0,75872.0,1.0418,1,Pneumonia,1.0858,43,0.843
450087,MEDICAL CITY NORTH HILLS,TX,NORTH RICHLAND HILLS,Acute Care Hospitals,Proprietary,2.0,5,4,587.0,4.8,73532.0,1.0248,1,Heart failure,1.0547,44,0.741
450042,ASCENSION PROVIDENCE,TX,WACO,Acute Care Hospitals,Voluntary non-profit - Private,2.0,6,2,1130.0,4.7,71585.0,0.9729,1,COPD,1.0419,45,0.302
450389,UT HEALTH EAST TEXAS ATHENS HOSPITAL,TX,ATHENS,Acute Care Hospitals,Proprietary,2.0,4,4,527.0,4.7,70932.0,1.0415,1,Pneumonia,1.0765,46,0.842
450056,ASCENSION SETON MEDICAL CENTER AUSTIN,TX,AUSTIN,Acute Care Hospitals,Voluntary non-profit - Private,3.0,6,3,788.0,4.6,70445.0,1.0119,1,Pneumonia,1.0786,47,0.637
670098,RESOLUTE HEALTH HOSPITAL,TX,NEW BRAUNFELS,Acute Care Hospitals,Proprietary,4.0,5,3,376.0,4.0,61567.0,0.9985,1,Heart failure,1.069,48,0.528
450211,CHI ST LUKES HEALTH MEMORIAL LUFKIN,TX,LUFKIN,Acute Care Hospitals,Voluntary non-profit - Private,2.0,4,3,556.0,3.9,60003.0,1.036,1,Heart attack,1.0871,49,0.808
670120,THE HOSPITALS OF PROVIDENCE TRANSMOUNTAIN CAMPUS,TX,EL PASO,Acute Care Hospitals,Proprietary,2.0,3,3,288.0,3.9,58889.0,1.0592,1,Pneumonia,1.1214,50,0.911
670082,BAYLOR SCOTT AND WHITE  MEDICAL CENTER  MCKINNEY,TX,MC KINNEY,Acute Care Hospitals,Voluntary non-profit - Private,4.0,5,5,969.0,3.8,58056.0,1.0454,1,Hip/knee replacement,1.0854,51,0.858
450684,MEMORIAL HERMANN NORTHEAST HOSPITAL,TX,HUMBLE,Acute Care Hospitals,Voluntary non-profit - Private,3.0,4,2,982.0,3.8,57482.0,0.997,1,Pneumonia,1.0459,52,0.515
450231,BSA HOSPITAL,TX,AMARILLO,Acute Care Hospitals,Proprietary,2.0,6,3,2184.0,3.7,56067.0,1.0553,1,Hip/knee replacement,1.2528,53,0.896
670047,THE HOSPITALS OF PROVIDENCE - EAST CAMPUS,TX,EL PASO,Acute Care Hospitals,Proprietary,2.0,3,2,397.0,3.6,55487.0,1.0196,1,Pneumonia,1.1082,54,0.704
450176,MISSION REGIONAL MEDICAL CENTER,TX,MISSION,Acute Care Hospitals,Voluntary non-profit - Private,4.0,4,4,392.0,3.6,54630.0,1.0406,1,Heart failure,1.0695,55,0.837
670080,SETON MEDICAL CENTER HARKER HEIGHTS,TX,HARKER HEIGHTS,Acute Care Hospitals,Proprietary,4.0,4,3,323.0,3.5,53884.0,1.0405,1,Pneumonia,1.0883,56,0.837
670034,BAYLOR SCOTT & WHITE MEDICAL CENTER - ROUND ROCK,TX,ROUND ROCK,Acute Care Hospitals,Voluntary non-profit - Private,4.0,6,3,1299.0,3.5,53572.0,1.0212,1,Bypass surgery (CABG),1.1645,57,0.715
450677,TEXAS HEALTH HUGULEY HOSPITAL FORT WORTH SOUTH,TX,FORT WORTH,Acute Care Hospitals,Voluntary non-profit - Private,3.0,4,2,1026.0,3.5,53532.0,1.0406,1,COPD,1.0959,58,0.837
670055,METHODIST HOSPITAL  STONE OAK,TX,SAN ANTONIO,Acute Care Hospitals,Proprietary,4.0,6,2,1253.0,3.5,52851.0,0.9683,1,Bypass surgery (CABG),1.0989,59,0.274
450072,CHI ST LUKE'S HEALTH BRAZOSPORT,TX,LAKE JACKSON,Acute Care Hospitals,Voluntary non-profit - Private,4.0,4,3,375.0,3.3,50769.0,1.0139,1,Heart failure,1.0725,60,0.656
450713,ST DAVID'S SOUTH AUSTIN MEDICAL CENTER,TX,AUSTIN,Acute Care Hospitals,Proprietary,3.0,6,4,1410.0,3.3,50711.0,0.9981,1,Heart attack,1.0547,61,0.525
450723,METHODIST CHARLTON MEDICAL CENTER,TX,DALLAS,Acute Care Hospitals,Voluntary non-profit - Private,3.0,5,3,750.0,3.3,50224.0,0.9949,1,Heart failure,1.0478,62,0.5
450104,GUADALUPE REGIONAL MEDICAL CENTER,TX,SEGUIN,Acute Care Hospitals,Government - Local,2.0,5,4,440.0,3.2,49080.0,1.1233,1,Hip/knee replacement,1.4782,63,0.986
450709,HOUSTON METHODIST CLEAR LAKE HOSPITAL,TX,NASSAU BAY,Acute Care Hospitals,Voluntary non-profit - Private,5.0,4,2,786.0,3.2,48707.0,1.0162,1,Heart attack,1.1061,64,0.676
450851,BAYLOR SCOTT & WHITE HEART & VASCULAR HOSPITAL - DALLAS,TX,DALLAS,Acute Care Hospitals,Proprietary,5.0,2,1,336.0,3.2,48403.0,1.0479,1,Heart attack,1.1572,65,0.867
670088,BAYLOR SCOTT & WHITE MEDICAL CENTER- COLLEGE STATI,TX,COLLEGE STATION,Acute Care Hospitals,Voluntary non-profit - Private,4.0,6,4,785.0,3.2,48112.0,1.034,1,Hip/knee replacement,1.1504,66,0.798
450346,BAPTIST BEAUMONT HOSPITAL,TX,BEAUMONT,Acute Care Hospitals,Voluntary non-profit - Private,3.0,5,2,722.0,3.1,47675.0,0.9981,1,Pneumonia,1.0473,67,0.525
450200,WADLEY REGIONAL MEDICAL CENTER,TX,TEXARKANA,Acute Care Hospitals,Physician,,4,3,422.0,2.9,44443.0,1.0133,1,Pneumonia,1.0743,68,0.65
450508,NACOGDOCHES MEMORIAL HOSPITAL,TX,NACOGDOCHES,Acute Care Hospitals,Proprietary,2.0,5,3,240.0,2.9,44409.0,1.0177,1,Pneumonia,1.1042,69,0.689
670077,HOUSTON METHODIST WEST HOSPITAL,TX,HOUSTON,Acute Care Hospitals,Voluntary non-profit - Private,5.0,6,2,1190.0,2.9,44172.0,1.0187,1,Hip/knee replacement,1.2448,70,0.696
670069,METHODIST MCKINNEY HOSPITAL,TX,MCKINNEY,Acute Care Hospitals,Physician,,1,1,276.0,2.7,41553.0,1.2551,1,Hip/knee replacement,1.2551,71,0.998
450678,WHITE ROCK MEDICAL CENTER,TX,DALLAS,Acute Care Hospitals,Proprietary,2.0,3,3,217.0,2.7,41530.0,1.0512,1,Pneumonia,1.0741,72,0.881
450743,TEXAS HEALTH PRESBYTERIAN HOSPITAL DENTON,TX,DENTON,Acute Care Hospitals,Voluntary non-profit - Private,5.0,5,2,1141.0,2.6,40290.0,0.965,1,Pneumonia,1.0335,73,0.254
450662,VALLEY REGIONAL MEDICAL CENTER,TX,BROWNSVILLE,Acute Care Hospitals,Proprietary,2.0,4,3,402.0,2.5,38230.0,1.0425,1,Bypass surgery (CABG),1.0701,74,0.846
450447,NAVARRO REGIONAL HOSPITAL,TX,CORSICANA,Acute Care Hospitals,Government - Hospital District or Authority,2.0,4,3,278.0,2.4,36083.0,1.0458,1,Hip/knee replacement,1.098,75,0.861
450068,MEMORIAL HERMANN - TEXAS MEDICAL CENTER,TX,HOUSTON,Acute Care Hospitals,Voluntary non-profit - Private,4.0,5,2,1191.0,2.3,35605.0,0.9742,1,Pneumonia,1.0374,76,0.312
450133,MIDLAND MEMORIAL HOSPITAL,TX,MIDLAND,Acute Care Hospitals,Government - Hospital District or Authority,1.0,5,3,726.0,2.3,35572.0,1.0172,1,COPD,1.0904,77,0.684
450788,"CORPUS CHRISTI MEDICAL CENTER,THE",TX,CORPUS CHRISTI,Acute Care Hospitals,Voluntary non-profit - Other,4.0,5,1,1161.0,2.3,34812.0,1.0037,1,Bypass surgery (CABG),1.2193,78,0.566
450643,DOCTORS HOSPITAL OF LAREDO,TX,LAREDO,Acute Care Hospitals,Proprietary,4.0,4,1,268.0,2.3,34530.0,1.0053,1,Pneumonia,1.0872,79,0.582
450647,MEDICAL CITY DALLAS HOSPITAL,TX,DALLAS,Acute Care Hospitals,Proprietary,3.0,6,5,1081.0,2.3,34469.0,1.037,1,Hip/knee replacement,1.1704,80,0.814
450064,TEXAS HEALTH ARLINGTON MEMORIAL HOSPITAL,TX,ARLINGTON,Acute Care Hospitals,Voluntary non-profit - Private,4.0,3,2,671.0,2.1,31946.0,1.0169,1,COPD,1.0494,81,0.681
450638,HCA HOUSTON HEALTHCARE NORTHWEST,TX,HOUSTON,Acute Care Hospitals,Proprietary,2.0,3,3,207.0,2.0,29791.0,1.0508,1,Heart attack,1.0644,82,0.879
450147,DE TAR HOSPITAL NAVARRO,TX,VICTORIA,Acute Care Hospitals,Proprietary,2.0,4,2,693.0,1.9,29492.0,1.002,1,Heart attack,1.0965,83,0.554
670060,BAYLOR SCOTT AND WHITE MEDICAL CENTER SUNNYVALE,TX,SUNNYVALE,Acute Care Hospitals,Proprietary,2.0,4,2,275.0,1.9,28655.0,1.0131,1,Pneumonia,1.0806,84,0.647
450656,NACOGDOCHES MEDICAL CENTER,TX,NACOGDOCHES,Acute Care Hospitals,Voluntary non-profit - Other,3.0,5,3,554.0,1.9,28360.0,1.0103,1,Heart attack,1.034,85,0.626
450229,HENDRICK MEDICAL CENTER,TX,ABILENE,Acute Care Hospitals,Voluntary non-profit - Private,3.0,6,2,3048.0,1.9,28238.0,0.9585,1,Heart attack,1.0354,86,0.222
450347,HUNTSVILLE MEMORIAL HOSPITAL,TX,HUNTSVILLE,Acute Care Hospitals,Voluntary non-profit - Private,2.0,3,3,356.0,1.7,26382.0,1.0295,1,Heart failure,1.083,87,0.773
450669,MEDICAL CITY LEWISVILLE,TX,LEWISVILLE,Acute Care Hospitals,Voluntary non-profit - Private,3.0,4,3,475.0,1.7,25909.0,1.0188,1,Pneumonia,1.0382,88,0.697
450571,SHANNON MEDICAL CENTER,TX,SAN ANGELO,Acute Care Hospitals,Voluntary non-profit - Private,3.0,6,3,1676.0,1.6,24456.0,0.9992,1,Bypass surgery (CABG),1.0995,89,0.532
450688,DALLAS REGIONAL MEDICAL CENTER,TX,MESQUITE,Acute Care Hospitals,Proprietary,3.0,4,2,362.0,1.4,21656.0,0.9876,1,COPD,1.0824,90,0.433
450876,LUBBOCK HEART HOSPITAL LP,TX,LUBBOCK,Acute Care Hospitals,Government - Hospital District or Authority,2.0,5,2,359.0,1.4,21467.0,1.0045,1,Bypass surgery (CABG),1.128,91,0.574
450046,CHRISTUS SPOHN HOSPITAL CORPUS CHRISTI,TX,CORPUS CHRISTI,Acute Care Hospitals,Voluntary non-profit - Private,3.0,6,3,1106.0,1.4,20489.0,1.0024,1,Bypass surgery (CABG),1.1332,92,0.557
670056,ASCENSION  SETON HAYS,TX,KYLE,Acute Care Hospitals,Voluntary non-profit - Private,3.0,5,2,673.0,1.3,19291.0,0.987,1,Heart attack,1.0904,93,0.427
450029,LAREDO MEDICAL CENTER,TX,LAREDO,Acute Care Hospitals,Proprietary,4.0,4,2,701.0,1.2,18480.0,0.991,1,Heart attack,1.0441,94,0.458
450596,LAKE GRANBURY MEDICAL CENTER,TX,GRANBURY,Acute Care Hospitals,Proprietary,3.0,4,1,337.0,1.2,18294.0,0.986,1,Heart failure,1.0519,95,0.42
450893,THE HEART HOSPITAL BAYLOR DENTON,TX,DENTON,Acute Care Hospitals,Physician,5.0,3,2,530.0,1.2,18271.0,0.9739,1,Heart failure,1.0406,96,0.31
670122,HOUSTON METHODIST THE WOODLANDS HOSPITAL,TX,THE WOODLANDS,Acute Care Hospitals,Voluntary non-profit - Private,5.0,6,3,1873.0,1.2,17833.0,1.0044,1,Bypass surgery (CABG),1.0583,97,0.572
450518,THE MEDICAL CENTER OF SOUTHEAST TEXAS,TX,PORT ARTHUR,Acute Care Hospitals,Physician,3.0,5,4,408.0,1.2,17591.0,1.0313,1,Bypass surgery (CABG),1.0851,98,0.782
450469,WILSON N JONES REGIONAL MEDICAL CENTER,TX,SHERMAN,Acute Care Hospitals,Proprietary,2.0,4,1,113.0,1.1,16884.0,0.9878,1,Heart failure,1.0525,99,0.435
450563,BAYLOR SCOTT & WHITE MEDICAL CENTER  GRAPEVINE,TX,GRAPEVINE,Acute Care Hospitals,Voluntary non-profit - Private,4.0,5,3,1186.0,1.1,16857.0,1.0181,1,Hip/knee replacement,1.1048,100,0.692
450651,MEDICAL CITY PLANO,TX,PLANO,Acute Care Hospitals,Proprietary,3.0,6,2,1575.0,1.1,16656.0,0.9986,1,Hip/knee replacement,1.0569,101,0.528
450213,UNIVERSITY HEALTH SYSTEM,TX,SAN ANTONIO,Acute Care Hospitals,Government - Hospital District or Authority,3.0,5,2,316.0,1.1,16507.0,0.9923,1,Heart failure,1.0345,102,0.47
450875,QUAIL CREEK SURGICAL HOSPITAL,TX,AMARILLO,Acute Care Hospitals,Proprietary,,1,1,179.0,1.1,16507.0,1.1269,1,Hip/knee replacement,1.1269,102,0.987
450054,BAYLOR SCOTT & WHITE MEDICAL CENTER - TEMPLE,TX,TEMPLE,Acute Care Hospitals,Voluntary non-profit - Private,5.0,6,4,1481.0,1.1,16490.0,0.9943,1,Hip/knee replacement,1.0822,104,0.493
450747,PALESTINE REGIONAL MEDICAL CENTER,TX,PALESTINE,Acute Care Hospitals,Proprietary,1.0,3,3,276.0,1.1,16310.0,1.0378,1,COPD,1.0873,105,0.82
450668,SIERRA MEDICAL CENTER,TX,EL PASO,Acute Care Hospitals,Proprietary,2.0,5,3,330.0,1.1,16008.0,1.0593,1,Bypass surgery (CABG),1.2096,106,0.911
450101,BAYLOR SCOTT & WHITE MEDICAL CENTER HILLCREST,TX,WACO,Acute Care Hospitals,Voluntary non-profit - Private,4.0,5,2,695.0,1.0,15683.0,0.9718,1,COPD,1.0317,107,0.293
670106,HCA HOUSTON HEALTHCARE PEARLAND,TX,PEARLAND,Acute Care Hospitals,Proprietary,3.0,2,2,156.0,1.0,15618.0,1.0339,1,Pneumonia,1.0381,108,0.797
450058,BAPTIST MEDICAL CENTER,TX,SAN ANTONIO,Acute Care Hospitals,Proprietary,3.0,6,1,2550.0,1.0,14800.0,0.9639,1,Hip/knee replacement,1.098,109,0.248
450015,PARKLAND HEALTH & HOSPITAL SYSTEM,TX,DALLAS,Acute Care Hospitals,Government - Hospital District or Authority,3.0,4,2,360.0,0.9,14462.0,1.0297,1,Heart attack,1.0832,110,0.774
450021,BAYLOR UNIVERSITY MEDICAL CENTER,TX,DALLAS,Acute Care Hospitals,Voluntary non-profit - Private,4.0,6,2,1470.0,0.9,14051.0,0.9873,1,Hip/knee replacement,1.1551,111,0.431
450822,MEDICAL CITY LAS COLINAS,TX,IRVING,Acute Care Hospitals,Proprietary,4.0,3,2,195.0,0.9,13661.0,1.0149,1,Pneumonia,1.0496,112,0.663
450484,WOODLAND HEIGHTS MEDICAL CENTER,TX,LUFKIN,Acute Care Hospitals,Proprietary,3.0,6,3,715.0,0.9,13634.0,1.002,1,Bypass surgery (CABG),1.1237,113,0.554
450890,BAYLOR SCOTT & WHITE MEDICAL CENTER PLANO,TX,PLANO,Acute Care Hospitals,Voluntary non-profit - Other,4.0,5,3,830.0,0.9,13354.0,1.0473,1,Hip/knee replacement,1.2185,114,0.865
450694,EL CAMPO MEMORIAL HOSPITAL,TX,EL CAMPO,Acute Care Hospitals,Voluntary non-profit - Other,3.0,2,1,85.0,0.9,13053.0,0.9889,1,Heart failure,1.0458,115,0.442
450272,CHRISTUS SANTA ROSA HOSPITAL-SAN MARCOS,TX,SAN MARCOS,Acute Care Hospitals,Voluntary non-profit - Church,4.0,4,3,339.0,0.8,12644.0,1.0078,1,Pneumonia,1.0524,116,0.605
450659,HCA HOUSTON HEALTHCARE MEDICAL CENTER,TX,HOUSTON,Acute Care Hospitals,Proprietary,4.0,3,2,158.0,0.8,12572.0,1.0321,1,Pneumonia,1.0733,117,0.787
450779,TEXAS HEALTH HARRIS METHODIST HOSPITAL SOUTHWEST F,TX,FORT WORTH,Acute Care Hospitals,Voluntary non-profit - Private,5.0,5,1,1107.0,0.7,11029.0,0.9884,1,Heart attack,1.0422,118,0.439
450135,TEXAS HEALTH HARRIS METHODIST FORT WORTH,TX,FORT WORTH,Acute Care Hospitals,Voluntary non-profit - Private,4.0,5,1,2004.0,0.7,10734.0,0.9576,1,COPD,1.0216,119,0.217
450718,ROUND ROCK MEDICAL CENTER,TX,ROUND ROCK,Acute Care Hospitals,Proprietary,3.0,5,1,1100.0,0.7,10263.0,0.978,1,Bypass surgery (CABG),1.0519,120,0.343
450644,HCA HOUSTON HEALTHCARE WEST,TX,HOUSTON,Acute Care Hospitals,Proprietary,1.0,4,3,318.0,0.7,10140.0,1.0032,1,Heart failure,1.0225,121,0.563
450097,HCA HOUSTON HEALTHCARE SOUTHEAST,TX,PASADENA,Acute Care Hospitals,Proprietary,3.0,5,2,261.0,0.7,9947.0,1.0032,1,Heart attack,1.0395,122,0.563
450711,RIO GRANDE REGIONAL HOSPITAL,TX,MCALLEN,Acute Care Hospitals,Proprietary,4.0,3,1,285.0,0.7,9834.0,1.0059,1,Pneumonia,1.0217,123,0.59
450330,OAKBEND MEDICAL CENTER,TX,RICHMOND,Acute Care Hospitals,Government - Hospital District or Authority,3.0,3,1,148.0,0.6,9518.0,1.0071,1,Pneumonia,1.0402,124,0.6
670041,ASCENSION SETON WILLIAMSON,TX,ROUND ROCK,Acute Care Hospitals,Voluntary non-profit - Private,4.0,5,2,474.0,0.6,9430.0,0.9638,1,Heart failure,1.0137,125,0.247
670023,METHODIST MANSFIELD MEDICAL CENTER,TX,MANSFIELD,Acute Care Hospitals,Voluntary non-profit - Private,4.0,6,3,774.0,0.6,8784.0,1.0043,1,Bypass surgery (CABG),1.0465,126,0.571
670260,TEXAS HEALTH HOSPITAL FRISCO,TX,FRISCO,Acute Care Hospitals,Voluntary non-profit - Private,4.0,4,3,305.0,0.5,8240.0,1.0041,1,COPD,1.0483,127,0.57
450424,HOUSTON METHODIST BAYTOWN HOSPITAL,TX,BAYTOWN,Acute Care Hospitals,Voluntary non-profit - Private,5.0,5,1,1063.0,0.5,8125.0,0.948,1,COPD,1.0248,128,0.182
450654,STARR COUNTY MEMORIAL HOSPITAL,TX,RIO GRANDE CITY,Acute Care Hospitals,Government - Hospital District or Authority,2.0,2,1,73.0,0.5,8059.0,1.0186,1,Pneumonia,1.0419,129,0.695
450092,FORT DUNCAN MEDICAL CENTER,TX,EAGLE PASS,Acute Care Hospitals,Proprietary,3.0,2,1,149.0,0.5,7547.0,1.0129,1,Heart failure,1.0503,130,0.646
450028,VALLEY BAPTIST MEDICAL CENTER- BROWNSVILLE,TX,BROWNSVILLE,Acute Care Hospitals,Proprietary,3.0,4,2,324.0,0.5,7296.0,1.0013,1,Pneumonia,1.0099,131,0.548
450082,CHRISTUS SPOHN HOSPITAL BEEVILLE,TX,BEEVILLE,Acute Care Hospitals,Voluntary non-profit - Private,2.0,2,1,99.0,0.5,7018.0,1.0291,1,Pneumonia,1.0609,132,0.771
450051,METHODIST DALLAS MEDICAL CENTER,TX,DALLAS,Acute Care Hospitals,Voluntary non-profit - Other,3.0,4,1,305.0,0.5,6815.0,0.9787,1,COPD,1.0346,133,0.35
450351,TEXAS HEALTH HARRIS METHODIST HOSPITAL STEPHENVILL,TX,STEPHENVILLE,Acute Care Hospitals,Voluntary non-profit - Private,4.0,2,1,171.0,0.5,6767.0,1.0143,1,Heart failure,1.048,134,0.658
450885,BAYLOR SCOTT &  WHITE MEDICAL CENTER - CENTENNIAL,TX,FRISCO,Acute Care Hospitals,Voluntary non-profit - Private,5.0,4,2,374.0,0.4,6562.0,0.9993,1,COPD,1.0309,135,0.533
450024,UNIVERSITY MEDICAL CENTER OF EL PASO,TX,EL PASO,Acute Care Hospitals,Physician,3.0,4,2,163.0,0.4,6395.0,1.0149,1,Heart attack,1.0637,136,0.663
450869,DOCTORS HOSPTAL AT RENAISSANCE,TX,EDINBURG,Acute Care Hospitals,Physician,3.0,6,2,444.0,0.4,6333.0,1.0111,1,Hip/knee replacement,1.1454,137,0.629
450395,CHI ST LUKES HEALTH MEMORIAL LIVINGSTON,TX,LIVINGSTON,Acute Care Hospitals,Voluntary non-profit - Private,4.0,3,1,52.0,0.4,6307.0,1.0015,1,Heart failure,1.0507,138,0.55
450002,THE HOSPITALS OF PROVIDENCE - MEMORIAL CAMPUS,TX,EL PASO,Acute Care Hospitals,Proprietary,2.0,3,1,102.0,0.4,6155.0,1.0036,1,Pneumonia,1.0254,139,0.565
450289,HARRIS HEALTH,TX,HOUSTON,Acute Care Hospitals,Government - Hospital District or Authority,3.0,1,1,54.0,0.4,6139.0,1.0334,1,Heart failure,1.0334,140,0.795
450653,SCENIC MOUNTAIN MEDICAL CENTER,TX,BIG SPRING,Acute Care Hospitals,Proprietary,,2,1,50.0,0.4,6036.0,1.0114,1,Pneumonia,1.0566,141,0.632
670053,ST LUKE'S SUGAR LAND HOSPITAL,TX,SUGAR LAND,Acute Care Hospitals,Voluntary non-profit - Private,3.0,2,2,177.0,0.4,5635.0,1.0102,1,Pneumonia,1.0169,142,0.625
450855,HARLINGEN MEDICAL CENTER,TX,HARLINGEN,Acute Care Hospitals,Proprietary,4.0,6,2,397.0,0.4,5551.0,0.9813,1,Heart attack,1.044,143,0.373
450128,KNAPP MEDICAL CENTER,TX,WESLACO,Acute Care Hospitals,Voluntary non-profit - Private,5.0,2,1,203.0,0.4,5471.0,1.0034,1,Pneumonia,1.0197,144,0.564
450400,PARKVIEW REGIONAL HOSPITAL,TX,MEXIA,Acute Care Hospitals,Proprietary,,1,1,75.0,0.3,5276.0,1.0329,1,Pneumonia,1.0329,145,0.792
450867,ASCENSION SETON NORTHWEST,TX,AUSTIN,Acute Care Hospitals,Voluntary non-profit - Private,4.0,4,4,155.0,0.3,5270.0,1.023,1,Hip/knee replacement,1.0418,146,0.727
450862,ST LUKE'S THE WOODLANDS HOSPITAL,TX,THE WOODLANDS,Acute Care Hospitals,Voluntary non-profit - Private,3.0,5,2,804.0,0.3,5230.0,1.0158,1,Bypass surgery (CABG),1.0789,147,0.672
450154,VAL VERDE REGIONAL MEDICAL CENTER,TX,DEL RIO,Acute Care Hospitals,Government - Hospital District or Authority,3.0,3,2,184.0,0.3,5059.0,1.0015,1,Heart failure,1.0238,148,0.55
670031,ST LUKE'S PATIENTS MEDICAL CENTER,TX,PASADENA,Acute Care Hospitals,Proprietary,3.0,3,2,181.0,0.3,4916.0,1.0082,1,Pneumonia,1.0248,149,0.607
670075,ST LUKE'S HOSPITAL AT THE VINTAGE,TX,HOUSTON,Acute Care Hospitals,Voluntary non-profit - Private,4.0,4,2,205.0,0.3,4173.0,0.9911,1,Heart failure,1.0132,150,0.458
450163,CHRISTUS SPOHN HOSPITAL KLEBERG,TX,KINGSVILLE,Acute Care Hospitals,Voluntary non-profit - Private,2.0,2,1,43.0,0.3,3854.0,1.0027,1,Heart failure,1.0294,151,0.559
450847,MEMORIAL HERMANN KATY HOSPITAL,TX,KATY,Acute Care Hospitals,Voluntary non-profit - Private,3.0,4,1,1007.0,0.2,3442.0,0.9623,1,Heart attack,1.0235,152,0.238
450730,CARROLLTON REGIONAL MEDICAL CENTER,TX,CARROLLTON,Acute Care Hospitals,Proprietary,2.0,4,3,170.0,0.2,3085.0,1.0021,1,Heart attack,1.0472,153,0.555
450165,METHODIST HOSPITAL ATASCOSA,TX,JOURDANTON,Acute Care Hospitals,Proprietary,3.0,2,1,49.0,0.2,3075.0,0.9904,1,Heart failure,1.0219,154,0.453
670044,TEXAS HEALTH PRESBYTERIAN HOSPITAL ROCKWALL,TX,ROCKWALL,Acute Care Hospitals,Proprietary,5.0,3,2,420.0,0.2,3025.0,0.9758,1,COPD,1.0059,155,0.326
450379,DALLAS MEDICAL CENTER,TX,DALLAS,Acute Care Hospitals,Proprietary,3.0,2,2,56.0,0.2,2941.0,1.0389,1,Heart failure,1.0574,156,0.826
450610,MEMORIAL HERMANN MEMORIAL CITY HOSPITAL,TX,HOUSTON,Acute Care Hospitals,Voluntary non-profit - Private,4.0,5,1,1119.0,0.2,2935.0,0.9321,1,Heart attack,1.0112,157,0.137
450007,PETERSON REGIONAL MEDICAL CENTER,TX,KERRVILLE,Acute Care Hospitals,Voluntary non-profit - Private,4.0,4,1,651.0,0.2,2915.0,0.9699,1,Heart attack,1.0126,158,0.283
450370,COLUMBUS COMMUNITY HOSPITAL,TX,COLUMBUS,Acute Care Hospitals,Voluntary non-profit - Private,2.0,2,1,57.0,0.2,2459.0,0.9748,1,Heart failure,1.0167,159,0.316
450080,TITUS REGIONAL MEDICAL CENTER,TX,MOUNT PLEASANT,Acute Care Hospitals,Government - Hospital District or Authority,3.0,4,1,257.0,0.1,2128.0,0.9678,1,Heart failure,1.0086,160,0.271
450828,CHRISTUS SPOHN HOSPITAL ALICE,TX,ALICE,Acute Care Hospitals,Voluntary non-profit - Private,3.0,3,1,80.0,0.1,1820.0,0.9762,1,Pneumonia,1.009,161,0.329
450040,COVENANT MEDICAL CENTER,TX,LUBBOCK,Acute Care Hospitals,Voluntary non-profit - Private,3.0,5,1,1521.0,0.1,1812.0,0.9329,1,COPD,1.0055,162,0.139
450604,HILL COUNTRY MEMORIAL HOSPITAL,TX,FREDERICKSBURG,Acute Care Hospitals,Proprietary,4.0,4,1,81.0,0.1,1666.0,0.9511,1,Heart failure,1.0082,163,0.195
670103,MEDICAL CITY ALLIANCE,TX,FORT WORTH,Acute Care Hospitals,Voluntary non-profit - Private,3.0,4,3,272.0,0.0,106.0,1.0062,1,Heart attack,1.0249,164,0.592
450143,ASCENSION SETON SMITHVILLE,TX,,,,,0,0,0.0,0.0,0.0,,0,,,165,0.0
450162,GRACE SURGICAL HOSPITAL,TX,LUBBOCK,Acute Care Hospitals,Voluntary non-profit - Private,,0,0,0.0,0.0,0.0,,0,,,165,0.0
450253,BELLVILLE MEDICAL CENTER,TX,BELLVILLE,Acute Care Hospitals,Government - Hospital District or Authority,,0,0,0.0,0.0,0.0,,0,,,165,0.0
450489,MEDICAL ARTS HOSPITAL,TX,LAMESA,Acute Care Hospitals,Government - Hospital District or Authority,,0,0,0.0,0.0,0.0,,0,,,165,0.0
450674,"WOMANS HOSPITAL OF TEXAS,THE",TX,HOUSTON,Acute Care Hospitals,Proprietary,4.0,0,0,0.0,0.0,0.0,,0,,,165,0.0
450698,LAMB HEALTHCARE CENTER,TX,LITTLEFIELD,Acute Care Hospitals,Government - Local,,0,0,0.0,0.0,0.0,,0,,,165,0.0
450808,NORTHWEST HILLS SURGICAL HOSPITAL,TX,AUSTIN,Acute Care Hospitals,Voluntary non-profit - Private,,0,0,0.0,0.0,0.0,,0,,,165,0.0
450825,CORNERSTONE REGIONAL HOSPITAL,TX,EDINBURG,Acute Care Hospitals,Proprietary,,0,0,0.0,0.0,0.0,,0,,,165,0.0
450831,SURGERY SPECIALTY HOSPITALS OF AMERICA SE HOUSTON,TX,PASADENA,Acute Care Hospitals,Proprietary,,0,0,0.0,0.0,0.0,,0,,,165,0.0
450872,USMD HOSPITAL AT ARLINGTON L P,TX,ARLINGTON,Acute Care Hospitals,Physician,,0,0,0.0,0.0,0.0,,0,,,165,0.0
450891,TEXAS HEALTH CENTER FOR DIAGNOSTICS & SURGERY PLAN,TX,PLANO,Acute Care Hospitals,Physician,,0,0,0.0,0.0,0.0,,0,,,165,0.0
670010,MAYHILL HOSPITAL,TX,DENTON,Acute Care Hospitals,Proprietary,,0,0,0.0,0.0,0.0,,0,,,165,0.0
670059,CHI ST LUKES LAKESIDE HOSPITAL,TX,THE WOODLANDS,Acute Care Hospitals,Voluntary non-profit - Other,,0,0,0.0,0.0,0.0,,0,,,165,0.0
670090,CRESCENT MEDICAL CENTER LANCASTER,TX,LANCASTER,Acute Care Hospitals,Proprietary,2.0,0,0,0.0,0.0,0.0,,0,,,165,0.0
670093,ASPIRE HOSPITAL,TX,CONROE,Acute Care Hospitals,Physician,,0,0,0.0,0.0,0.0,,0,,,165,0.0
670102,"AD HOSPITAL EAST, LLC",TX,HOUSTON,Acute Care Hospitals,Proprietary,,0,0,0.0,0.0,0.0,,0,,,165,0.0
670107,BAYLOR SCOTT AND WHITE EMERGENCY HOSPITAL,TX,BURLESON,Acute Care Hospitals,Proprietary,,0,0,0.0,0.0,0.0,,0,,,165,0.0
670109,BAYTOWN MEDICAL CENTER LP,TX,BAYTOWN,Acute Care Hospitals,Proprietary,,0,0,0.0,0.0,0.0,,0,,,165,0.0
670115,CLEVELAND EMERGENCY HOSPITAL,TX,HUMBLE,Acute Care Hospitals,Proprietary,,0,0,0.0,0.0,0.0,,0,,,165,0.0
670121,SAINT CAMILLUS MEDICAL CENTER,TX,HURST,Acute Care Hospitals,Proprietary,,0,0,0.0,0.0,0.0,,0,,,165,0.0
670125,TEXAS CENTER FOR INFECTIOUS DISEASE,TX,SAN ANTONIO,Acute Care Hospitals,Government - State,,0,0,0.0,0.0,0.0,,0,,,165,0.0
670131,BAYLOR SCOTT & WHITE MEDICAL CENTER - BUDA,TX,BUDA,Acute Care Hospitals,Voluntary non-profit - Private,,0,0,0.0,0.0,0.0,,0,,,165,0.0
670132,METHODIST SOUTHLAKE MEDICAL CENTER,TX,SOUTHLAKE,Acute Care Hospitals,Proprietary,,0,0,0.0,0.0,0.0,,0,,,165,0.0
670135,"ALTUS HOUSTON HOSPITAL, LP",TX,HOUSTON,Acute Care Hospitals,Proprietary,,0,0,0.0,0.0,0.0,,0,,,165,0.0
670265,LEGENT ORTHOPEDIC HOSPITAL,TX,GRAPEVINE,Acute Care Hospitals,Proprietary,,0,0,0.0,0.0,0.0,,0,,,165,0.0
670266,TOWNSEN MEMORIAL HOSPITAL,TX,HUMBLE,Acute Care Hospitals,Proprietary,,0,0,0.0,0.0,0.0,,0,,,165,0.0
670267,THE WOODLANDS SPECIALTY HOSPITAL,TX,SPRING,Acute Care Hospitals,Proprietary,,0,0,0.0,0.0,0.0,,0,,,165,0.0
670285,ELITE HOSPITAL KINGWOOD,TX,KINGWOOD,Acute Care Hospitals,Proprietary,,0,0,0.0,0.0,0.0,,0,,,165,0.0
670314,ST MICHAELS MEDICAL HOSPITAL LLC,TX,SUGAR LAND,Acute Care Hospitals,Proprietary,,0,0,0.0,0.0,0.0,,0,,,165,0.0
670320,EAST HOUSTON MEDICAL CENTER,TX,HOUSTON,Acute Care Hospitals,Proprietary,,0,0,0.0,0.0,0.0,,0,,,165,0.0
670321,ADVANCED DALLAS HOSPITALS AND CLINICS,TX,DALLAS,Acute Care Hospitals,Proprietary,,0,0,0.0,0.0,0.0,,0,,,165,0.0
670322,LEGENT SURGICAL HOSPITAL PLANO,TX,PLANO,Acute Care Hospitals,Proprietary,,0,0,0.0,0.0,0.0,,0,,,165,0.0
670326,BRUSHY CREEK FAMILY HOSPITAL LLC,TX,ROUND ROCK,Acute Care Hospitals,Proprietary,,0,0,0.0,0.0,0.0,,0,,,165,0.0
670327,EXCEPTIONAL COMMUNITY HOSPITAL LUBBOCK,TX,LUBBOCK,Acute Care Hospitals,Proprietary,,0,0,0.0,0.0,0.0,,0,,,165,0.0
670331,MID COAST MEDICAL CENTER-TRINITY,TX,TRINITY,Acute Care Hospitals,Voluntary non-profit - Other,,0,0,0.0,0.0,0.0,,0,,,165,0.0
670333,WESTOVER HILLS BAPTIST HOSPITAL,TX,SAN ANTONIO,Acute Care Hospitals,Proprietary,,0,0,0.0,0.0,0.0,,0,,,165,0.0
670335,UT HEALTH SAN ANTONIO MULTISPECIALTY & RESEARCH HO,TX,SAN ANTONIO,Acute Care Hospitals,Government - State,,0,0,0.0,0.0,0.0,,0,,,165,0.0
670336,BANDERA FAMILY HOSPITAL,TX,SAN ANTONIO,Acute Care Hospitals,Proprietary,,0,0,0.0,0.0,0.0,,0,,,165,0.0
670340,METHODIST CELINA MEDICAL CENTER,TX,CELINA,Acute Care Hospitals,Voluntary non-profit - Private,,0,0,0.0,0.0,0.0,,0,,,165,0.0
670342,HOUSTON METHODIST CYPRESS HOSPITAL,TX,CYPRESS,Acute Care Hospitals,Voluntary non-profit - Private,,0,0,0.0,0.0,0.0,,0,,,165,0.0
450804,TEXAS ORTHOPEDIC HOSPITAL,TX,HOUSTON,Acute Care Hospitals,Voluntary non-profit - Other,,1,0,1082.0,0.0,0.0,0.5709,0,Hip/knee replacement,0.5709,165,0.073
670008,MEMORIAL HERMANN HOUSTON PHYSICIANS HOSPITAL,TX,WEBSTER,Acute Care Hospitals,Physician,,1,0,0.0,0.0,0.0,0.6946,0,Hip/knee replacement,0.6946,165,0.076
450864,BAYLOR SCOTT & WHITE TEXAS SPINE & JOINT HOSPITAL,TX,TYLER,Acute Care Hospitals,Physician,5.0,1,0,899.0,0.0,0.0,0.7587,0,Hip/knee replacement,0.7587,165,0.079
670112,LEGENT ORTHOPEDIC + SPINE,TX,SAN ANTONIO,Acute Care Hospitals,Proprietary,,1,0,0.0,0.0,0.0,0.7973,0,Hip/knee replacement,0.7973,165,0.08
450856,SOUTH TEXAS SPINE AND SURGICAL HOSPITAL,TX,SAN ANTONIO,Acute Care Hospitals,Physician,,1,0,477.0,0.0,0.0,0.8173,0,Hip/knee replacement,0.8173,165,0.081
670049,NORTH CENTRAL SURGICAL CENTER LLP,TX,DALLAS,Acute Care Hospitals,Voluntary non-profit - Other,,1,0,636.0,0.0,0.0,0.8489,0,Hip/knee replacement,0.8489,165,0.083
450883,BAYLOR MEDICAL CENTER AT TROPHY CLUB,TX,TROPHY CLUB,Acute Care Hospitals,Proprietary,,1,0,0.0,0.0,0.0,0.8593,0,Hip/knee replacement,0.8593,165,0.085
670005,MEMORIAL HERMANN SURGICAL HOSPITAL KINGWOOD,TX,KINGWOOD,Acute Care Hospitals,Proprietary,,1,0,0.0,0.0,0.0,0.868,0,Hip/knee replacement,0.868,165,0.087
450462,TEXAS HEALTH PRESBYTERIAN HOSPITAL DALLAS,TX,DALLAS,Acute Care Hospitals,Voluntary non-profit - Private,4.0,6,0,1700.0,0.0,0.0,0.8813,0,Pneumonia,0.9822,165,0.088
450102,CHRISTUS MOTHER FRANCES HOSPITAL,TX,TYLER,Acute Care Hospitals,Voluntary non-profit - Private,4.0,6,1,3039.0,0.0,0.0,0.9125,1,Hip/knee replacement,1.0151,165,0.108
670025,BAYLOR SCOTT & WHITE THE HEART HOSPITAL PLANO,TX,PLANO,Acute Care Hospitals,Physician,4.0,4,0,1478.0,0.0,0.0,0.9213,0,Heart failure,0.9595,165,0.118
670067,BAYLOR SCOTT AND WHITE ORTHOPEDIC AND SPINE HOSPI,TX,ARLINGTON,Acute Care Hospitals,Proprietary,,1,0,1072.0,0.0,0.0,0.9216,0,Hip/knee replacement,0.9216,165,0.118
450834,"PHYSICIANS CENTRE,THE",TX,BRYAN,Acute Care Hospitals,Proprietary,,1,0,369.0,0.0,0.0,0.9264,0,Hip/knee replacement,0.9264,165,0.127
450193,Baylor St Lukes Medical Center,TX,HOUSTON,Acute Care Hospitals,Voluntary non-profit - Church,4.0,5,0,1018.0,0.0,0.0,0.9372,0,COPD,0.9709,165,0.149
450132,MEDICAL CENTER HOSPITAL,TX,ODESSA,Acute Care Hospitals,Government - Hospital District or Authority,3.0,5,0,924.0,0.0,0.0,0.9401,0,Pneumonia,0.9688,165,0.156
450419,TEXAS HEALTH HARRIS METHODIST HOSPITAL AZLE,TX,AZLE,Acute Care Hospitals,Voluntary non-profit - Private,4.0,3,0,0.0,0.0,0.0,0.9403,0,COPD,0.9774,165,0.157
450597,CUERO REGIONAL HOSPITAL,TX,CUERO,Acute Care Hospitals,Government - Hospital District or Authority,4.0,2,0,0.0,0.0,0.0,0.9424,0,Heart failure,0.9623,165,0.162
450369,CHILDRESS REGIONAL MEDICAL CENTER,TX,CHILDRESS,Acute Care Hospitals,Government - Hospital District or Authority,,3,0,0.0,0.0,0.0,0.9427,0,COPD,0.9847,165,0.163
450465,MATAGORDA REGIONAL MEDICAL CENTER,TX,BAY CITY,Acute Care Hospitals,Government - Hospital District or Authority,5.0,3,0,186.0,0.0,0.0,0.9485,0,Heart failure,0.9643,165,0.184
450827,KELL WEST REGIONAL HOSPITAL,TX,,,,,1,0,0.0,0.0,0.0,0.9501,0,Pneumonia,0.9501,165,0.191
450661,ODESSA REGIONAL MEDICAL CENTER,TX,ODESSA,Acute Care Hospitals,Proprietary,3.0,4,0,163.0,0.0,0.0,0.9522,0,COPD,0.9781,165,0.197
450755,COVENANT HOSPITAL LEVELLAND,TX,LEVELLAND,Acute Care Hospitals,Voluntary non-profit - Private,,1,0,0.0,0.0,0.0,0.9522,0,Pneumonia,0.9522,165,0.197
450358,HOUSTON METHODIST HOSPITAL,TX,HOUSTON,Acute Care Hospitals,Voluntary non-profit - Private,5.0,6,0,3405.0,0.0,0.0,0.9544,0,Bypass surgery (CABG),0.9895,165,0.204
450889,TEXAS INSTITUTE FOR SURGERY AT PRESBYTERIAN HOSPIT,TX,DALLAS,Acute Care Hospitals,Physician,,1,0,0.0,0.0,0.0,0.9556,0,Hip/knee replacement,0.9556,165,0.209
450236,CHRISTUS MOTHER FRANCES HOSPITAL SULPHUR SPRINGS,TX,SULPHUR SPRINGS,Acute Care Hospitals,Voluntary non-profit - Private,4.0,4,0,441.0,0.0,0.0,0.9565,0,COPD,0.9847,165,0.211
670068,TEXAS HEALTH PRESBYTERIAN HOSPITAL FLOWER MOUND,TX,FLOWER MOUND,Acute Care Hospitals,Proprietary,5.0,3,0,453.0,0.0,0.0,0.9635,0,Pneumonia,0.9703,165,0.245
450860,SUGAR LAND SURGICAL HOSPITAL LLP,TX,SUGAR LAND,Acute Care Hospitals,Physician,,1,0,0.0,0.0,0.0,0.9659,0,Hip/knee replacement,0.9659,165,0.26
670124,THE HOSPITALS OF PROVIDENCE HORIZON CITY CAMPUS,TX,HORIZON CITY,Acute Care Hospitals,Proprietary,,1,0,0.0,0.0,0.0,0.9681,0,Pneumonia,0.9681,165,0.273
450537,METHODIST RICHARDSON MEDICAL CENTER,TX,RICHARDSON,Acute Care Hospitals,Voluntary non-profit - Private,4.0,5,0,867.0,0.0,0.0,0.9686,0,COPD,0.9888,165,0.276
670078,BAPTIST NEIGHBORHOOD HOSPITAL THOUSAND OAKS,TX,SAN ANTONIO,Acute Care Hospitals,Proprietary,5.0,2,0,0.0,0.0,0.0,0.9689,0,Pneumonia,0.9835,165,0.277
450475,UT HEALTH EAST TEXAS HENDERSON HOSPITAL,TX,HENDERSON,Acute Care Hospitals,Proprietary,5.0,2,0,0.0,0.0,0.0,0.9698,0,Pneumonia,0.9767,165,0.282
450148,TEXAS HEALTH HARRIS METHODIST HOSPITAL CLEBURNE,TX,CLEBURNE,Acute Care Hospitals,Voluntary non-profit - Private,5.0,3,1,284.0,0.0,0.0,0.9731,1,COPD,1.0328,165,0.303
450460,TYLER COUNTY HOSPITAL,TX,WOODVILLE,Acute Care Hospitals,Government - Hospital District or Authority,,1,0,0.0,0.0,0.0,0.9739,0,Pneumonia,0.9739,165,0.31
670085,TEXAS HEALTH HARRIS METHODIST HOSPITAL ALLIANCE,TX,FORT WORTH,Acute Care Hospitals,Voluntary non-profit - Private,5.0,4,1,418.0,0.0,0.0,0.9749,1,Heart attack,1.0132,165,0.317
450690,UNIVERSITY OF TEXAS HEALTH SCIENCE CENTER AT TYLER,TX,TYLER,Acute Care Hospitals,Government - State,4.0,3,0,0.0,0.0,0.0,0.9754,0,COPD,0.9925,165,0.322
450090,NORTH TEXAS MEDICAL CENTER,TX,GAINESVILLE,Acute Care Hospitals,Voluntary non-profit - Private,4.0,4,0,159.0,0.0,0.0,0.9765,0,COPD,0.9907,165,0.332
450411,EASTLAND MEMORIAL HOSPITAL,TX,,,,,1,0,0.0,0.0,0.0,0.9771,0,Pneumonia,0.9771,165,0.336
450039,JPS HEALTH NETWORK,TX,FORT WORTH,Acute Care Hospitals,Government - Hospital District or Authority,4.0,3,0,305.0,0.0,0.0,0.9775,0,Pneumonia,0.9948,165,0.338
450108,CONNALLY MEMORIAL MEDICAL CENTER,TX,FLORESVILLE,Acute Care Hospitals,Government - Hospital District or Authority,3.0,2,0,0.0,0.0,0.0,0.9783,0,Pneumonia,0.9794,165,0.346
670071,TEXAS HEALTH HEART & VASCULAR HOSPITAL ARLINGTON,TX,ARLINGTON,Acute Care Hospitals,Physician,4.0,3,0,91.0,0.0,0.0,0.979,0,Heart attack,0.9852,165,0.352
450565,PALO PINTO GENERAL HOSPITAL,TX,MINERAL WELLS,Acute Care Hospitals,Government - Hospital District or Authority,3.0,3,0,0.0,0.0,0.0,0.9798,0,Heart failure,0.9902,165,0.36
450399,BROWNFIELD REGIONAL MEDICAL CENTER,TX,BROWNFIELD,Acute Care Hospitals,Government - Hospital District or Authority,,1,0,0.0,0.0,0.0,0.9805,0,Pneumonia,0.9805,165,0.365
450124,DELL SETON  MED CENTER AT THE UNIVERSITY OF TX,TX,AUSTIN,Acute Care Hospitals,Voluntary non-profit - Private,4.0,1,0,0.0,0.0,0.0,0.981,0,Pneumonia,0.981,165,0.37
450035,ST JOSEPH MEDICAL CENTER,TX,HOUSTON,Acute Care Hospitals,Physician,3.0,1,0,0.0,0.0,0.0,0.9817,0,Heart failure,0.9817,165,0.376
450235,MEMORIAL HOSPITAL,TX,GONZALES,Acute Care Hospitals,Government - Hospital District or Authority,,1,0,0.0,0.0,0.0,0.9818,0,Pneumonia,0.9818,165,0.377
670108,BAYLOR SCOTT & WHITE MEDICAL CENTER - MARBLE FALLS,TX,MARBLE FALLS,Acute Care Hospitals,Voluntary non-profit - Private,4.0,4,1,393.0,0.0,0.0,0.9818,1,Hip/knee replacement,1.0812,165,0.377
670309,TEXAS HEALTH HOSPITAL MANSFIELD,TX,MANSFIELD,Acute Care Hospitals,Voluntary non-profit - Private,5.0,2,1,0.0,0.0,0.0,0.9819,1,Pneumonia,1.008,165,0.379
450865,ASCENSION SETON  SOUTHWEST,TX,AUSTIN,Acute Care Hospitals,Voluntary non-profit - Private,,1,0,0.0,0.0,0.0,0.9834,0,Pneumonia,0.9834,165,0.391
450209,NORTHWEST TEXAS HOSPITAL,TX,AMARILLO,Acute Care Hospitals,Voluntary non-profit - Private,3.0,5,1,810.0,0.0,0.0,0.9838,1,Bypass surgery (CABG),1.0908,165,0.395
450144,PERMIAN REGIONAL MEDICAL CENTER ANDREWS COUNTY HO,TX,ANDREWS,Acute Care Hospitals,Government - Hospital District or Authority,,1,0,0.0,0.0,0.0,0.9843,0,Pneumonia,0.9843,165,0.4
450658,FREESTONE MEDICAL CENTER,TX,FAIRFIELD,Acute Care Hospitals,Government - Hospital District or Authority,,1,0,0.0,0.0,0.0,0.9856,0,Pneumonia,0.9856,165,0.416
450539,COVENANT HOSPITAL PLAINVIEW,TX,PLAINVIEW,Acute Care Hospitals,Voluntary non-profit - Private,4.0,2,1,0.0,0.0,0.0,0.9859,1,Heart failure,1.0222,165,0.419
670300,METHODIST MIDLOTHIAN MEDICAL CENTER,TX,MIDLOTHIAN,Acute Care Hospitals,Voluntary non-profit - Private,4.0,3,0,0.0,0.0,0.0,0.9862,0,COPD,0.9917,165,0.422
450292,TEXAS HEALTH PRESBYTERIAN HOSPITAL KAUFMAN,TX,KAUFMAN,Acute Care Hospitals,Voluntary non-profit - Private,,2,0,0.0,0.0,0.0,0.988,0,Pneumonia,0.9993,165,0.437
450155,HEREFORD REGIONAL MEDICAL CENTER,TX,HEREFORD,Acute Care Hospitals,Government - Hospital District or Authority,,1,0,0.0,0.0,0.0,0.9888,0,Pneumonia,0.9888,165,0.441
670062,BAYLOR SCOTT & WHITE EMERGENCY HOSPITAL,TX,AUBREY,Acute Care Hospitals,Proprietary,,1,0,0.0,0.0,0.0,0.9893,0,Pneumonia,0.9893,165,0.445
450880,BAYLOR SCOTT AND WHITE SURGICAL HOSPITAL FORTWORTH,TX,FORT WORTH,Acute Care Hospitals,Physician,,1,0,0.0,0.0,0.0,0.9898,0,Hip/knee replacement,0.9898,165,0.449
450840,TEXAS HEALTH PRESBYTERIAN HOSPITAL ALLEN,TX,ALLEN,Acute Care Hospitals,Voluntary non-profit - Private,4.0,5,1,415.0,0.0,0.0,0.9939,1,Hip/knee replacement,1.0158,165,0.489
450573,CHRISTUS JASPER MEMORIAL HOSPITAL,TX,JASPER,Acute Care Hospitals,Voluntary non-profit - Private,4.0,3,1,0.0,0.0,0.0,0.9947,1,Heart failure,1.0073,165,0.497
450584,WILBARGER GENERAL HOSPITAL,TX,VERNON,Acute Care Hospitals,Government - Hospital District or Authority,,1,0,0.0,0.0,0.0,0.9951,0,Pneumonia,0.9951,165,0.503
450055,ROLLING PLAINS MEMORIAL HOSPITAL,TX,SWEETWATER,Acute Care Hospitals,Government - Hospital District or Authority,,3,1,72.0,0.0,0.0,1.0035,1,Heart failure,1.0176,165,0.565
670134,ALTUS LUMBERTON HOSPITAL,TX,LUMBERTON,Acute Care Hospitals,Proprietary,,1,1,0.0,0.0,0.0,1.0048,1,COPD,1.0048,165,0.577
450241,FAITH COMMUNITY HOSPITAL,TX,JACKSBORO,Acute Care Hospitals,Government - Hospital District or Authority,,1,1,0.0,0.0,0.0,1.0049,1,Pneumonia,1.0049,165,0.579
670136,BAYLOR SCOTT & WHITE MEDICAL CENTER- AUSTIN,TX,AUSTIN,Acute Care Hospitals,Voluntary non-profit - Private,,1,1,0.0,0.0,0.0,1.0056,1,Pneumonia,1.0056,165,0.585
450210,UT HEALTH EAST TEXAS CARTHAGE HOSPITAL,TX,CARTHAGE,Acute Care Hospitals,Proprietary,5.0,2,2,0.0,0.0,0.0,1.0082,1,Pneumonia,1.0121,165,0.607
450451,GLEN ROSE MEDICAL CENTER,TX,GLEN ROSE,Acute Care Hospitals,Government - Hospital District or Authority,,1,1,0.0,0.0,0.0,1.0089,1,Pneumonia,1.0089,165,0.614
450422,BAYLOR SCOTT AND WHITE MEDICAL CENTER UPTOWN,TX,DALLAS,Acute Care Hospitals,Proprietary,,1,1,0.0,0.0,0.0,1.009,1,Hip/knee replacement,1.009,165,0.616
450194,UT HEALTH EAST TEXAS JACKSONVILLE HOSPITAL,TX,JACKSONVILLE,Acute Care Hospitals,Proprietary,,2,2,0.0,0.0,0.0,1.0101,1,Pneumonia,1.0169,165,0.623
450774,TOPS SURGICAL SPECIALTY HOSPITAL,TX,HOUSTON,Acute Care Hospitals,Physician,,1,1,0.0,0.0,0.0,1.0101,1,Hip/knee replacement,1.0101,165,0.623
670128,BAYLOR SCOTT & WHITE MEDICAL CENTER PFLUGERVILLE,TX,PFLUGERVILLE,Acute Care Hospitals,Voluntary non-profit - Private,4.0,2,1,0.0,0.0,0.0,1.0141,1,Pneumonia,1.0306,165,0.657
450641,NOCONA GENERAL HOSPITAL,TX,NOCONA,Acute Care Hospitals,Government - Hospital District or Authority,1.0,2,1,0.0,0.0,0.0,1.0157,1,Heart failure,1.0323,165,0.671
450833,ENNIS REGIONAL MEDICAL CENTER,TX,ENNIS,Acute Care Hospitals,Proprietary,,1,1,0.0,0.0,0.0,1.0316,1,Pneumonia,1.0316,165,0.784
670073,METHODIST HOSPITAL FOR SURGERY,TX,ADDISON,Acute Care Hospitals,Proprietary,4.0,1,1,0.0,0.0,0.0,1.0493,1,Hip/knee replacement,1.0493,165,0.873
450587,HENDRICK MEDICAL CENTER BROWNWOOD,TX,BROWNWOOD,Acute Care Hospitals,Voluntary non-profit - Private,1.0,5,1,308.0,0.0,0.0,1.0534,1,Hip/knee replacement,1.4337,165,0.89
670054,FOUNDATION SURGICAL HOSPITAL OF SAN ANTONIO,TX,SAN ANTONIO,Acute Care Hospitals,Proprietary,,1,1,0.0,0.0,0.0,1.0579,1,Hip/knee replacement,1.0579,165,0.907
450853,BAYLOR SCOTT & WHITE MEDICAL CENTER - FRISCO,TX,FRISCO,Acute Care Hospitals,Proprietary,3.0,1,1,0.0,0.0,0.0,1.0748,1,Hip/knee replacement,1.0748,165,0.946
670006,THE HOSPITAL AT WESTLAKE MEDICAL CENTER,TX,AUSTIN,Acute Care Hospitals,Physician,,1,1,0.0,0.0,0.0,1.1124,1,Hip/knee replacement,1.1124,165,0.982
450888,TEXAS HEALTH HARRIS METHODIST HOSPITAL SOUTHLAKE,TX,SOUTHLAKE,Acute Care Hospitals,Proprietary,,1,1,0.0,0.0,0.0,1.175,1,Hip/knee replacement,1.175,165,0.996
670076,BAYLOR SCOTT AND WHITE SURGICAL HOSPITAL AT SHERMA,TX,SHERMAN,Acute Care Hospitals,Physician,3.0,1,1,0.0,0.0,0.0,1.1813,1,Hip/knee replacement,1.1813,165,0.996
450874,BAYLOR SURGICAL HOSPITAL AT LAS COLINAS,TX,IRVING,Acute Care Hospitals,Proprietary,,1,1,0.0,0.0,0.0,1.2893,1,Hip/knee replacement,1.2893,165,0.999
460011,CASTLEVIEW HOSPITAL,UT,PRICE,Acute Care Hospitals,Proprietary,2.0,4,2,182.0,1.8,26898.0,1.0573,1,Hip/knee replacement,1.2706,1,0.903
460009,UNIVERSITY OF UTAH HOSPITAL AND CLINICS,UT,SALT LAKE CITY,Acute Care Hospitals,Government - State,5.0,6,2,1007.0,1.5,23171.0,0.9347,1,Heart attack,1.0653,2,0.142
460047,ST MARK'S HOSPITAL,UT,SALT LAKE CITY,Acute Care Hospitals,Proprietary,4.0,5,1,893.0,1.1,16954.0,0.9721,1,Bypass surgery (CABG),1.1268,3,0.295
460042,LAKEVIEW HOSPITAL,UT,BOUNTIFUL,Acute Care Hospitals,Voluntary non-profit - Other,5.0,3,1,68.0,0.6,9492.0,0.9851,1,Heart failure,1.0602,4,0.41
460021,ST. GEORGE REGIONAL HOSPITAL,UT,ST GEORGE,Acute Care Hospitals,Voluntary non-profit - Private,5.0,6,1,1912.0,0.5,7505.0,0.8946,1,Hip/knee replacement,1.0497,5,0.094
460060,LONE PEAK HOSPITAL,UT,DRAPER,Acute Care Hospitals,Proprietary,5.0,2,1,45.0,0.4,6543.0,1.0059,1,Heart failure,1.0559,6,0.59
460023,AMERICAN FORK HOSPITAL,UT,AMERICAN FORK,Acute Care Hospitals,Voluntary non-profit - Private,4.0,2,1,121.0,0.1,1905.0,0.9838,1,Pneumonia,1.0082,7,0.395
460039,BEAR RIVER VALLEY HOSPITAL,UT,TREMONTON,Acute Care Hospitals,Voluntary non-profit - Private,,0,0,0.0,0.0,0.0,,0,,,8,0.0
460043,OREM COMMUNITY HOSPITAL,UT,OREM,Acute Care Hospitals,Voluntary non-profit - Private,,0,0,0.0,0.0,0.0,,0,,,8,0.0
460054,CACHE VALLEY HOSPITAL,UT,NORTH LOGAN,Acute Care Hospitals,Proprietary,,0,0,0.0,0.0,0.0,,0,,,8,0.0
460010,INTERMOUNTAIN MEDICAL CENTER,UT,MURRAY,Acute Care Hospitals,Voluntary non-profit - Private,5.0,5,0,1503.0,0.0,0.0,0.8535,0,Bypass surgery (CABG),0.9783,8,0.084
460004,INTERMOUNTAIN HEALTH MCKAY-DEE HOSPITAL,UT,OGDEN,Acute Care Hospitals,Voluntary non-profit - Private,5.0,6,0,819.0,0.0,0.0,0.8873,0,COPD,0.9705,8,0.09
460001,INTERMOUNTAIN HEALTH UTAH VALLEY HOSPITAL,UT,PROVO,Acute Care Hospitals,Voluntary non-profit - Private,5.0,5,1,1081.0,0.0,0.0,0.9134,1,Hip/knee replacement,1.0364,8,0.108
460061,INTERMOUNTAIN HEALTH LAYTON HOSPITAL,UT,LAYTON,Acute Care Hospitals,Voluntary non-profit - Private,5.0,2,0,0.0,0.0,0.0,0.9366,0,Pneumonia,0.9381,8,0.147
460007,INTERMOUNTAIN HEALTH CEDAR CITY HOSPITAL,UT,CEDAR CITY,Acute Care Hospitals,Voluntary non-profit - Private,3.0,2,0,0.0,0.0,0.0,0.9389,0,Heart failure,0.9487,8,0.153
460006,LDS HOSPITAL,UT,SALT LAKE CITY,Acute Care Hospitals,Voluntary non-profit - Private,5.0,4,0,120.0,0.0,0.0,0.9398,0,Heart failure,0.9999,8,0.155
460041,HOLY CROSS HOSPITAL-DAVIS,UT,LAYTON,Acute Care Hospitals,Voluntary non-profit - Private,5.0,4,1,272.0,0.0,0.0,0.9415,1,Heart attack,1.03,8,0.16
460062,INTERMOUNTAIN HEALTH SPANISH FORK HOSPITAL,UT,SPANISH FORK,Acute Care Hospitals,Voluntary non-profit - Private,,1,0,0.0,0.0,0.0,0.9443,0,Pneumonia,0.9443,8,0.169
460044,INTERMOUNTAIN HEALTH ALTA VIEW HOSPITAL,UT,SANDY,Acute Care Hospitals,Voluntary non-profit - Private,5.0,2,0,0.0,0.0,0.0,0.9468,0,Heart failure,0.9605,8,0.176
460058,INTERMOUNTAIN HEALTH RIVERTON HOSPITAL,UT,RIVERTON,Acute Care Hospitals,Voluntary non-profit - Private,5.0,3,0,0.0,0.0,0.0,0.9566,0,Hip/knee replacement,0.9872,8,0.211
460030,ASHLEY REGIONAL MEDICAL CENTER,UT,VERNAL,Acute Care Hospitals,Proprietary,4.0,2,0,0.0,0.0,0.0,0.9609,0,Heart failure,0.9831,8,0.232
460015,INTERMOUNTAIN HEALTH LOGAN REGIONAL HOSPITAL,UT,LOGAN,Acute Care Hospitals,Voluntary non-profit - Private,5.0,4,1,157.0,0.0,0.0,0.9611,1,Hip/knee replacement,1.0813,8,0.233
460057,PARK CITY HOSPITAL,UT,PARK CITY,Acute Care Hospitals,Proprietary,5.0,3,0,0.0,0.0,0.0,0.9644,0,Heart failure,0.9954,8,0.252
460026,INTERMOUNTAIN HEALTH SEVIER VALLEY HOSPITAL,UT,RICHFIELD,Acute Care Hospitals,Voluntary non-profit - Private,4.0,2,0,0.0,0.0,0.0,0.9688,0,Pneumonia,0.9748,8,0.276
460017,BRIGHAM CITY COMMUNITY HOSPITAL,UT,BRIGHAM CITY,Acute Care Hospitals,Proprietary,,1,0,0.0,0.0,0.0,0.9693,0,Pneumonia,0.9693,8,0.279
460019,UINTAH BASIN MEDICAL CENTER,UT,ROOSEVELT,Acute Care Hospitals,Voluntary non-profit - Other,2.0,3,1,0.0,0.0,0.0,0.9705,1,COPD,1.0026,8,0.286
460051,HOLY CROSS HOSPITAL-JORDAN VALLEY,UT,WEST JORDAN,Acute Care Hospitals,Voluntary non-profit - Private,4.0,5,0,292.0,0.0,0.0,0.9731,0,COPD,0.9944,8,0.303
460052,TIMPANOGOS REGIONAL HOSPITAL,UT,OREM,Acute Care Hospitals,Proprietary,4.0,4,1,0.0,0.0,0.0,0.9831,1,Hip/knee replacement,1.0396,8,0.388
460014,MOUNTAIN WEST MEDICAL CENTER,UT,TOOELE,Acute Care Hospitals,Proprietary,4.0,3,1,0.0,0.0,0.0,0.9958,1,Hip/knee replacement,1.0371,8,0.506
460013,MOUNTAIN VIEW HOSPITAL,UT,PAYSON,Acute Care Hospitals,Proprietary,5.0,3,1,0.0,0.0,0.0,1.0099,1,Hip/knee replacement,1.0876,8,0.621
460005,OGDEN REGIONAL MEDICAL CENTER,UT,OGDEN,Acute Care Hospitals,Proprietary,3.0,5,2,261.0,0.0,0.0,1.0111,1,Hip/knee replacement,1.086,8,0.629
460003,HOLY CROSS HOSPITAL - SALT LAKE,UT,SALT LAKE CITY,Acute Care Hospitals,Proprietary,3.0,2,2,0.0,0.0,0.0,1.073,1,Hip/knee replacement,1.1446,8,0.944
490022,MARY WASHINGTON HOSPITAL,VA,FREDERICKSBURG,Acute Care Hospitals,Voluntary non-profit - Private,3.0,6,5,3066.0,76.1,1156713.0,1.0682,1,Pneumonia,1.238,1,0.932
490048,LEWISGALE MEDICAL CENTER,VA,SALEM,Acute Care Hospitals,Proprietary,2.0,6,6,1689.0,21.5,326171.0,1.0814,1,Heart failure,1.1404,2,0.956
490067,BON SECOURS SOUTHSIDE MEDICAL CENTER,VA,PETERSBURG,Acute Care Hospitals,Proprietary,2.0,4,2,1442.0,21.1,320763.0,1.0507,1,Pneumonia,1.1279,3,0.878
490113,SENTARA NORTHERN VIRGINIA MEDICAL CENTER,VA,WOODBRIDGE,Acute Care Hospitals,Voluntary non-profit - Private,3.0,4,4,1180.0,14.6,222216.0,1.0557,1,Heart failure,1.0877,4,0.897
490046,SENTARA LEIGH HOSPITAL,VA,NORFOLK,Acute Care Hospitals,Voluntary non-profit - Other,3.0,5,4,2036.0,13.3,202758.0,1.0951,1,Hip/knee replacement,1.2938,5,0.972
490005,WINCHESTER MEDICAL CENTER,VA,WINCHESTER,Acute Care Hospitals,Voluntary non-profit - Private,4.0,6,4,3369.0,12.4,188017.0,1.0181,1,Pneumonia,1.0739,6,0.692
490141,SPOTSYLVANIA REGIONAL MEDICAL CENTER,VA,FREDERICKSBURG,Acute Care Hospitals,Proprietary,3.0,5,2,748.0,11.4,173019.0,1.0352,1,Heart failure,1.1463,7,0.804
490118,HENRICO DOCTORS' HOSPITAL,VA,RICHMOND,Acute Care Hospitals,Voluntary non-profit - Other,4.0,6,6,1997.0,11.3,172194.0,1.0702,1,Hip/knee replacement,1.2189,8,0.937
490119,SENTARA PRINCESS ANNE HOSPITAL,VA,VIRGINIA BEACH,Acute Care Hospitals,Voluntary non-profit - Other,5.0,5,3,1614.0,10.8,164110.0,1.024,1,COPD,1.0863,9,0.735
490057,SENTARA VIRGINIA BEACH GENERAL HOSPITAL,VA,VIRGINIA BEACH,Acute Care Hospitals,Voluntary non-profit - Other,4.0,6,3,2268.0,10.4,157794.0,1.0101,1,Hip/knee replacement,1.1618,10,0.623
490063,INOVA FAIRFAX HOSPITAL,VA,FALLS CHURCH,Acute Care Hospitals,Voluntary non-profit - Private,5.0,6,2,3891.0,9.2,139445.0,0.9557,1,Pneumonia,1.0514,11,0.21
490112,CJW MEDICAL CENTER,VA,RICHMOND,Acute Care Hospitals,Proprietary,4.0,6,3,3650.0,8.7,132256.0,0.9765,1,Heart attack,1.0522,12,0.332
490075,SOVAH HEALTH DANVILLE,VA,DANVILLE,Acute Care Hospitals,Proprietary,2.0,5,3,1265.0,8.3,125268.0,0.9944,1,Heart failure,1.1005,13,0.494
490017,BON SECOURS MARYVIEW MEDICAL CENTER,VA,PORTSMOUTH,Acute Care Hospitals,Voluntary non-profit - Private,3.0,5,4,793.0,7.0,106899.0,1.0398,1,Heart failure,1.0762,14,0.832
490093,SENTARA CAREPLEX HOSPITAL,VA,HAMPTON,Acute Care Hospitals,Voluntary non-profit - Private,4.0,4,2,997.0,7.0,105610.0,1.0145,1,Heart failure,1.0767,15,0.659
490101,INOVA FAIR OAKS HOSPITAL,VA,FAIRFAX,Acute Care Hospitals,Voluntary non-profit - Other,5.0,4,2,837.0,5.6,85372.0,0.9942,1,Pneumonia,1.0912,16,0.491
490069,BON SECOURS MEMORIAL REGIONAL MEDICAL CENTER,VA,MECHANICSVILLE,Acute Care Hospitals,Voluntary non-profit - Church,4.0,6,2,2124.0,5.4,82294.0,0.9672,1,Heart failure,1.0321,17,0.269
490122,INOVA MOUNT VERNON HOSPITAL,VA,ALEXANDRIA,Acute Care Hospitals,Voluntary non-profit - Private,4.0,4,2,844.0,4.6,69526.0,0.9928,1,Pneumonia,1.1056,18,0.476
490110,LEWISGALE HOSPITAL MONTGOMERY,VA,BLACKSBURG,Acute Care Hospitals,Proprietary,3.0,5,4,691.0,4.2,63317.0,1.0514,1,Hip/knee replacement,1.2387,19,0.882
490044,SENTARA OBICI HOSPITAL,VA,SUFFOLK,Acute Care Hospitals,Voluntary non-profit - Other,4.0,5,2,1461.0,3.8,58058.0,0.9846,1,Hip/knee replacement,1.04,20,0.405
490032,MEDICAL COLLEGE OF VIRGINIA HOSPITALS,VA,RICHMOND,Acute Care Hospitals,Government - Hospital District or Authority,4.0,6,2,1211.0,3.8,57028.0,0.9677,1,Bypass surgery (CABG),1.0572,21,0.271
490140,"STAFFORD HOSPITAL, LLC",VA,STAFFORD,Acute Care Hospitals,Voluntary non-profit - Private,4.0,4,3,465.0,3.7,56759.0,1.0356,1,Pneumonia,1.0997,22,0.806
490004,SENTARA RMH MEDICAL CENTER,VA,HARRISONBURG,Acute Care Hospitals,Voluntary non-profit - Private,5.0,6,1,1999.0,3.7,55929.0,0.9469,1,Heart failure,1.0191,23,0.176
490107,RESTON HOSPITAL CENTER,VA,RESTON,Acute Care Hospitals,Voluntary non-profit - Private,3.0,5,4,1014.0,3.2,48917.0,1.0156,1,Heart attack,1.0393,24,0.67
490019,UVA HEALTH CULPEPER MEDICAL CENTER,VA,CULPEPER,Acute Care Hospitals,Voluntary non-profit - Private,2.0,3,2,637.0,3.0,46449.0,1.0264,1,Pneumonia,1.0662,25,0.751
490041,MARY IMMACULATE HOSPITAL,VA,NEWPORT NEWS,Acute Care Hospitals,Voluntary non-profit - Private,4.0,5,3,436.0,3.0,46141.0,1.0388,1,Hip/knee replacement,1.1825,26,0.825
490045,UVA HEALTH PRINCE WILLIAM MEDICAL CENTER,VA,MANASSAS,Acute Care Hospitals,Voluntary non-profit - Private,3.0,4,2,837.0,3.0,45155.0,1.0113,1,Pneumonia,1.0874,27,0.631
490144,UVA HEALTH HAYMARKET MEDICAL CENTER,VA,HAYMARKET,Acute Care Hospitals,Voluntary non-profit - Private,4.0,4,1,445.0,2.8,41813.0,0.9757,1,Pneumonia,1.0806,28,0.324
490023,FAUQUIER HOSPITAL,VA,WARRENTON,Acute Care Hospitals,Proprietary,3.0,5,2,452.0,2.7,41266.0,1.0044,1,Heart failure,1.0867,29,0.572
490092,BON SECOURS SOUTHAMPTON MEMORIAL HOSPITAL,VA,FRANKLIN,Acute Care Hospitals,Voluntary non-profit - Private,3.0,2,2,200.0,2.0,30495.0,1.0663,1,Pneumonia,1.0919,30,0.927
490020,JOHN RANDOLPH MEDICAL CENTER,VA,HOPEWELL,Acute Care Hospitals,Proprietary,3.0,4,2,457.0,1.7,26207.0,1.0034,1,Heart failure,1.0391,31,0.564
490066,SENTARA WILLIAMSBURG REGIONAL MEDICAL CENTER,VA,WILLIAMSBURG,Acute Care Hospitals,Voluntary non-profit - Private,5.0,5,4,1087.0,1.7,26129.0,1.0072,1,Hip/knee replacement,1.117,32,0.601
490052,RIVERSIDE REGIONAL MEDICAL CENTER,VA,NEWPORT NEWS,Acute Care Hospitals,Voluntary non-profit - Private,3.0,5,1,1887.0,1.7,25668.0,0.9703,1,COPD,1.047,33,0.285
490115,TWIN COUNTY REGIONAL HOSPITAL,VA,GALAX,Acute Care Hospitals,Proprietary,2.0,3,2,261.0,1.7,25510.0,1.0153,1,Heart failure,1.0363,34,0.666
490114,LONESOME PINE HOSPITAL,VA,BIG STONE GAP,Acute Care Hospitals,Voluntary non-profit - Private,4.0,3,2,256.0,1.6,23988.0,0.989,1,Pneumonia,1.0454,35,0.443
490050,VIRGINIA HOSPITAL CENTER,VA,ARLINGTON,Acute Care Hospitals,Voluntary non-profit - Private,4.0,6,3,1231.0,1.3,20186.0,1.0233,1,Bypass surgery (CABG),1.1233,36,0.729
490084,VCU HEALTH TAPPAHANNOCK HOSPITAL,VA,TAPPAHANNOCK,Acute Care Hospitals,Voluntary non-profit - Private,4.0,3,1,298.0,1.3,19217.0,1.0009,1,Heart failure,1.046,37,0.544
490009,UNIVERSITY OF VIRGINIA MEDICAL CENTER,VA,CHARLOTTESVILLE,Acute Care Hospitals,Government - State,4.0,6,3,1916.0,1.3,18965.0,0.9689,1,Hip/knee replacement,1.0707,38,0.277
490002,RUSSELL COUNTY HOSPITAL,VA,LEBANON,Acute Care Hospitals,Voluntary non-profit - Private,4.0,3,3,160.0,1.2,18794.0,1.0503,1,COPD,1.0766,39,0.877
490053,JOHNSTON MEMORIAL HOSPITAL,VA,ABINGDON,Acute Care Hospitals,Voluntary non-profit - Private,3.0,4,1,680.0,1.1,17191.0,0.9911,1,Heart attack,1.0685,40,0.458
490033,WARREN MEMORIAL HOSPITAL,VA,FRONT ROYAL,Acute Care Hospitals,Voluntary non-profit - Private,2.0,4,2,359.0,1.1,16383.0,0.9944,1,Heart failure,1.031,41,0.494
490120,CHESAPEAKE GENERAL HOSPITAL,VA,CHESAPEAKE,Acute Care Hospitals,Government - Hospital District or Authority,3.0,5,1,1941.0,0.9,13438.0,0.9825,1,COPD,1.0167,42,0.382
490136,BON SECOURS ST FRANCIS MEDICAL CENTER,VA,MIDLOTHIAN,Acute Care Hospitals,Voluntary non-profit - Church,3.0,5,2,1129.0,0.8,11507.0,1.0478,1,Hip/knee replacement,1.2915,43,0.866
490060,CLINCH VALLEY MEDICAL CENTER,VA,RICHLANDS,Acute Care Hospitals,Proprietary,3.0,4,2,358.0,0.5,7918.0,0.9943,1,COPD,1.0166,44,0.493
490021,CENTRA HEALTH -  LYNCHBURG GEN HOSPITAL,VA,LYNCHBURG,Acute Care Hospitals,Voluntary non-profit - Private,3.0,6,2,2817.0,0.4,5693.0,0.9479,1,Hip/knee replacement,1.0277,45,0.182
490037,RIVERSIDE SHORE MEMORIAL HOSPITAL,VA,ONANCOCK,Acute Care Hospitals,Voluntary non-profit - Private,3.0,3,2,292.0,0.4,5471.0,0.9973,1,Pneumonia,1.0152,46,0.518
490007,SENTARA NORFOLK GENERAL HOSPITAL,VA,NORFOLK,Acute Care Hospitals,Voluntary non-profit - Other,4.0,5,1,2258.0,0.3,4196.0,0.9846,1,COPD,1.0158,47,0.405
490042,CARILION NEW RIVER VALLEY MEDICAL CENTER,VA,CHRISTIANSBURG,Acute Care Hospitals,Voluntary non-profit - Private,4.0,4,1,941.0,0.3,4194.0,0.985,1,Pneumonia,1.0055,48,0.409
490088,CENTRA BEDFORD MEMORIAL HOSPITAL,VA,BEDFORD,Acute Care Hospitals,Voluntary non-profit - Private,5.0,3,1,275.0,0.3,4165.0,0.9924,1,Pneumonia,1.0138,49,0.472
490145,STONESPRINGS HOSPITAL CENTER,VA,DULLES,Acute Care Hospitals,Proprietary,4.0,3,2,147.0,0.2,3118.0,1.0271,1,Hip/knee replacement,1.0786,50,0.756
490013,SENTARA HALIFAX REGIONAL HOSPITAL,VA,SOUTH BOSTON,Acute Care Hospitals,Voluntary non-profit - Private,3.0,3,1,620.0,0.2,2965.0,0.9646,1,COPD,1.0072,51,0.252
490098,COMMUNITY MEMORIAL HOSPITAL,VA,SOUTH HILL,Acute Care Hospitals,Government - Hospital District or Authority,4.0,3,1,388.0,0.1,1194.0,0.9818,1,Heart failure,1.002,52,0.377
490116,LEWISGALE HOSPITAL PULASKI,VA,PULASKI,Acute Care Hospitals,Proprietary,4.0,3,2,192.0,0.0,417.0,1.0069,1,COPD,1.0321,53,0.598
490077,SENTARA MARTHA JEFFERSON HOSPITAL,VA,CHARLOTTESVILLE,Acute Care Hospitals,Voluntary non-profit - Private,4.0,5,1,1315.0,0.0,179.0,0.9348,1,COPD,1.0008,54,0.143
490094,BON SECOURS RICHMOND COMMUNITY HOSPITAL,VA,RICHMOND,Acute Care Hospitals,Voluntary non-profit - Private,,0,0,0.0,0.0,0.0,,0,,,55,0.0
490104,HIRAM W DAVIS MEDICAL CENTER,VA,PETERSBURG,Acute Care Hospitals,Government - State,,0,0,0.0,0.0,0.0,,0,,,55,0.0
490018,AUGUSTA HEALTH,VA,FISHERSVILLE,Acute Care Hospitals,Voluntary non-profit - Private,4.0,5,0,1429.0,0.0,0.0,0.8226,0,Heart failure,0.9339,55,0.082
490043,INOVA LOUDOUN HOSPITAL,VA,LEESBURG,Acute Care Hospitals,Voluntary non-profit - Private,5.0,5,0,2162.0,0.0,0.0,0.9286,0,Hip/knee replacement,0.9845,55,0.13
490040,INOVA ALEXANDRIA HOSPITAL,VA,ALEXANDRIA,Acute Care Hospitals,Voluntary non-profit - Private,5.0,5,0,1369.0,0.0,0.0,0.9292,0,Pneumonia,0.966,55,0.131
490130,RIVERSIDE WALTER REED HOSPITAL,VA,GLOUCESTER,Acute Care Hospitals,Voluntary non-profit - Private,4.0,5,0,378.0,0.0,0.0,0.9311,0,COPD,0.9779,55,0.135
490089,CARILION FRANKLIN MEMORIAL HOSPITAL,VA,ROCKY MOUNT,Acute Care Hospitals,Voluntary non-profit - Private,4.0,3,0,334.0,0.0,0.0,0.9359,0,Pneumonia,0.9712,55,0.145
490059,BON SECOURS ST MARYS HOSPITAL,VA,RICHMOND,Acute Care Hospitals,Voluntary non-profit - Private,5.0,6,0,1956.0,0.0,0.0,0.9392,0,Heart failure,0.994,55,0.153
490024,CARILION MEDICAL CENTER,VA,ROANOKE,Acute Care Hospitals,Voluntary non-profit - Private,3.0,6,1,2712.0,0.0,0.0,0.9422,1,Hip/knee replacement,1.0418,55,0.161
490090,"SOUTHSIDE COMMUNITY HOSPITAL, INC",VA,FARMVILLE,Acute Care Hospitals,Voluntary non-profit - Private,4.0,3,0,493.0,0.0,0.0,0.9449,0,Pneumonia,0.9731,55,0.171
490126,LEWISGALE HOSPITAL ALLEGHANY,VA,LOW MOOR,Acute Care Hospitals,Proprietary,4.0,3,0,243.0,0.0,0.0,0.9554,0,COPD,0.9904,55,0.208
490111,WYTHE COUNTY COMMUNITY HOSPITAL,VA,WYTHEVILLE,Acute Care Hospitals,Proprietary,3.0,3,0,227.0,0.0,0.0,0.9578,0,Pneumonia,0.9611,55,0.218
490127,BUCHANAN GENERAL HOSPITAL,VA,GRUNDY,Acute Care Hospitals,Voluntary non-profit - Private,4.0,2,0,0.0,0.0,0.0,0.9666,0,Pneumonia,0.9727,55,0.264
490038,SMYTH COUNTY COMMUNITY HOSPITAL,VA,MARION,Acute Care Hospitals,Voluntary non-profit - Private,3.0,3,0,112.0,0.0,0.0,0.982,0,COPD,0.9924,55,0.379
490143,RIVERSIDE DOCTORS' HOSPITAL OF WILLIAMSBURG,VA,WILLIAMSBURG,Acute Care Hospitals,Voluntary non-profit - Private,5.0,4,1,345.0,0.0,0.0,0.9856,1,COPD,1.03,55,0.416
490097,BON SECOURS SOUTHERN VIRGINIA MEDICAL CENTER,VA,EMPORIA,Acute Care Hospitals,Proprietary,4.0,2,1,0.0,0.0,0.0,0.9915,1,Heart failure,1.0141,55,0.463
490117,CARILION TAZEWELL COMMUNITY HOSPITAL,VA,TAZEWELL,Acute Care Hospitals,Voluntary non-profit - Other,,2,1,0.0,0.0,0.0,1.0025,1,Pneumonia,1.0231,55,0.558
470001,CENTRAL VERMONT MEDICAL CENTER,VT,BARRE,Acute Care Hospitals,Voluntary non-profit - Private,3.0,5,4,624.0,9.1,138894.0,1.0395,1,Heart failure,1.1293,1,0.83
470005,RUTLAND REGIONAL MEDICAL CENTER,VT,RUTLAND,Acute Care Hospitals,Voluntary non-profit - Private,3.0,4,2,701.0,1.5,23177.0,1.0152,1,Hip/knee replacement,1.0951,2,0.665
470012,SOUTHWESTERN VERMONT MEDICAL CENTER,VT,BENNINGTON,Acute Care Hospitals,Voluntary non-profit - Private,3.0,4,1,608.0,0.8,11572.0,0.9854,1,COPD,1.026,3,0.414
470024,NORTHWESTERN MEDICAL CENTER INC,VT,SAINT ALBANS,Acute Care Hospitals,Voluntary non-profit - Other,4.0,4,1,433.0,0.0,48.0,0.9723,1,COPD,1.0002,4,0.296
470011,BRATTLEBORO MEMORIAL HOSPITAL,VT,BRATTLEBORO,Acute Care Hospitals,Voluntary non-profit - Private,3.0,4,0,261.0,0.0,0.0,0.9448,0,COPD,0.9975,5,0.17
470003,UNIV. OF VERMONT - FLETCHER ALLEN HEALTH CARE,VT,BURLINGTON,Acute Care Hospitals,Voluntary non-profit - Other,4.0,6,1,2263.0,0.0,0.0,0.9681,1,Hip/knee replacement,1.1012,5,0.273
500024,PROVIDENCE ST PETER HOSPITAL,WA,OLYMPIA,Acute Care Hospitals,Voluntary non-profit - Private,3.0,6,4,1499.0,6.4,97334.0,1.0211,1,Heart attack,1.0871,1,0.713
500139,CAPITAL MEDICAL CENTER,WA,OLYMPIA,Acute Care Hospitals,Voluntary non-profit - Private,3.0,5,3,462.0,6.3,95261.0,1.0542,1,Heart failure,1.1532,2,0.892
500051,OVERLAKE HOSPITAL MEDICAL CENTER & CLINICS,WA,BELLEVUE,Acute Care Hospitals,Voluntary non-profit - Other,2.0,6,2,922.0,6.0,90988.0,1.0137,1,Pneumonia,1.1451,3,0.654
500129,TACOMA GENERAL ALLENMORE HOSPITAL,WA,TACOMA,Acute Care Hospitals,Voluntary non-profit - Private,2.0,6,3,1653.0,4.6,69394.0,1.0274,1,Bypass surgery (CABG),1.1526,4,0.76
500079,MULTICARE GOOD SAMARITAN HOSPITAL,WA,PUYALLUP,Acute Care Hospitals,Voluntary non-profit - Private,2.0,5,1,2171.0,4.5,68204.0,0.9942,1,COPD,1.1106,5,0.491
500150,LEGACY SALMON CREEK MEDICAL CENTER,WA,VANCOUVER,Acute Care Hospitals,Voluntary non-profit - Private,4.0,5,3,750.0,3.5,53568.0,1.0249,1,Hip/knee replacement,1.1393,6,0.742
500050,PEACEHEALTH SOUTHWEST MEDICAL CENTE,WA,VANCOUVER,Acute Care Hospitals,Voluntary non-profit - Private,3.0,6,3,1325.0,3.3,49542.0,0.9327,1,Pneumonia,1.0389,7,0.138
500003,SKAGIT VALLEY HOSPITAL,WA,MOUNT VERNON,Acute Care Hospitals,Government - Hospital District or Authority,3.0,5,4,828.0,1.7,25273.0,1.0036,1,Heart attack,1.0321,8,0.565
500053,TRIOS HEALTH,WA,KENNEWICK,Acute Care Hospitals,Government - Hospital District or Authority,2.0,5,2,662.0,1.6,24556.0,0.9924,1,Heart attack,1.0873,9,0.472
500019,PROVIDENCE CENTRALIA HOSPITAL,WA,CENTRALIA,Acute Care Hospitals,Voluntary non-profit - Other,3.0,5,1,399.0,1.1,17435.0,0.9724,1,Heart failure,1.0255,10,0.297
500005,VIRGINIA MASON MEDICAL CENTER,WA,SEATTLE,Acute Care Hospitals,Voluntary non-profit - Private,5.0,6,1,1050.0,1.1,16566.0,0.9447,1,Pneumonia,1.0356,11,0.17
500026,SWEDISH EDMONDS HOSPITAL,WA,EDMONDS,Acute Care Hospitals,Voluntary non-profit - Private,3.0,4,2,676.0,1.0,15674.0,1.0093,1,COPD,1.0416,12,0.619
500008,UNIVERSITY OF WASHINGTON MEDICAL CTR,WA,SEATTLE,Acute Care Hospitals,Government - State,4.0,6,4,1762.0,1.0,15298.0,1.0007,1,Hip/knee replacement,1.0838,13,0.541
500044,DEACONESS MEDICAL CENTER,WA,SPOKANE,Acute Care Hospitals,Voluntary non-profit - Private,3.0,6,2,901.0,0.9,14460.0,0.9332,1,Heart attack,1.0323,14,0.139
500072,OLYMPIC MEDICAL CENTER,WA,PORT ANGELES,Acute Care Hospitals,Government - Local,3.0,3,2,627.0,0.9,13480.0,0.9916,1,COPD,1.0181,15,0.464
500015,MULTICARE AUBURN MEDICAL CENTER,WA,AUBURN,Acute Care Hospitals,Voluntary non-profit - Private,2.0,5,2,373.0,0.8,11845.0,0.9978,1,COPD,1.0458,16,0.522
500108,ST JOSEPH MEDICAL CENTER,WA,TACOMA,Acute Care Hospitals,Voluntary non-profit - Church,3.0,5,1,1026.0,0.7,10589.0,0.9755,1,COPD,1.058,17,0.323
500039,ST MICHAEL MEDICAL CENTER,WA,SILVERDALE,Acute Care Hospitals,Voluntary non-profit - Private,4.0,6,1,2151.0,0.6,9507.0,0.909,1,COPD,1.0374,18,0.104
500011,HIGHLINE MEDICAL CENTER,WA,BURIEN,Acute Care Hospitals,Voluntary non-profit - Private,4.0,4,1,431.0,0.4,6120.0,0.9857,1,COPD,1.0372,19,0.417
500031,GRAYS HARBOR COMMUNITY HOSPITAL,WA,ABERDEEN,Acute Care Hospitals,Voluntary non-profit - Private,3.0,5,3,520.0,0.4,6059.0,0.9473,1,Pneumonia,1.0076,20,0.18
500036,YAKIMA VALLEY MEMORIAL,WA,YAKIMA,Acute Care Hospitals,Voluntary non-profit - Private,1.0,5,1,1509.0,0.4,5772.0,0.9714,1,COPD,1.0148,21,0.29
500088,VALLEY MEDICAL CENTER,WA,RENTON,Acute Care Hospitals,Government - Hospital District or Authority,2.0,4,1,1141.0,0.3,4408.0,0.996,1,COPD,1.014,22,0.508
500033,SAMARITAN HOSPITAL,WA,MOSES LAKE,Acute Care Hospitals,Proprietary,2.0,3,1,95.0,0.1,2095.0,0.9529,1,Heart failure,1.008,23,0.199
500151,ST ANTHONY HOSPITAL,WA,GIG HARBOR,Acute Care Hospitals,Voluntary non-profit - Church,5.0,4,1,817.0,0.1,1283.0,0.9177,1,COPD,1.0051,24,0.112
500124,EVERGREENHEALTH MEDICAL CENTER,WA,KIRKLAND,Acute Care Hospitals,Government - Hospital District or Authority,5.0,5,1,1379.0,0.0,429.0,0.9309,1,COPD,1.0017,25,0.134
500052,KAISER PERMANENTE CENTRAL HOSPITAL,WA,SEATTLE,Acute Care Hospitals,Voluntary non-profit - Other,,0,0,0.0,0.0,0.0,,0,,,26,0.0
500002,PROVIDENCE ST MARY MEDICAL CENTER,WA,WALLA WALLA,Acute Care Hospitals,Voluntary non-profit - Private,3.0,5,0,813.0,0.0,0.0,0.8957,0,COPD,0.9626,26,0.094
500054,PROV SACRED HRT MED CTR & CHILDS HOSP.,WA,SPOKANE,Acute Care Hospitals,Voluntary non-profit - Church,3.0,6,0,1458.0,0.0,0.0,0.8964,0,Pneumonia,0.9589,26,0.096
500058,KADLEC REGIONAL MEDICAL CENTER,WA,RICHLAND,Acute Care Hospitals,Voluntary non-profit - Private,4.0,6,0,2166.0,0.0,0.0,0.8984,0,Pneumonia,0.9703,26,0.096
500119,MULTICARE VALLEY HOSPITAL,WA,SPOKANE VALLEY,Acute Care Hospitals,Voluntary non-profit - Private,5.0,4,0,468.0,0.0,0.0,0.915,0,Pneumonia,0.99,26,0.11
500014,PROVIDENCE REGIONAL MEDICAL CENTER EVERETT,WA,EVERETT,Acute Care Hospitals,Voluntary non-profit - Church,4.0,6,0,1463.0,0.0,0.0,0.9192,0,COPD,0.9904,26,0.115
500030,PEACEHEALTH ST JOSEPH MEDICAL CENTER,WA,BELLINGHAM,Acute Care Hospitals,Voluntary non-profit - Other,4.0,6,0,1865.0,0.0,0.0,0.9287,0,Bypass surgery (CABG),0.9993,26,0.131
500025,SWEDISH MEDICAL CENTER / CHERRY HILL,WA,SEATTLE,Acute Care Hospitals,Voluntary non-profit - Church,4.0,4,1,663.0,0.0,0.0,0.9321,1,Pneumonia,1.0232,26,0.137
500077,PROVIDENCE HOLY FAMILY HOSPITAL,WA,SPOKANE,Acute Care Hospitals,Voluntary non-profit - Private,3.0,3,0,524.0,0.0,0.0,0.9365,0,COPD,0.9511,26,0.147
500027,SWEDISH MEDICAL CENTER,WA,SEATTLE,Acute Care Hospitals,Voluntary non-profit - Private,4.0,4,0,573.0,0.0,0.0,0.9368,0,COPD,0.9938,26,0.148
500021,ST CLARE HOSPITAL,WA,LAKEWOOD,Acute Care Hospitals,Voluntary non-profit - Church,4.0,4,0,286.0,0.0,0.0,0.9427,0,COPD,0.9754,26,0.163
500016,CONFLUENCE HEALTH HOSPITAL,WA,WENATCHEE,Acute Care Hospitals,Voluntary non-profit - Private,3.0,6,1,1272.0,0.0,0.0,0.9492,1,Hip/knee replacement,1.0363,26,0.187
500041,PEACEHEALTH ST JOHN MEDICAL CENTER,WA,LONGVIEW,Acute Care Hospitals,Voluntary non-profit - Church,4.0,5,0,460.0,0.0,0.0,0.9494,0,Heart attack,0.9727,26,0.188
500152,SWEDISH ISSAQUAH,WA,ISSAQUAH,Acute Care Hospitals,Voluntary non-profit - Private,4.0,4,1,446.0,0.0,0.0,0.9503,1,COPD,1.0089,26,0.191
500060,CASCADE VALLEY HOSPITAL,WA,ARLINGTON,Acute Care Hospitals,Government - Hospital District or Authority,4.0,2,0,0.0,0.0,0.0,0.96,0,Heart failure,0.989,26,0.228
500084,EVERGREENHEALTH MONROE,WA,MONROE,Acute Care Hospitals,Government - Hospital District or Authority,3.0,2,0,0.0,0.0,0.0,0.9726,0,Heart failure,0.9744,26,0.3
500064,HARBORVIEW MEDICAL CENTER,WA,SEATTLE,Acute Care Hospitals,Government - Local,2.0,4,2,86.0,0.0,0.0,0.9801,1,Heart attack,1.0084,26,0.362
500154,MULTICARE COVINGTON MEDICAL CENTER,WA,COVINGTON,Acute Care Hospitals,Voluntary non-profit - Private,3.0,3,0,237.0,0.0,0.0,0.9827,0,Pneumonia,0.9921,26,0.384
500007,ISLAND HOSPITAL,WA,ANACORTES,Acute Care Hospitals,Government - Hospital District or Authority,4.0,3,1,105.0,0.0,0.0,0.9846,1,Hip/knee replacement,1.0494,26,0.405
500141,ST FRANCIS COMMUNITY HOSPITAL,WA,FEDERAL WAY,Acute Care Hospitals,Voluntary non-profit - Church,4.0,4,1,425.0,0.0,0.0,0.9974,1,Heart attack,1.0314,26,0.518
500037,ASTRIA TOPPENISH HOSPITAL,WA,TOPPENISH,Acute Care Hospitals,Voluntary non-profit - Private,,1,1,0.0,0.0,0.0,1.0011,1,Pneumonia,1.0011,26,0.545
520138,AURORA ST LUKES MEDICAL CENTER,WI,MILWAUKEE,Acute Care Hospitals,Voluntary non-profit - Private,4.0,6,2,2945.0,12.1,183698.0,0.9978,1,Pneumonia,1.1373,1,0.522
520177,FROEDTERT MEMORIAL LUTHERAN HOSPITAL,WI,MILWAUKEE,Acute Care Hospitals,Voluntary non-profit - Private,3.0,5,4,1423.0,9.9,150304.0,1.0708,1,Bypass surgery (CABG),1.1628,2,0.938
520098,UNIVERSITY OF WI  HOSPITALS & CLINICS AUTHORITY,WI,MADISON,Acute Care Hospitals,Government - Hospital District or Authority,5.0,6,1,2138.0,9.6,145553.0,0.9791,1,Heart failure,1.0741,3,0.353
520037,MARSHFIELD MEDICAL CENTER,WI,MARSHFIELD,Acute Care Hospitals,Voluntary non-profit - Church,1.0,6,4,756.0,9.3,141396.0,1.0231,1,Pneumonia,1.1737,4,0.728
520103,COMMUNITY MEMORIAL HOSPITAL,WI,MENOMONEE FALLS,Acute Care Hospitals,Voluntary non-profit - Private,4.0,5,3,732.0,8.9,135383.0,1.0499,1,Hip/knee replacement,1.1555,5,0.876
520113,AURORA MEDICAL CENTER BAY AREA,WI,MARINETTE,Acute Care Hospitals,Voluntary non-profit - Private,4.0,3,2,485.0,6.5,98277.0,1.0557,1,Heart failure,1.1404,6,0.897
520089,UNITYPOINT HEALTH - MERITER,WI,MADISON,Acute Care Hospitals,Voluntary non-profit - Private,5.0,4,2,1202.0,4.6,70010.0,0.9912,1,Pneumonia,1.0463,7,0.46
520207,AURORA MEDICAL CENTER,WI,GRAFTON,Acute Care Hospitals,Voluntary non-profit - Private,5.0,6,4,956.0,4.1,62497.0,1.0314,1,Hip/knee replacement,1.095,8,0.783
520035,AURORA MEDICAL CENTER SHEBOYGAN COUNTY,WI,SHEBOYGAN,Acute Care Hospitals,Voluntary non-profit - Private,5.0,3,2,483.0,3.4,51960.0,1.0216,1,Heart failure,1.0577,9,0.718
520021,FROEDTERT SOUTH INC.,WI,KENOSHA,Acute Care Hospitals,Government - Local,2.0,5,4,616.0,3.3,50840.0,1.0205,1,Heart failure,1.0523,10,0.709
520062,OCONOMOWOC MEMORIAL HOSPITAL,WI,OCONOMOWOC,Acute Care Hospitals,Voluntary non-profit - Private,5.0,5,2,342.0,3.2,49276.0,0.9531,1,Heart failure,1.0696,11,0.2
520066,MERCY HEALTH SYSTEM CORP,WI,JANESVILLE,Acute Care Hospitals,Voluntary non-profit - Private,3.0,6,4,577.0,3.0,45790.0,1.0185,1,Heart attack,1.0848,12,0.694
520205,MIDWEST ORTHOPEDIC SPECIALTY HOSPITAL,WI,FRANKLIN,Acute Care Hospitals,Physician,,1,1,245.0,3.0,45369.0,1.2628,1,Hip/knee replacement,1.2628,13,0.999
520096,ASCENSION ALL SAINTS HOSPITAL,WI,RACINE,Acute Care Hospitals,Voluntary non-profit - Church,2.0,5,3,500.0,2.5,37810.0,1.0289,1,Heart attack,1.0889,14,0.77
520011,MARSHFIELD MEDICAL CENTER - RICE LAKE,WI,RICE LAKE,Acute Care Hospitals,Voluntary non-profit - Private,2.0,2,2,223.0,2.4,37096.0,1.0641,1,Heart failure,1.0823,15,0.923
520100,BELOIT HEALTH SYSTEM,WI,BELOIT,Acute Care Hospitals,Voluntary non-profit - Private,3.0,4,2,454.0,1.9,28583.0,0.9982,1,Pneumonia,1.0511,16,0.527
520139,WEST ALLIS MEMORIAL HOSPITAL,WI,WEST ALLIS,Acute Care Hospitals,Voluntary non-profit - Private,4.0,4,2,567.0,1.6,24957.0,1.0353,1,Hip/knee replacement,1.15,17,0.804
520202,MARSHFIELD MEDICAL CENTER - WESTON,WI,WESTON,Acute Care Hospitals,Voluntary non-profit - Private,3.0,4,2,506.0,1.6,24606.0,1.0111,1,Pneumonia,1.036,18,0.629
520008,WAUKESHA MEMORIAL HOSPITAL,WI,WAUKESHA,Acute Care Hospitals,Voluntary non-profit - Private,4.0,5,2,1381.0,1.4,21046.0,0.9629,1,Heart attack,1.0298,19,0.243
520136,ASCENSION SE WISCONSIN HOSPITAL,WI,MILWAUKEE,Acute Care Hospitals,Voluntary non-profit - Church,5.0,5,2,564.0,0.9,14525.0,0.9919,1,Heart attack,1.0904,20,0.466
520206,AURORA MEDICAL CENTER - SUMMIT,WI,SUMMIT,Acute Care Hospitals,Voluntary non-profit - Private,5.0,4,3,482.0,0.9,13566.0,0.9994,1,COPD,1.0276,21,0.533
520051,ASCENSION COLUMBIA ST MARYS HOSPITAL MILWAUKEE,WI,MILWAUKEE,Acute Care Hospitals,Voluntary non-profit - Church,3.0,5,2,666.0,0.6,9819.0,0.9769,1,Bypass surgery (CABG),1.0747,22,0.335
520107,HOLY FAMILY MEMORIAL,WI,MANITOWOC,Acute Care Hospitals,Voluntary non-profit - Other,3.0,2,1,197.0,0.5,7038.0,1.0129,1,Pneumonia,1.0384,23,0.646
520009,ASCENSION NE WISCONSIN - ST ELIZABETH CAMPUS,WI,APPLETON,Acute Care Hospitals,Voluntary non-profit - Private,4.0,6,1,361.0,0.4,6553.0,0.9348,1,Heart attack,1.054,24,0.143
520070,MAYO CLINIC HEALTH SYSTEM EAU CLAIRE HOSPITAL,WI,EAU CLAIRE,Acute Care Hospitals,Voluntary non-profit - Private,5.0,6,2,1336.0,0.3,5198.0,0.975,1,Hip/knee replacement,1.1372,25,0.319
520028,THE MONROE CLINIC,WI,MONROE,Acute Care Hospitals,Voluntary non-profit - Private,5.0,4,1,280.0,0.3,5125.0,0.9804,1,Heart failure,1.0121,26,0.364
520088,SSM HEALTH ST AGNES HOSPITAL-FOND DU LAC,WI,FOND DU LAC,Acute Care Hospitals,Voluntary non-profit - Private,4.0,5,3,382.0,0.3,5078.0,0.9827,1,Bypass surgery (CABG),1.0541,27,0.384
520078,ASCENSION ST FRANCIS HOSPITAL,WI,MILWAUKEE,Acute Care Hospitals,Voluntary non-profit - Private,3.0,3,1,44.0,0.3,4632.0,0.9722,1,Pneumonia,1.0373,28,0.296
520083,SSM HEALTH ST MARY'S HOSPITAL - MADISON,WI,MADISON,Acute Care Hospitals,Voluntary non-profit - Private,4.0,6,1,1730.0,0.2,2937.0,0.9589,1,Pneumonia,1.0033,29,0.224
520208,SSM HEALTH ST MARY'S HOSPITAL - JANESVILLE,WI,JANESVILLE,Acute Care Hospitals,Voluntary non-profit - Other,4.0,3,1,219.0,0.2,2876.0,0.9912,1,Heart failure,1.0099,30,0.46
520049,BELLIN MEMORIAL HOSPITAL,WI,GREEN BAY,Acute Care Hospitals,Voluntary non-profit - Private,4.0,5,1,380.0,0.2,2669.0,0.9357,1,COPD,1.015,31,0.144
520198,AURORA MEDICAL CTR OSHKOSH,WI,OSHKOSH,Acute Care Hospitals,Voluntary non-profit - Private,4.0,4,1,227.0,0.0,180.0,0.9716,1,Pneumonia,1.0008,32,0.291
520214,ASCENSION WISCONSIN HOSP MENOMONEE FALLS CAMPUS,WI,MENOMONEE FALLS,Acute Care Hospitals,Proprietary,,0,0,0.0,0.0,0.0,,0,,,33,0.0
520215,MARSHFIELD MEDICAL CENTER - RIVER REGION,WI,,,,,0,0,0.0,0.0,0.0,,0,,,33,0.0
520194,ORTHOPAEDIC HOSPITAL OF WISCONSIN,WI,GLENDALE,Acute Care Hospitals,Physician,,1,0,673.0,0.0,0.0,0.7566,0,Hip/knee replacement,0.7566,33,0.078
520160,THEDACARE REGIONAL MEDICAL CENTER - APPLETON INC,WI,APPLETON,Acute Care Hospitals,Voluntary non-profit - Private,4.0,6,0,357.0,0.0,0.0,0.8984,0,COPD,0.9856,33,0.096
520095,SAUK PRAIRIE HOSPITAL,WI,PRAIRIE DU SAC,Acute Care Hospitals,Voluntary non-profit - Private,5.0,3,0,0.0,0.0,0.0,0.9014,0,Heart failure,0.9937,33,0.099
520004,MAYO CLINIC HEALTH SYSTEM-FRANCISCAN MEDICAL CENTER INC,WI,LA CROSSE,Acute Care Hospitals,Voluntary non-profit - Private,5.0,4,0,607.0,0.0,0.0,0.9078,0,COPD,0.9917,33,0.104
520213,FROEDTERT COMMUNITY HOSPITAL,WI,NEW BERLIN,Acute Care Hospitals,Voluntary non-profit - Private,,1,0,0.0,0.0,0.0,0.9172,0,Pneumonia,0.9172,33,0.111
520030,ASPIRUS WAUSAU HOSPITAL,WI,WAUSAU,Acute Care Hospitals,Proprietary,4.0,6,0,1111.0,0.0,0.0,0.9225,0,COPD,0.9985,33,0.12
520075,ST VINCENT HOSPITAL,WI,GREEN BAY,Acute Care Hospitals,Voluntary non-profit - Church,4.0,5,0,261.0,0.0,0.0,0.9244,0,COPD,0.99,33,0.123
520087,GUNDERSEN LUTHERAN MEDICAL CENTER,WI,LA CROSSE,Acute Care Hospitals,Voluntary non-profit - Private,4.0,5,0,862.0,0.0,0.0,0.933,0,COPD,0.9694,33,0.139
520097,ST MARYS HOSPITAL MEDICAL CTR,WI,GREEN BAY,Acute Care Hospitals,Voluntary non-profit - Other,3.0,4,0,88.0,0.0,0.0,0.9425,0,COPD,0.9827,33,0.162
520071,FORT MEMORIAL HOSPITAL,WI,FORT ATKINSON,Acute Care Hospitals,Voluntary non-profit - Private,4.0,3,0,0.0,0.0,0.0,0.9448,0,COPD,0.9514,33,0.17
520045,THEDACARE REGIONAL MED CTR - NEENAH,WI,NEENAH,Acute Care Hospitals,Voluntary non-profit - Private,4.0,3,1,0.0,0.0,0.0,0.9497,1,Heart attack,1.0243,33,0.19
520019,ASPIRUS RHINELANDER HOSPITAL,WI,RHINELANDER,Acute Care Hospitals,Voluntary non-profit - Private,3.0,3,0,130.0,0.0,0.0,0.9531,0,Heart failure,0.9983,33,0.2
520212,MARSHFIELD MEDICAL CENTER - MINOCQUA,WI,MINOCQUA,Acute Care Hospitals,Voluntary non-profit - Private,5.0,2,0,105.0,0.0,0.0,0.9531,0,Heart failure,0.9751,33,0.2
520196,OAKLEAF SURGICAL HOSPITAL,WI,ALTOONA,Acute Care Hospitals,Physician,,1,0,0.0,0.0,0.0,0.9551,0,Hip/knee replacement,0.9551,33,0.206
520091,HOWARD YOUNG MEDICAL CENTER,WI,WOODRUFF,Acute Care Hospitals,Voluntary non-profit - Church,4.0,3,0,0.0,0.0,0.0,0.9584,0,Heart failure,0.9695,33,0.221
520210,MARSHFIELD MEDICAL CENTER - EAU CLAIRE,WI,EAU CLAIRE,Acute Care Hospitals,Voluntary non-profit - Private,3.0,4,0,191.0,0.0,0.0,0.9625,0,Heart failure,0.9962,33,0.24
520057,SSM HEALTH ST CLARE HOSPITAL - BARABOO,WI,BARABOO,Acute Care Hospitals,Voluntary non-profit - Private,4.0,2,0,197.0,0.0,0.0,0.9675,0,Pneumonia,0.9793,33,0.27
520109,MILE BLUFF MEDICAL CENTER,WI,MAUSTON,Acute Care Hospitals,Proprietary,4.0,2,0,0.0,0.0,0.0,0.9698,0,Heart failure,0.9779,33,0.282
520102,AURORA LAKELAND MEDICAL CENTER,WI,ELKHORN,Acute Care Hospitals,Voluntary non-profit - Private,5.0,3,1,308.0,0.0,0.0,0.9703,1,COPD,1.015,33,0.285
520033,ASPIRUS RIVERVIEW HOSPITAL & CLINICS INC,WI,WISCONSIN RAPIDS,Acute Care Hospitals,Voluntary non-profit - Private,3.0,3,1,109.0,0.0,0.0,0.9743,1,COPD,1.0553,33,0.312
520038,AURORA MEDICAL CTR WASHINGTON COUNTY,WI,HARTFORD,Acute Care Hospitals,Voluntary non-profit - Private,4.0,3,1,0.0,0.0,0.0,0.9756,1,Pneumonia,1.0029,33,0.324
520189,AURORA MEDICAL CENTER KENOSHA,WI,KENOSHA,Acute Care Hospitals,Voluntary non-profit - Private,4.0,4,0,725.0,0.0,0.0,0.9778,0,COPD,0.9913,33,0.34
520059,AURORA MEMORIAL HOSPITAL BURLINGTON,WI,BURLINGTON,Acute Care Hospitals,Voluntary non-profit - Private,4.0,3,1,282.0,0.0,0.0,0.978,1,COPD,1.0004,33,0.343
520002,"ASPIRUS STEVENS POINT HOSPITAL & CLINICS, INC.",WI,STEVENS POINT,Acute Care Hospitals,Voluntary non-profit - Church,4.0,3,0,202.0,0.0,0.0,0.9842,0,Heart failure,1.0,33,0.399
520034,AURORA MEDICAL CTR MANITOWOC COUNTY,WI,TWO RIVERS,Acute Care Hospitals,Voluntary non-profit - Private,5.0,3,1,102.0,0.0,0.0,0.9852,1,COPD,1.0084,33,0.411
520041,ASPIRUS DIVINE SAVIOR HOSPITAL,WI,PORTAGE,Acute Care Hospitals,Voluntary non-profit - Private,3.0,3,0,84.0,0.0,0.0,0.9898,0,Pneumonia,0.9947,33,0.449
520076,MARSHFIELD MEDICAL CENTER - BEAVER DAM (MMC-BD),WI,BEAVER DAM,Acute Care Hospitals,Voluntary non-profit - Private,2.0,2,1,0.0,0.0,0.0,0.9904,1,Heart failure,1.0152,33,0.453
520044,ST NICHOLAS HOSPITAL,WI,SHEBOYGAN,Acute Care Hospitals,Voluntary non-profit - Private,3.0,2,1,0.0,0.0,0.0,0.993,1,Pneumonia,1.0072,33,0.479
520063,ST JOSEPHS COMMUNITY HOSPITAL WEST BEND,WI,WEST BEND,Acute Care Hospitals,Voluntary non-profit - Private,4.0,4,1,365.0,0.0,0.0,0.997,1,Hip/knee replacement,1.1162,33,0.515
520193,AURORA BAYCARE MEDICAL CTR,WI,GREEN BAY,Acute Care Hospitals,Proprietary,4.0,6,2,414.0,0.0,0.0,1.0158,1,Hip/knee replacement,1.2233,33,0.672
520116,WATERTOWN MEMORIAL HOSPITAL,WI,WATERTOWN,Acute Care Hospitals,Voluntary non-profit - Private,3.0,5,3,215.0,0.0,0.0,1.0411,1,Hip/knee replacement,1.1927,33,0.84
510022,CHARLESTON AREA MEDICAL CENTER,WV,CHARLESTON,Acute Care Hospitals,Voluntary non-profit - Private,2.0,6,3,2693.0,26.8,407682.0,1.0395,1,Bypass surgery (CABG),1.2837,1,0.83
510058,CAMDEN CLARK MEDICAL CENTER,WV,PARKERSBURG,Acute Care Hospitals,Voluntary non-profit - Private,2.0,6,5,1773.0,26.2,398436.0,1.0746,1,Hip/knee replacement,1.2106,2,0.946
510070,RALEIGH GENERAL HOSPITAL,WV,BECKLEY,Acute Care Hospitals,Proprietary,2.0,4,3,856.0,13.2,200207.0,1.0507,1,Heart failure,1.1072,3,0.878
510006,"UNITED HOSPITAL CENTER, INC",WV,BRIDGEPORT,Acute Care Hospitals,Voluntary non-profit - Private,4.0,5,3,1455.0,13.0,198369.0,0.9935,1,Pneumonia,1.098,4,0.485
510050,"WHEELING HOSPITAL, INC",WV,WHEELING,Acute Care Hospitals,Voluntary non-profit - Church,2.0,6,4,1179.0,12.0,182037.0,1.0408,1,Hip/knee replacement,1.1134,5,0.839
510062,BECKLEY ARH HOSPITAL,WV,BECKLEY,Acute Care Hospitals,Voluntary non-profit - Private,3.0,4,3,489.0,5.4,81483.0,1.026,1,Pneumonia,1.0954,6,0.748
510007,ST MARYS MEDICAL CENTER,WV,HUNTINGTON,Acute Care Hospitals,Voluntary non-profit - Church,3.0,6,3,1796.0,5.2,78350.0,0.9965,1,Hip/knee replacement,1.0434,7,0.512
510029,THOMAS MEMORIAL HOSPITAL,WV,SOUTH CHARLESTON,Acute Care Hospitals,Voluntary non-profit - Private,1.0,5,4,619.0,4.9,74957.0,1.0814,1,Hip/knee replacement,1.3033,8,0.956
510001,"WEST VIRGINIA UNIVERSITY HOSPITALS, INC",WV,MORGANTOWN,Acute Care Hospitals,Voluntary non-profit - Private,3.0,6,2,1822.0,4.7,71874.0,0.9406,1,COPD,1.0736,9,0.158
510024,MON HEALTH MEDICAL CENTER,WV,MORGANTOWN,Acute Care Hospitals,Voluntary non-profit - Private,4.0,6,2,748.0,4.7,71698.0,1.0008,1,Heart failure,1.0804,10,0.542
510013,"REYNOLDS MEMORIAL HOSPITAL, INC",WV,GLEN DALE,Acute Care Hospitals,Voluntary non-profit - Private,2.0,3,2,277.0,2.0,30741.0,1.0353,1,Pneumonia,1.0858,11,0.804
510023,"WEIRTON MEDICAL CENTER, INC",WV,WEIRTON,Acute Care Hospitals,Government - Local,1.0,4,3,1003.0,1.7,25759.0,1.0199,1,Heart attack,1.0679,12,0.705
510008,BERKELEY MEDICAL CENTER,WV,MARTINSBURG,Acute Care Hospitals,Voluntary non-profit - Private,3.0,5,2,902.0,1.6,24786.0,0.9613,1,Heart attack,1.0452,13,0.234
510055,"CABELL HUNTINGTON HOSPITAL, INC",WV,HUNTINGTON,Acute Care Hospitals,Voluntary non-profit - Private,3.0,4,1,529.0,0.9,13449.0,0.984,1,Heart failure,1.0276,14,0.398
510012,RIVERS HEALTH,WV,POINT PLEASANT,Acute Care Hospitals,Voluntary non-profit - Private,1.0,3,3,108.0,0.8,12041.0,1.0397,1,Heart failure,1.0706,15,0.831
510046,PRINCETON COMMUNITY HOSPITAL ASSN INC,WV,PRINCETON,Acute Care Hospitals,Government - Local,2.0,5,3,861.0,0.7,10831.0,0.9871,1,Heart attack,1.0197,16,0.428
510038,STONEWALL JACKSON MEMORIAL HOSPITAL COMPANY,WV,WESTON,Acute Care Hospitals,Voluntary non-profit - Private,1.0,4,2,80.0,0.7,10753.0,1.0122,1,Pneumonia,1.0623,17,0.64
510072,WETZEL COUNTY HOSPITAL,WV,NEW MARTINSVILLE,Acute Care Hospitals,Government - Local,3.0,3,1,43.0,0.4,5495.0,0.9959,1,Heart failure,1.0417,18,0.507
510030,DAVIS MEDICAL CENTER,WV,ELKINS,Acute Care Hospitals,Voluntary non-profit - Private,2.0,3,1,277.0,0.2,2949.0,0.9974,1,Pneumonia,1.008,19,0.518
510002,"CAMC GREENBRIER VALLEY MEDICAL CENTER, INC",WV,RONCEVERTE,Acute Care Hospitals,Proprietary,2.0,3,1,439.0,0.1,1636.0,0.9841,1,COPD,1.0096,20,0.398
510086,WELCH COMMUNITY HOSPITAL,WV,WELCH,Acute Care Hospitals,Government - State,,0,0,0.0,0.0,0.0,,0,,,21,0.0
510093,MON HEALTH MARION,WV,WHITEHALL,Acute Care Hospitals,Voluntary non-profit - Private,,0,0,0.0,0.0,0.0,,0,,,21,0.0
510094,WILLIAMSON MEMORIAL INC,WV,WILLIAMSON,Acute Care Hospitals,Voluntary non-profit - Private,,0,0,0.0,0.0,0.0,,0,,,21,0.0
510091,CAMC CHARLESTON SURGICAL HOSPITAL,WV,CHARLESTON,Acute Care Hospitals,Physician,,1,0,0.0,0.0,0.0,0.906,0,Hip/knee replacement,0.906,21,0.102
510048,LOGAN REGIONAL MEDICAL CENTER,WV,LOGAN,Acute Care Hospitals,Proprietary,2.0,3,0,434.0,0.0,0.0,0.9949,0,Pneumonia,0.9965,21,0.5
530014,CHEYENNE REGIONAL MEDICAL CENTER,WY,CHEYENNE,Acute Care Hospitals,Voluntary non-profit - Other,3.0,6,3,1411.0,3.2,48581.0,1.0622,1,Hip/knee replacement,1.2181,1,0.918
530012,BANNER WYOMING MEDICAL CENTER,WY,CASPER,Acute Care Hospitals,Government - Local,2.0,6,2,1446.0,0.0,0.0,0.9584,1,Hip/knee replacement,1.0097,2,0.221
530008,SAGEWEST HEALTH CARE,WY,RIVERTON,Acute Care Hospitals,Proprietary,2.0,4,0,167.0,0.0,0.0,0.9585,0,Heart failure,0.9964,2,0.222
530015,ST JOHNS MEDICAL CENTER,WY,JACKSON,Acute Care Hospitals,Government - Hospital District or Authority,5.0,4,1,0.0,0.0,0.0,0.9606,1,Hip/knee replacement,1.0263,2,0.23
530025,IVINSON MEMORIAL HOSPITAL,WY,LARAMIE,Acute Care Hospitals,Government - Hospital District or Authority,3.0,3,1,0.0,0.0,0.0,0.9652,1,COPD,1.0171,2,0.256
530006,SHERIDAN MEMORIAL HOSPITAL,WY,SHERIDAN,Acute Care Hospitals,Government - Local,3.0,5,1,405.0,0.0,0.0,0.978,1,Hip/knee replacement,1.0705,2,0.343
530002,CAMPBELL COUNTY HEALTH,WY,GILLETTE,Acute Care Hospitals,Government - Hospital District or Authority,3.0,4,1,210.0,0.0,0.0,0.9808,1,Heart attack,1.0354,2,0.368
530034,SUMMIT MEDICAL CENTER,WY,CASPER,Acute Care Hospitals,Physician,,1,1,0.0,0.0,0.0,1.0085,1,Hip/knee replacement,1.0085,2,0.609
